{"type":"FeatureCollection","features":[{"type":"Feature","geometry":{"type":"Point","coordinates":[139.4540666,36.1377719]},"properties":{"id":257072641,"name":"忍城御三階櫓"}},{"type":"Feature","geometry":{"type":"Point","coordinates":[135.1715062,34.2276472]},"properties":{"id":402167963,"name":"和歌山城"}},{"type":"Feature","geometry":{"type":"Point","coordinates":[138.9877408,37.4726442]},"properties":{"id":417049407,"name":"栃尾城跡"}},{"type":"Feature","geometry":{"type":"Point","coordinates":[139.8925234,37.5119637]},"properties":{"id":583529448,"name":"神指城"}},{"type":"Feature","geometry":{"type":"Point","coordinates":[132.7657463,33.845651]},"properties":{"id":611661255,"name":"松山城"}},{"type":"Feature","geometry":{"type":"Point","coordinates":[134.8743304,35.4622326]},"properties":{"id":666069635,"name":"辰鼓楼"}},{"type":"Feature","geometry":{"type":"Point","coordinates":[130.5136221,33.4449826]},"properties":{"id":839501989,"name":"基肄城跡"}},{"type":"Feature","geometry":{"type":"Point","coordinates":[135.1295995,35.2968244]},"properties":{"id":847895509,"name":"福知山城"}},{"type":"Feature","geometry":{"type":"Point","coordinates":[137.6877626,35.0806142]},"properties":{"id":939964439,"name":"設楽城跡"}},{"type":"Feature","geometry":{"type":"Point","coordinates":[137.4153016,34.9692788]},"properties":{"id":994366119,"name":"文殊山城址"}},{"type":"Feature","geometry":{"type":"Point","coordinates":[140.939726,38.3138095]},"properties":{"id":1001085154,"name":"岩切城跡"}},{"type":"Feature","geometry":{"type":"Point","coordinates":[137.4225988,34.9720879]},"properties":{"id":1017602492,"name":"塞之神城址"}},{"type":"Feature","geometry":{"type":"Point","coordinates":[137.5335899,34.8666345]},"properties":{"id":1024539883,"name":"宇利城跡"}},{"type":"Feature","geometry":{"type":"Point","coordinates":[133.8001009,34.2860216]},"properties":{"id":1179835155,"name":"丸亀城"}},{"type":"Feature","geometry":{"type":"Point","coordinates":[127.6713272,26.2084691]},"properties":{"id":1193995659,"name":"御物城"}},{"type":"Feature","geometry":{"type":"Point","coordinates":[132.1741301,34.1757736]},"properties":{"id":1306306158,"name":"岩国城 天守台跡"}},{"type":"Feature","geometry":{"type":"Point","coordinates":[137.04255,35.1450554]},"properties":{"id":1313804250,"name":"岩崎城"}},{"type":"Feature","geometry":{"type":"Point","coordinates":[131.1863802,33.6066484]},"properties":{"id":1423861515,"name":"中津城"}},{"type":"Feature","geometry":{"type":"Point","coordinates":[137.5346604,35.054736]},"properties":{"id":1431537978,"name":"田峯城"}},{"type":"Feature","geometry":{"type":"Point","coordinates":[135.7790224,34.6518829]},"properties":{"id":1497143083,"name":"郡山城跡"}},{"type":"Feature","geometry":{"type":"Point","coordinates":[131.62769,33.4147496]},"properties":{"id":1658831840,"name":"杵築城"}},{"type":"Feature","geometry":{"type":"Point","coordinates":[139.4194898,35.4379692]},"properties":{"id":1668185171,"name":"早川城址"}},{"type":"Feature","geometry":{"type":"Point","coordinates":[130.7665614,32.2111204]},"properties":{"id":1735884331,"name":"人吉城址"}},{"type":"Feature","geometry":{"type":"Point","coordinates":[137.3932174,34.7705943]},"properties":{"id":1868076922,"name":"吉田城跡"}},{"type":"Feature","geometry":{"type":"Point","coordinates":[133.9129793,34.8531471]},"properties":{"id":1907294241,"name":"白石城址"}},{"type":"Feature","geometry":{"type":"Point","coordinates":[134.5302569,35.4478063]},"properties":{"id":1907417799,"name":"城山城跡"}},{"type":"Feature","geometry":{"type":"Point","coordinates":[134.0048125,35.0627653]},"properties":{"id":1909471047,"name":"津山城跡"}},{"type":"Feature","geometry":{"type":"Point","coordinates":[133.8352196,35.076084]},"properties":{"id":1909480287,"name":"岩屋城跡　Former Iwaya Castle"}},{"type":"Feature","geometry":{"type":"Point","coordinates":[132.7278349,34.4040671]},"properties":{"id":1909972053,"name":"鏡山城跡"}},{"type":"Feature","geometry":{"type":"Point","coordinates":[130.5078037,33.3281542]},"properties":{"id":1928819532,"name":"篠山城址"}},{"type":"Feature","geometry":{"type":"Point","coordinates":[131.2489698,32.0033744]},"properties":{"id":1944976357,"name":"綾城"}},{"type":"Feature","geometry":{"type":"Point","coordinates":[141.1502054,39.7001247]},"properties":{"id":1945044787,"name":"盛岡城"}},{"type":"Feature","geometry":{"type":"Point","coordinates":[140.2138267,37.1327408]},"properties":{"id":1945096249,"name":"小峰城"}},{"type":"Feature","geometry":{"type":"Point","coordinates":[139.1959612,36.1092846]},"properties":{"id":1946250346,"name":"鉢形城"}},{"type":"Feature","geometry":{"type":"Point","coordinates":[139.2521542,35.6528939]},"properties":{"id":1947945196,"name":"八王子城"}},{"type":"Feature","geometry":{"type":"Point","coordinates":[138.4174412,36.3271237]},"properties":{"id":1948692341,"name":"小諸城"}},{"type":"Feature","geometry":{"type":"Point","coordinates":[139.3255546,37.9548019]},"properties":{"id":1948762674,"name":"新発田城"}},{"type":"Feature","geometry":{"type":"Point","coordinates":[138.2057715,37.1468193]},"properties":{"id":1948765554,"name":"春日山城"}},{"type":"Feature","geometry":{"type":"Point","coordinates":[137.4512955,35.359713]},"properties":{"id":1948821501,"name":"岩村城"}},{"type":"Feature","geometry":{"type":"Point","coordinates":[138.9924006,35.1564091]},"properties":{"id":1948889842,"name":"山中城"}},{"type":"Feature","geometry":{"type":"Point","coordinates":[133.4870668,35.2823144]},"properties":{"id":1954278684,"name":"江美城跡"}},{"type":"Feature","geometry":{"type":"Point","coordinates":[131.8041323,33.1222011]},"properties":{"id":1973084228,"name":"臼杵城址"}},{"type":"Feature","geometry":{"type":"Point","coordinates":[130.441451,31.367149]},"properties":{"id":2043888314,"name":"小谷大手口"}},{"type":"Feature","geometry":{"type":"Point","coordinates":[133.3244542,35.425009]},"properties":{"id":2050792704,"name":"米子城跡"}},{"type":"Feature","geometry":{"type":"Point","coordinates":[135.9928219,33.7301974]},"properties":{"id":2215791774,"name":"新宮城跡"}},{"type":"Feature","geometry":{"type":"Point","coordinates":[140.3431266,41.8799999]},"properties":{"id":2264091704,"name":"史跡松前氏城跡館城跡"}},{"type":"Feature","geometry":{"type":"Point","coordinates":[139.9436707,37.4810461]},"properties":{"id":2375816536,"name":"小田山城"}},{"type":"Feature","geometry":{"type":"Point","coordinates":[134.050386,34.350028]},"properties":{"id":2381052708,"name":"高松城"}},{"type":"Feature","geometry":{"type":"Point","coordinates":[139.309205,37.3562486]},"properties":{"id":2400976694,"name":"水久保城跡"}},{"type":"Feature","geometry":{"type":"Point","coordinates":[139.5935659,35.5124641]},"properties":{"id":2422538226,"name":"小机城址"}},{"type":"Feature","geometry":{"type":"Point","coordinates":[136.2480202,34.8364657]},"properties":{"id":2422688525,"name":"福地城"}},{"type":"Feature","geometry":{"type":"Point","coordinates":[136.2860287,34.9997589]},"properties":{"id":2422690805,"name":"音羽城"}},{"type":"Feature","geometry":{"type":"Point","coordinates":[140.2898119,36.0207061]},"properties":{"id":2429876582,"name":"木原城"}},{"type":"Feature","geometry":{"type":"Point","coordinates":[140.4723435,35.6657833]},"properties":{"id":2429880400,"name":"坂田城"}},{"type":"Feature","geometry":{"type":"Point","coordinates":[137.0904434,34.834918]},"properties":{"id":2429883397,"name":"東条城"}},{"type":"Feature","geometry":{"type":"Point","coordinates":[137.1504814,35.0798863]},"properties":{"id":2429888483,"name":"挙母城(七州城)"}},{"type":"Feature","geometry":{"type":"Point","coordinates":[137.8673494,35.1499014]},"properties":{"id":2429891504,"name":"高根城"}},{"type":"Feature","geometry":{"type":"Point","coordinates":[135.8290896,34.6761944]},"properties":{"id":2447751663,"name":"元興寺小塔院跡"}},{"type":"Feature","geometry":{"type":"Point","coordinates":[140.2158745,35.7220927]},"properties":{"id":2458769106,"name":"佐倉城"}},{"type":"Feature","geometry":{"type":"Point","coordinates":[136.1393222,35.1558621]},"properties":{"id":2459046734,"name":"安土城跡"}},{"type":"Feature","geometry":{"type":"Point","coordinates":[134.9910964,34.6525687]},"properties":{"id":2459072285,"name":"明石城"}},{"type":"Feature","geometry":{"type":"Point","coordinates":[133.1852653,35.3608474]},"properties":{"id":2459202190,"name":"月山富田城"}},{"type":"Feature","geometry":{"type":"Point","coordinates":[131.7641695,34.4600199]},"properties":{"id":2460030752,"name":"津和野城"}},{"type":"Feature","geometry":{"type":"Point","coordinates":[133.7678973,34.7275739]},"properties":{"id":2460039705,"name":"鬼ノ城"}},{"type":"Feature","geometry":{"type":"Point","coordinates":[132.7867746,33.8480881]},"properties":{"id":2460130038,"name":"湯築城"}},{"type":"Feature","geometry":{"type":"Point","coordinates":[129.8693085,33.5304234]},"properties":{"id":2460168003,"name":"東郷平八郎書石碑"}},{"type":"Feature","geometry":{"type":"Point","coordinates":[131.4078196,32.9692029]},"properties":{"id":2460191723,"name":"岡城"}},{"type":"Feature","geometry":{"type":"Point","coordinates":[139.3217616,36.0358452]},"properties":{"id":2476507556,"name":"菅谷館"}},{"type":"Feature","geometry":{"type":"Point","coordinates":[136.2522363,35.0456731]},"properties":{"id":2482318824,"name":"佐久良城"}},{"type":"Feature","geometry":{"type":"Point","coordinates":[136.2695383,35.2797906]},"properties":{"id":2482336137,"name":"佐和山城"}},{"type":"Feature","geometry":{"type":"Point","coordinates":[137.1947123,35.2927827]},"properties":{"id":2483028492,"name":"妻木城"}},{"type":"Feature","geometry":{"type":"Point","coordinates":[140.2604227,35.7281849]},"properties":{"id":2483149535,"name":"本佐倉城"}},{"type":"Feature","geometry":{"type":"Point","coordinates":[139.9907181,35.2537889]},"properties":{"id":2483150658,"name":"秋元城跡"}},{"type":"Feature","geometry":{"type":"Point","coordinates":[139.8964638,35.2646828]},"properties":{"id":2483152447,"name":"佐貫城"}},{"type":"Feature","geometry":{"type":"Point","coordinates":[137.6704555,34.8369517]},"properties":{"id":2483153444,"name":"井伊谷城"}},{"type":"Feature","geometry":{"type":"Point","coordinates":[137.6908894,34.8528081]},"properties":{"id":2483154194,"name":"三岳城跡"}},{"type":"Feature","geometry":{"type":"Point","coordinates":[137.2628362,35.0458333]},"properties":{"id":2483156274,"name":"松平城"}},{"type":"Feature","geometry":{"type":"Point","coordinates":[137.7473848,34.8476231]},"properties":{"id":2483191966,"name":"大平城"}},{"type":"Feature","geometry":{"type":"Point","coordinates":[137.5594934,34.8211114]},"properties":{"id":2483194036,"name":"千頭峯城跡"}},{"type":"Feature","geometry":{"type":"Point","coordinates":[140.7207058,38.1182653]},"properties":{"id":2483243930,"name":"村田城"}},{"type":"Feature","geometry":{"type":"Point","coordinates":[138.7291438,37.19664]},"properties":{"id":2483331142,"name":"節黒城"}},{"type":"Feature","geometry":{"type":"Point","coordinates":[138.7870925,37.1653591]},"properties":{"id":2483337007,"name":"大井田城"}},{"type":"Feature","geometry":{"type":"Point","coordinates":[138.6138681,37.125089]},"properties":{"id":2483350408,"name":"松代城"}},{"type":"Feature","geometry":{"type":"Point","coordinates":[130.7881432,33.0020729]},"properties":{"id":2483565746,"name":"鞠智城"}},{"type":"Feature","geometry":{"type":"Point","coordinates":[135.4679511,35.107373]},"properties":{"id":2483594171,"name":"園部城"}},{"type":"Feature","geometry":{"type":"Point","coordinates":[138.4253077,35.7355996]},"properties":{"id":2484962810,"name":"新府城跡"}},{"type":"Feature","geometry":{"type":"Point","coordinates":[138.3861214,35.8565817]},"properties":{"id":2484970252,"name":"谷戸城"}},{"type":"Feature","geometry":{"type":"Point","coordinates":[138.2225539,34.9157261]},"properties":{"id":2484986611,"name":"花倉城"}},{"type":"Feature","geometry":{"type":"Point","coordinates":[137.9503121,34.8478409]},"properties":{"id":2486406365,"name":"天方城"}},{"type":"Feature","geometry":{"type":"Point","coordinates":[139.1276563,36.1932701]},"properties":{"id":2486419758,"name":"雉岡城"}},{"type":"Feature","geometry":{"type":"Point","coordinates":[140.1474077,36.6645885]},"properties":{"id":2488100601,"name":"烏山城"}},{"type":"Feature","geometry":{"type":"Point","coordinates":[139.9198447,36.7874934]},"properties":{"id":2488114273,"name":"川崎城"}},{"type":"Feature","geometry":{"type":"Point","coordinates":[140.109679,36.2750532]},"properties":{"id":2488166217,"name":"真壁城"}},{"type":"Feature","geometry":{"type":"Point","coordinates":[140.4050038,36.2653823]},"properties":{"id":2488170296,"name":"小幡城"}},{"type":"Feature","geometry":{"type":"Point","coordinates":[140.5781205,36.48267]},"properties":{"id":2488180149,"name":"石神城"}},{"type":"Feature","geometry":{"type":"Point","coordinates":[139.1591306,36.419585]},"properties":{"id":2491158447,"name":"大胡城"}},{"type":"Feature","geometry":{"type":"Point","coordinates":[138.5111792,35.0843402]},"properties":{"id":2492228454,"name":"小島陣屋"}},{"type":"Feature","geometry":{"type":"Point","coordinates":[135.4282514,34.8271009]},"properties":{"id":2492251901,"name":"池田城"}},{"type":"Feature","geometry":{"type":"Point","coordinates":[140.121377,36.8693665]},"properties":{"id":2493427828,"name":"黒羽城"}},{"type":"Feature","geometry":{"type":"Point","coordinates":[141.135224,39.1797206]},"properties":{"id":2493490831,"name":"胆沢城"}},{"type":"Feature","geometry":{"type":"Point","coordinates":[140.4960145,37.4421372]},"properties":{"id":2493496615,"name":"三春城"}},{"type":"Feature","geometry":{"type":"Point","coordinates":[141.3034652,40.2673982]},"properties":{"id":2494978395,"name":"九戸城"}},{"type":"Feature","geometry":{"type":"Point","coordinates":[141.1730243,39.5651699]},"properties":{"id":2494981196,"name":"高水寺城"}},{"type":"Feature","geometry":{"type":"Point","coordinates":[134.9028804,34.3377114]},"properties":{"id":2496090967,"name":"洲本城"}},{"type":"Feature","geometry":{"type":"Point","coordinates":[139.5512098,35.664522]},"properties":{"id":2496099487,"name":"深大寺城"}},{"type":"Feature","geometry":{"type":"Point","coordinates":[140.1038433,37.5620514]},"properties":{"id":2496113970,"name":"猪苗代城"}},{"type":"Feature","geometry":{"type":"Point","coordinates":[138.9568077,35.3254004]},"properties":{"id":2497251577,"name":"深沢城"}},{"type":"Feature","geometry":{"type":"Point","coordinates":[139.311994,36.0626402]},"properties":{"id":2497266343,"name":"杉山城"}},{"type":"Feature","geometry":{"type":"Point","coordinates":[138.9918832,36.6699251]},"properties":{"id":2497321659,"name":"名胡桃城"}},{"type":"Feature","geometry":{"type":"Point","coordinates":[135.7007756,34.9182251]},"properties":{"id":2497353769,"name":"勝竜寺城"}},{"type":"Feature","geometry":{"type":"Point","coordinates":[138.6008122,35.1229494]},"properties":{"id":2498495419,"name":"蒲原城"}},{"type":"Feature","geometry":{"type":"Point","coordinates":[137.9295007,34.7665269]},"properties":{"id":2498502013,"name":"久野城"}},{"type":"Feature","geometry":{"type":"Point","coordinates":[138.1576251,34.7785218]},"properties":{"id":2499489667,"name":"勝間田城"}},{"type":"Feature","geometry":{"type":"Point","coordinates":[134.695431,34.838669]},"properties":{"id":2500238880,"name":"合坂"}},{"type":"Feature","geometry":{"type":"Point","coordinates":[137.0217896,35.0690322]},"properties":{"id":2500744333,"name":"沓掛城"}},{"type":"Feature","geometry":{"type":"Point","coordinates":[136.8337327,34.9285391]},"properties":{"id":2500756784,"name":"大野城"}},{"type":"Feature","geometry":{"type":"Point","coordinates":[137.0479927,34.8663373]},"properties":{"id":2501299596,"name":"西尾城本丸丑寅櫓"}},{"type":"Feature","geometry":{"type":"Point","coordinates":[140.0792214,39.7403081]},"properties":{"id":2501411119,"name":"秋田城跡"}},{"type":"Feature","geometry":{"type":"Point","coordinates":[140.2674489,36.3826112]},"properties":{"id":2501439830,"name":"笠間城"}},{"type":"Feature","geometry":{"type":"Point","coordinates":[137.4852643,35.5131554]},"properties":{"id":2501451285,"name":"苗木城"}},{"type":"Feature","geometry":{"type":"Point","coordinates":[140.1982903,36.0849706]},"properties":{"id":2501459454,"name":"土浦城"}},{"type":"Feature","geometry":{"type":"Point","coordinates":[138.0351505,34.6986393]},"properties":{"id":2501534782,"name":"高天神城跡"}},{"type":"Feature","geometry":{"type":"Point","coordinates":[137.9715009,34.685537]},"properties":{"id":2501539724,"name":"横須賀城跡地"}},{"type":"Feature","geometry":{"type":"Point","coordinates":[137.8091714,34.8622006]},"properties":{"id":2501542375,"name":"二俣城"}},{"type":"Feature","geometry":{"type":"Point","coordinates":[140.0899687,35.2876194]},"properties":{"id":2501552073,"name":"久留里城"}},{"type":"Feature","geometry":{"type":"Point","coordinates":[139.6008339,36.3538912]},"properties":{"id":2501554801,"name":"唐沢山城"}},{"type":"Feature","geometry":{"type":"Point","coordinates":[136.5072127,34.7173096]},"properties":{"id":2501599131,"name":"津城"}},{"type":"Feature","geometry":{"type":"Point","coordinates":[138.1364161,36.479746]},"properties":{"id":2501633997,"name":"荒砥城"}},{"type":"Feature","geometry":{"type":"Point","coordinates":[139.8524496,36.1422509]},"properties":{"id":2502347185,"name":"逆井城"}},{"type":"Feature","geometry":{"type":"Point","coordinates":[137.3251348,35.1349723]},"properties":{"id":2502351300,"name":"足助城"}},{"type":"Feature","geometry":{"type":"Point","coordinates":[137.2201241,35.1511346]},"properties":{"id":2503439091,"name":"東広瀬城址"}},{"type":"Feature","geometry":{"type":"Point","coordinates":[134.1328477,35.5046491]},"properties":{"id":2523355838,"name":"防己尾城"}},{"type":"Feature","geometry":{"type":"Point","coordinates":[134.8740943,35.4601118]},"properties":{"id":2542588327,"name":"出石城跡"}},{"type":"Feature","geometry":{"type":"Point","coordinates":[134.9074013,34.6800705]},"properties":{"id":2575323141,"name":"魚住城趾"}},{"type":"Feature","geometry":{"type":"Point","coordinates":[134.685651,34.834353]},"properties":{"id":2589886412,"name":"埋門跡"}},{"type":"Feature","geometry":{"type":"Point","coordinates":[140.5609195,39.6047474]},"properties":{"id":2598309170,"name":"古城山城跡"}},{"type":"Feature","geometry":{"type":"Point","coordinates":[139.563307,35.4462929]},"properties":{"id":2618272139,"name":"今井城址"}},{"type":"Feature","geometry":{"type":"Point","coordinates":[134.6526205,34.8734458]},"properties":{"id":2768939354,"name":"坂本城跡"}},{"type":"Feature","geometry":{"type":"Point","coordinates":[140.0525774,37.7121202]},"properties":{"id":2875009176,"name":"巌山城跡"}},{"type":"Feature","geometry":{"type":"Point","coordinates":[138.166512,36.637975]},"properties":{"id":2906862401,"name":"窪寺城跡"}},{"type":"Feature","geometry":{"type":"Point","coordinates":[139.038461,36.6484893]},"properties":{"id":2961506751,"name":"沼田城跡"}},{"type":"Feature","geometry":{"type":"Point","coordinates":[138.6503088,37.4701362]},"properties":{"id":3106269942,"name":"鎌田城址"}},{"type":"Feature","geometry":{"type":"Point","coordinates":[129.8540039,33.5419119]},"properties":{"id":3298400760,"name":"上杉景勝陣跡"}},{"type":"Feature","geometry":{"type":"Point","coordinates":[129.8599513,33.5366395]},"properties":{"id":3298400961,"name":"九鬼守隆陣跡"}},{"type":"Feature","geometry":{"type":"Point","coordinates":[129.8492871,33.5481335]},"properties":{"id":3298400962,"name":"島津義弘陣跡"}},{"type":"Feature","geometry":{"type":"Point","coordinates":[129.8754909,33.5335309]},"properties":{"id":3298400963,"name":"徳川家康陣跡"}},{"type":"Feature","geometry":{"type":"Point","coordinates":[129.855043,33.5498768]},"properties":{"id":3298400964,"name":"生駒親正陣跡"}},{"type":"Feature","geometry":{"type":"Point","coordinates":[133.6234443,34.8138894]},"properties":{"id":3302242537,"name":"大松山城跡"}},{"type":"Feature","geometry":{"type":"Point","coordinates":[136.6009745,36.366477]},"properties":{"id":3490218993,"name":"鳥越城跡"}},{"type":"Feature","geometry":{"type":"Point","coordinates":[136.2209143,36.0655194]},"properties":{"id":3513912530,"name":"福井城"}},{"type":"Feature","geometry":{"type":"Point","coordinates":[140.4896451,36.3574675]},"properties":{"id":3565259608,"name":"吉田城跡"}},{"type":"Feature","geometry":{"type":"Point","coordinates":[130.4011825,33.1609793]},"properties":{"id":3651082798,"name":"柳川城天守台阯"}},{"type":"Feature","geometry":{"type":"Point","coordinates":[135.7007756,34.9182251]},"properties":{"id":3731237264,"name":"勝竜寺城公園"}},{"type":"Feature","geometry":{"type":"Point","coordinates":[135.7497214,35.0135345]},"properties":{"id":3740796912,"name":"二条城二ﾉ丸御殿"}},{"type":"Feature","geometry":{"type":"Point","coordinates":[135.747817,35.0141367]},"properties":{"id":3740796913,"name":"本丸御殿"}},{"type":"Feature","geometry":{"type":"Point","coordinates":[135.7460106,35.0140154]},"properties":{"id":3770110188,"name":"旧二条城の石垣"}},{"type":"Feature","geometry":{"type":"Point","coordinates":[130.7045875,32.8060202]},"properties":{"id":3792430167,"name":"頬当御門"}},{"type":"Feature","geometry":{"type":"Point","coordinates":[139.484801,38.2198697]},"properties":{"id":3854634768,"name":"村上城跡"}},{"type":"Feature","geometry":{"type":"Point","coordinates":[135.1711587,34.1907023]},"properties":{"id":3933335584,"name":"雑賀城"}},{"type":"Feature","geometry":{"type":"Point","coordinates":[134.2191211,35.2723061]},"properties":{"id":3935654892,"name":"岩神城跡"}},{"type":"Feature","geometry":{"type":"Point","coordinates":[136.1271284,34.7701912]},"properties":{"id":3961802645,"name":"上野城"}},{"type":"Feature","geometry":{"type":"Point","coordinates":[135.6308399,34.4480763]},"properties":{"id":4034164881,"name":"楠木城跡（上赤阪城跡）"}},{"type":"Feature","geometry":{"type":"Point","coordinates":[135.6189012,34.4595415]},"properties":{"id":4034164882,"name":"下赤阪城跡"}},{"type":"Feature","geometry":{"type":"Point","coordinates":[138.8879476,35.0181979]},"properties":{"id":4061388937,"name":"長浜城跡"}},{"type":"Feature","geometry":{"type":"Point","coordinates":[131.8896894,32.960133]},"properties":{"id":4070825934,"name":"佐伯城址"}},{"type":"Feature","geometry":{"type":"Point","coordinates":[133.8221533,34.6910316]},"properties":{"id":4130581022,"name":"高松城址公園"}},{"type":"Feature","geometry":{"type":"Point","coordinates":[140.9897817,37.5683279]},"properties":{"id":4151200601,"name":"小高城跡"}},{"type":"Feature","geometry":{"type":"Point","coordinates":[135.9522196,33.8952465]},"properties":{"id":4252258060,"name":"赤木城跡"}},{"type":"Feature","geometry":{"type":"Point","coordinates":[129.9197803,30.84238]},"properties":{"id":4271437091,"name":"平家城跡"}},{"type":"Feature","geometry":{"type":"Point","coordinates":[130.3030447,30.8076484]},"properties":{"id":4271455116,"name":"平家城跡"}},{"type":"Feature","geometry":{"type":"Point","coordinates":[129.2753866,34.3001562]},"properties":{"id":4301360441,"name":"金田城"}},{"type":"Feature","geometry":{"type":"Point","coordinates":[138.4495452,36.3692094]},"properties":{"id":4346693295,"name":"不動滝"}},{"type":"Feature","geometry":{"type":"Point","coordinates":[135.6765627,34.901212]},"properties":{"id":4349281889,"name":"山崎城址"}},{"type":"Feature","geometry":{"type":"Point","coordinates":[137.163548,36.6982093]},"properties":{"id":4354994617,"name":"白鳥城址"}},{"type":"Feature","geometry":{"type":"Point","coordinates":[140.173457,35.9753693]},"properties":{"id":4380191658,"name":"岡見城址"}},{"type":"Feature","geometry":{"type":"Point","coordinates":[139.4280434,35.5964513]},"properties":{"id":4393124185,"name":"小野路城址"}},{"type":"Feature","geometry":{"type":"Point","coordinates":[131.5316416,33.3668541]},"properties":{"id":4397878919,"name":"暘谷城（日出城）"}},{"type":"Feature","geometry":{"type":"Point","coordinates":[139.6545637,35.2452637]},"properties":{"id":4402075865,"name":"衣笠城址"}},{"type":"Feature","geometry":{"type":"Point","coordinates":[140.5121493,37.5642139]},"properties":{"id":4408330965,"name":"小浜城跡"}},{"type":"Feature","geometry":{"type":"Point","coordinates":[137.090173,34.9096593]},"properties":{"id":4415821889,"name":"俺の仮の城"}},{"type":"Feature","geometry":{"type":"Point","coordinates":[123.7781055,24.0691279]},"properties":{"id":4472671341,"name":"下田原城跡"}},{"type":"Feature","geometry":{"type":"Point","coordinates":[136.7242117,35.4602023]},"properties":{"id":4531918592,"name":"黒野城跡公園"}},{"type":"Feature","geometry":{"type":"Point","coordinates":[134.5447312,34.8687368]},"properties":{"id":4571153666,"name":"龍野城址"}},{"type":"Feature","geometry":{"type":"Point","coordinates":[131.0613292,34.1777409]},"properties":{"id":4618259755,"name":"飯塚城跡"}},{"type":"Feature","geometry":{"type":"Point","coordinates":[137.1587752,34.9562959]},"properties":{"id":4622163744,"name":"岡崎城"}},{"type":"Feature","geometry":{"type":"Point","coordinates":[140.8597319,38.5742388]},"properties":{"id":4634570989,"name":"中新田城跡"}},{"type":"Feature","geometry":{"type":"Point","coordinates":[140.8973436,38.2234268]},"properties":{"id":4677679591,"name":"北目城跡"}},{"type":"Feature","geometry":{"type":"Point","coordinates":[137.2874278,34.8655666]},"properties":{"id":4722096200,"name":"岩略寺城跡"}},{"type":"Feature","geometry":{"type":"Point","coordinates":[137.864744,35.5453734]},"properties":{"id":4794818323,"name":"松岡城跡"}},{"type":"Feature","geometry":{"type":"Point","coordinates":[137.6115534,34.9043257]},"properties":{"id":4794831321,"name":"柿本城"}},{"type":"Feature","geometry":{"type":"Point","coordinates":[137.2293371,34.8958314]},"properties":{"id":4796185422,"name":"山中城跡"}},{"type":"Feature","geometry":{"type":"Point","coordinates":[138.2782476,34.8713095]},"properties":{"id":4803876323,"name":"田中城下屋敷"}},{"type":"Feature","geometry":{"type":"Point","coordinates":[127.7193727,26.2170014]},"properties":{"id":4828423125,"name":"首里城"}},{"type":"Feature","geometry":{"type":"Point","coordinates":[139.3073058,36.3174169]},"properties":{"id":4904408392,"name":"新田義貞挙兵の地"}},{"type":"Feature","geometry":{"type":"Point","coordinates":[139.5834999,36.1045015]},"properties":{"id":4950552922,"name":"騎西城"}},{"type":"Feature","geometry":{"type":"Point","coordinates":[134.536107,33.7295345]},"properties":{"id":4988802922,"name":"日和佐城跡"}},{"type":"Feature","geometry":{"type":"Point","coordinates":[140.2935961,38.7658169]},"properties":{"id":5013577439,"name":"新庄城址"}},{"type":"Feature","geometry":{"type":"Point","coordinates":[139.5826385,36.1039903]},"properties":{"id":5035914623,"name":"騎西城跡"}},{"type":"Feature","geometry":{"type":"Point","coordinates":[140.2249477,38.6977535]},"properties":{"id":5053027229,"name":"清水城址"}},{"type":"Feature","geometry":{"type":"Point","coordinates":[140.4019392,38.4414697]},"properties":{"id":5065890544,"name":"東根城跡"}},{"type":"Feature","geometry":{"type":"Point","coordinates":[138.0509988,34.8395703]},"properties":{"id":5078706792,"name":"松葉城跡"}},{"type":"Feature","geometry":{"type":"Point","coordinates":[135.5812813,35.013573]},"properties":{"id":5091913485,"name":"亀山城跡（亀岡城）"}},{"type":"Feature","geometry":{"type":"Point","coordinates":[127.7226158,26.2582629]},"properties":{"id":5112489203,"name":"伊祖城跡"}},{"type":"Feature","geometry":{"type":"Point","coordinates":[140.8014365,37.898525]},"properties":{"id":5114513132,"name":"金山城址"}},{"type":"Feature","geometry":{"type":"Point","coordinates":[140.8930363,37.9174549]},"properties":{"id":5114515321,"name":"坂元城跡"}},{"type":"Feature","geometry":{"type":"Point","coordinates":[140.774113,37.9110308]},"properties":{"id":5114589021,"name":"丸山城址"}},{"type":"Feature","geometry":{"type":"Point","coordinates":[136.4365545,36.3791985]},"properties":{"id":5114950836,"name":"今江城址"}},{"type":"Feature","geometry":{"type":"Point","coordinates":[140.0481233,38.0103525]},"properties":{"id":5121436155,"name":"小松城址"}},{"type":"Feature","geometry":{"type":"Point","coordinates":[140.9811241,38.3362656]},"properties":{"id":5124049836,"name":"利府城跡（館山公園）"}},{"type":"Feature","geometry":{"type":"Point","coordinates":[140.1994179,38.0010026]},"properties":{"id":5134612125,"name":"高畠城跡"}},{"type":"Feature","geometry":{"type":"Point","coordinates":[138.9031027,36.239343]},"properties":{"id":5155868841,"name":"内匠城跡"}},{"type":"Feature","geometry":{"type":"Point","coordinates":[131.7273088,34.0836715]},"properties":{"id":5157947393,"name":"若山城跡"}},{"type":"Feature","geometry":{"type":"Point","coordinates":[140.1334493,39.2299834]},"properties":{"id":5179425331,"name":"矢島城址"}},{"type":"Feature","geometry":{"type":"Point","coordinates":[137.5955617,35.5846361]},"properties":{"id":5195850328,"name":"妻籠城跡"}},{"type":"Feature","geometry":{"type":"Point","coordinates":[136.9534657,35.1046232]},"properties":{"id":5199923723,"name":"Iglesia Ni Cristo Locale of Nagoya"}},{"type":"Feature","geometry":{"type":"Point","coordinates":[140.5134259,39.2056283]},"properties":{"id":5201541523,"name":"岩崎城址"}},{"type":"Feature","geometry":{"type":"Point","coordinates":[138.196048,36.5659201]},"properties":{"id":5217915021,"name":"松代城"}},{"type":"Feature","geometry":{"type":"Point","coordinates":[127.6650392,26.2138593]},"properties":{"id":5241429129,"name":"三重城跡"}},{"type":"Feature","geometry":{"type":"Point","coordinates":[126.8007355,26.3486895]},"properties":{"id":5262593521,"name":"登武那覇城跡"}},{"type":"Feature","geometry":{"type":"Point","coordinates":[140.0713604,39.7573907]},"properties":{"id":5289408026,"name":"湊城跡"}},{"type":"Feature","geometry":{"type":"Point","coordinates":[136.6280537,34.4905956]},"properties":{"id":5311844750,"name":"田丸城跡"}},{"type":"Feature","geometry":{"type":"Point","coordinates":[133.4800237,33.5492768]},"properties":{"id":5348708708,"name":"朝倉城址"}},{"type":"Feature","geometry":{"type":"Point","coordinates":[133.5724847,33.4978995]},"properties":{"id":5379614951,"name":"浦戸城跡"}},{"type":"Feature","geometry":{"type":"Point","coordinates":[137.9491658,35.8370507]},"properties":{"id":5407217952,"name":"春日城址"}},{"type":"Feature","geometry":{"type":"Point","coordinates":[137.9681595,35.8399579]},"properties":{"id":5407319902,"name":"古町の古城跡"}},{"type":"Feature","geometry":{"type":"Point","coordinates":[139.754407,35.6883735]},"properties":{"id":5409598583,"name":"江戸城"}},{"type":"Feature","geometry":{"type":"Point","coordinates":[141.2772335,40.4126151]},"properties":{"id":5447544648,"name":"平良ヶ崎城跡"}},{"type":"Feature","geometry":{"type":"Point","coordinates":[134.8239227,34.7641689]},"properties":{"id":5453053323,"name":"石弾城後"}},{"type":"Feature","geometry":{"type":"Point","coordinates":[133.4591702,33.5849531]},"properties":{"id":5488047073,"name":"行川城址"}},{"type":"Feature","geometry":{"type":"Point","coordinates":[136.4506127,34.8561202]},"properties":{"id":5488558424,"name":"亀山城"}},{"type":"Feature","geometry":{"type":"Point","coordinates":[130.993778,33.9893763]},"properties":{"id":5515960383,"name":"櫛崎城跡"}},{"type":"Feature","geometry":{"type":"Point","coordinates":[127.7325805,26.1121063]},"properties":{"id":5589842901,"name":"上城城跡"}},{"type":"Feature","geometry":{"type":"Point","coordinates":[137.8899635,34.9619444]},"properties":{"id":5614329472,"name":"犬居城址"}},{"type":"Feature","geometry":{"type":"Point","coordinates":[139.365617,36.0695354]},"properties":{"id":5656748051,"name":"山田城跡"}},{"type":"Feature","geometry":{"type":"Point","coordinates":[139.3686748,36.0732188]},"properties":{"id":5669757041,"name":"山崎城跡"}},{"type":"Feature","geometry":{"type":"Point","coordinates":[139.5941681,36.0618721]},"properties":{"id":5675818048,"name":"菖蒲城址"}},{"type":"Feature","geometry":{"type":"Point","coordinates":[134.1716608,35.1673887]},"properties":{"id":5679181464,"name":"さんぶたろう屋敷跡"}},{"type":"Feature","geometry":{"type":"Point","coordinates":[132.7148907,33.8364387]},"properties":{"id":5701073691,"name":"垣生城跡"}},{"type":"Feature","geometry":{"type":"Point","coordinates":[136.534488,35.5075229]},"properties":{"id":5702437557,"name":"北方城址"}},{"type":"Feature","geometry":{"type":"Point","coordinates":[135.6535825,34.7263364]},"properties":{"id":5707133781,"name":"飯盛山城"}},{"type":"Feature","geometry":{"type":"Point","coordinates":[134.8723425,35.4873534]},"properties":{"id":5709339748,"name":"此隅山城跡"}},{"type":"Feature","geometry":{"type":"Point","coordinates":[133.0809988,34.1829648]},"properties":{"id":5714663324,"name":"能島城跡"}},{"type":"Feature","geometry":{"type":"Point","coordinates":[138.9889655,36.6306559]},"properties":{"id":5800381615,"name":"ロックハート城"}},{"type":"Feature","geometry":{"type":"Point","coordinates":[127.8043645,26.3403086]},"properties":{"id":5809814353,"name":"church"}},{"type":"Feature","geometry":{"type":"Point","coordinates":[140.0194236,35.8772958]},"properties":{"id":5835893995,"name":"我孫子城跡"}},{"type":"Feature","geometry":{"type":"Point","coordinates":[134.1949891,35.1500925]},"properties":{"id":5837383097,"name":"大別当城跡"}},{"type":"Feature","geometry":{"type":"Point","coordinates":[140.0820169,35.2934555]},"properties":{"id":5842274549,"name":"古久留里城跡"}},{"type":"Feature","geometry":{"type":"Point","coordinates":[135.9070062,34.9708615]},"properties":{"id":5862948216,"name":"瀬田城跡"}},{"type":"Feature","geometry":{"type":"Point","coordinates":[134.1896923,35.1618248]},"properties":{"id":5870352003,"name":"名木ノ城跡"}},{"type":"Feature","geometry":{"type":"Point","coordinates":[134.1675011,35.1004606]},"properties":{"id":5884049904,"name":"有元城(中島城・西坪城)跡"}},{"type":"Feature","geometry":{"type":"Point","coordinates":[136.277631,35.2795198]},"properties":{"id":5903410992,"name":"佐和山城 大手門跡"}},{"type":"Feature","geometry":{"type":"Point","coordinates":[139.1398009,36.2855971]},"properties":{"id":5911074390,"name":"川井城跡"}},{"type":"Feature","geometry":{"type":"Point","coordinates":[136.2421567,35.1089031]},"properties":{"id":5915730491,"name":"鯰江城跡"}},{"type":"Feature","geometry":{"type":"Point","coordinates":[136.1742573,35.0831498]},"properties":{"id":5935967189,"name":"埋見門跡"}},{"type":"Feature","geometry":{"type":"Point","coordinates":[136.1743074,35.083228]},"properties":{"id":5935990592,"name":"二の郭"}},{"type":"Feature","geometry":{"type":"Point","coordinates":[136.1740845,35.0830224]},"properties":{"id":5935990593,"name":"搦め手門跡"}},{"type":"Feature","geometry":{"type":"Point","coordinates":[136.1741968,35.0830601]},"properties":{"id":5936005091,"name":"本丸跡"}},{"type":"Feature","geometry":{"type":"Point","coordinates":[136.1741752,35.0829819]},"properties":{"id":5936005092,"name":"池跡"}},{"type":"Feature","geometry":{"type":"Point","coordinates":[136.1743943,35.0831874]},"properties":{"id":5936005188,"name":"虎口"}},{"type":"Feature","geometry":{"type":"Point","coordinates":[136.1741766,35.0832407]},"properties":{"id":5936005189,"name":"堅堀"}},{"type":"Feature","geometry":{"type":"Point","coordinates":[136.5070581,36.4419127]},"properties":{"id":5941762215,"name":"和田山城跡"}},{"type":"Feature","geometry":{"type":"Point","coordinates":[133.0163816,35.4728873]},"properties":{"id":5957564485,"name":"満願寺城跡"}},{"type":"Feature","geometry":{"type":"Point","coordinates":[141.2765485,38.5345803]},"properties":{"id":5963474081,"name":"桃生城跡"}},{"type":"Feature","geometry":{"type":"Point","coordinates":[136.9168106,34.874923]},"properties":{"id":5964301420,"name":"成岩城址"}},{"type":"Feature","geometry":{"type":"Point","coordinates":[141.6288503,39.0191795]},"properties":{"id":5965617629,"name":"高田城跡"}},{"type":"Feature","geometry":{"type":"Point","coordinates":[136.2895689,34.5233031]},"properties":{"id":5965730854,"name":"霧山城"}},{"type":"Feature","geometry":{"type":"Point","coordinates":[136.2688621,35.2807035]},"properties":{"id":5968087086,"name":"上段曲輪"}},{"type":"Feature","geometry":{"type":"Point","coordinates":[136.2693452,35.2813269]},"properties":{"id":5968092786,"name":"下段曲輪"}},{"type":"Feature","geometry":{"type":"Point","coordinates":[136.268894,35.281058]},"properties":{"id":5968122696,"name":"中段曲輪"}},{"type":"Feature","geometry":{"type":"Point","coordinates":[136.269118,35.2797963]},"properties":{"id":5968123185,"name":"本丸跡"}},{"type":"Feature","geometry":{"type":"Point","coordinates":[138.3650229,36.8563049]},"properties":{"id":5983079842,"name":"飯山城移築城門"}},{"type":"Feature","geometry":{"type":"Point","coordinates":[141.0898676,38.4695398]},"properties":{"id":5990655917,"name":"文覚館跡"}},{"type":"Feature","geometry":{"type":"Point","coordinates":[141.0975183,38.4869154]},"properties":{"id":5990658931,"name":"平渡館跡"}},{"type":"Feature","geometry":{"type":"Point","coordinates":[130.0315567,32.5292592]},"properties":{"id":6054684623,"name":"富岡城"}},{"type":"Feature","geometry":{"type":"Point","coordinates":[141.0789646,38.4904978]},"properties":{"id":6068908942,"name":"広長城跡"}},{"type":"Feature","geometry":{"type":"Point","coordinates":[139.9005081,37.444576]},"properties":{"id":6094726882,"name":"向羽黒山城跡"}},{"type":"Feature","geometry":{"type":"Point","coordinates":[133.967425,34.032432]},"properties":{"id":6097395022,"name":"山口城跡"}},{"type":"Feature","geometry":{"type":"Point","coordinates":[134.2411743,35.5100121]},"properties":{"id":6098406250,"name":"鳥取城跡"}},{"type":"Feature","geometry":{"type":"Point","coordinates":[139.2705488,37.8441729]},"properties":{"id":6155025619,"name":"笹岡城址"}},{"type":"Feature","geometry":{"type":"Point","coordinates":[139.2373511,37.7739893]},"properties":{"id":6155026010,"name":"安田城址"}},{"type":"Feature","geometry":{"type":"Point","coordinates":[135.9771715,35.0014939]},"properties":{"id":6236413322,"name":"青地城址"}},{"type":"Feature","geometry":{"type":"Point","coordinates":[134.377239,35.0467658]},"properties":{"id":6283421732,"name":"利神城跡"}},{"type":"Feature","geometry":{"type":"Point","coordinates":[134.3982584,35.3370196]},"properties":{"id":6308661257,"name":"若桜鬼ヶ城跡"}},{"type":"Feature","geometry":{"type":"Point","coordinates":[134.2561771,35.5111347]},"properties":{"id":6315993784,"name":"太閤ヶ平"}},{"type":"Feature","geometry":{"type":"Point","coordinates":[136.6320005,34.988173]},"properties":{"id":6317656290,"name":"羽津城"}},{"type":"Feature","geometry":{"type":"Point","coordinates":[136.5415262,35.0936427]},"properties":{"id":6317660393,"name":"大井田城"}},{"type":"Feature","geometry":{"type":"Point","coordinates":[136.505886,35.1294916]},"properties":{"id":6317664755,"name":"伊勢治田城入口"}},{"type":"Feature","geometry":{"type":"Point","coordinates":[135.67348,34.6196669]},"properties":{"id":6317667868,"name":"赤阪城　入口"}},{"type":"Feature","geometry":{"type":"Point","coordinates":[135.7114459,34.6301922]},"properties":{"id":6317674491,"name":"三里城入口"}},{"type":"Feature","geometry":{"type":"Point","coordinates":[134.7113447,35.3891409]},"properties":{"id":6318528745,"name":"八木城跡"}},{"type":"Feature","geometry":{"type":"Point","coordinates":[133.8986754,35.4374248]},"properties":{"id":6325115453,"name":"羽衣石城址"}},{"type":"Feature","geometry":{"type":"Point","coordinates":[137.4921197,34.8316374]},"properties":{"id":6356293304,"name":"五葉城址"}},{"type":"Feature","geometry":{"type":"Point","coordinates":[134.0365047,34.7065004]},"properties":{"id":6363948327,"name":"亀山城"}},{"type":"Feature","geometry":{"type":"Point","coordinates":[138.1769393,36.6755876]},"properties":{"id":6392271236,"name":"大峰城模擬天守(旧大峰城チョウと自然の博物館)"}},{"type":"Feature","geometry":{"type":"Point","coordinates":[133.9603344,34.6651592]},"properties":{"id":6403483224,"name":"明善寺城跡"}},{"type":"Feature","geometry":{"type":"Point","coordinates":[133.0564863,34.2447063]},"properties":{"id":6405001207,"name":"甘崎城跡"}},{"type":"Feature","geometry":{"type":"Point","coordinates":[137.1074421,35.4377105]},"properties":{"id":6406045756,"name":"顔戸城址"}},{"type":"Feature","geometry":{"type":"Point","coordinates":[139.9571377,35.7537619]},"properties":{"id":6410260596,"name":"大野城跡"}},{"type":"Feature","geometry":{"type":"Point","coordinates":[135.1922442,34.8721799]},"properties":{"id":6433382385,"name":"茶臼山城跡"}},{"type":"Feature","geometry":{"type":"Point","coordinates":[137.1410276,36.2640263]},"properties":{"id":6435656851,"name":"野口城址"}},{"type":"Feature","geometry":{"type":"Point","coordinates":[137.1742242,36.2518099]},"properties":{"id":6435656868,"name":"小島城跡"}},{"type":"Feature","geometry":{"type":"Point","coordinates":[137.21095,35.8742435]},"properties":{"id":6441938999,"name":"萩原諏訪城跡"}},{"type":"Feature","geometry":{"type":"Point","coordinates":[137.2831941,35.3344665]},"properties":{"id":6458086209,"name":"小里城山城跡"}},{"type":"Feature","geometry":{"type":"Point","coordinates":[138.2098492,34.7125785]},"properties":{"id":6466428812,"name":"滝堺城跡"}},{"type":"Feature","geometry":{"type":"Point","coordinates":[138.4819732,36.274422]},"properties":{"id":6512808650,"name":"大井城跡"}},{"type":"Feature","geometry":{"type":"Point","coordinates":[137.074557,35.3571563]},"properties":{"id":6515720774,"name":"根本砦 登城口"}},{"type":"Feature","geometry":{"type":"Point","coordinates":[135.2232606,34.8145983]},"properties":{"id":6654916476,"name":"岡場城址"}},{"type":"Feature","geometry":{"type":"Point","coordinates":[136.6853957,35.3386583]},"properties":{"id":6664996973,"name":"森部城跡"}},{"type":"Feature","geometry":{"type":"Point","coordinates":[135.2519027,34.7246669]},"properties":{"id":6815170875,"name":"御影城跡"}},{"type":"Feature","geometry":{"type":"Point","coordinates":[135.3558351,33.7298657]},"properties":{"id":6832309295,"name":"天神山砦跡"}},{"type":"Feature","geometry":{"type":"Point","coordinates":[140.8140524,38.2616274]},"properties":{"id":6859196590,"name":"郷六城跡"}},{"type":"Feature","geometry":{"type":"Point","coordinates":[136.9703333,34.9185428]},"properties":{"id":6897166968,"name":"亀崎城跡"}},{"type":"Feature","geometry":{"type":"Point","coordinates":[127.7872159,26.1660331]},"properties":{"id":6911559171,"name":"佐敷上グスク"}},{"type":"Feature","geometry":{"type":"Point","coordinates":[139.9487543,35.7153355]},"properties":{"id":7011308489,"name":"小栗原城跡"}},{"type":"Feature","geometry":{"type":"Point","coordinates":[140.1261106,39.9569306]},"properties":{"id":7035209470,"name":"五城目城"}},{"type":"Feature","geometry":{"type":"Point","coordinates":[140.1458395,35.5666429]},"properties":{"id":7093045090,"name":"北小弓(生実)城跡"}},{"type":"Feature","geometry":{"type":"Point","coordinates":[139.2788219,35.5831474]},"properties":{"id":7107793541,"name":"津久井城"}},{"type":"Feature","geometry":{"type":"Point","coordinates":[134.3206965,34.0535867]},"properties":{"id":7165213888,"name":"上桜城跡"}},{"type":"Feature","geometry":{"type":"Point","coordinates":[140.5618684,39.4782341]},"properties":{"id":7232625182,"name":"本堂城跡"}},{"type":"Feature","geometry":{"type":"Point","coordinates":[139.8892311,39.9021813]},"properties":{"id":7236789113,"name":"脇本城跡"}},{"type":"Feature","geometry":{"type":"Point","coordinates":[137.2661792,35.1837067]},"properties":{"id":7257280859,"name":"川口城址"}},{"type":"Feature","geometry":{"type":"Point","coordinates":[140.6637391,38.1874998]},"properties":{"id":7287824824,"name":"小野城跡"}},{"type":"Feature","geometry":{"type":"Point","coordinates":[140.6889811,38.1971967]},"properties":{"id":7287824825,"name":"荻ノ館跡"}},{"type":"Feature","geometry":{"type":"Point","coordinates":[139.2524119,36.4232569]},"properties":{"id":7440897262,"name":"谷津館"}},{"type":"Feature","geometry":{"type":"Point","coordinates":[135.9662631,35.6134882]},"properties":{"id":7475833214,"name":"国吉城本丸址"}},{"type":"Feature","geometry":{"type":"Point","coordinates":[139.2205801,35.811728]},"properties":{"id":7528593985,"name":"辛垣城"}},{"type":"Feature","geometry":{"type":"Point","coordinates":[139.1696763,37.6931468]},"properties":{"id":7653251678,"name":"村松城跡"}},{"type":"Feature","geometry":{"type":"Point","coordinates":[139.52982,35.5179748]},"properties":{"id":7662948888,"name":"榎下城跡"}},{"type":"Feature","geometry":{"type":"Point","coordinates":[135.7192048,34.756321]},"properties":{"id":7674974521,"name":"高山城跡"}},{"type":"Feature","geometry":{"type":"Point","coordinates":[140.5224274,36.4886892]},"properties":{"id":7716809567,"name":"額田城跡"}},{"type":"Feature","geometry":{"type":"Point","coordinates":[140.4945362,36.4797893]},"properties":{"id":7724373022,"name":"南酒出城跡"}},{"type":"Feature","geometry":{"type":"Point","coordinates":[140.4088555,36.4580797]},"properties":{"id":7726510616,"name":"那珂西城跡"}},{"type":"Feature","geometry":{"type":"Point","coordinates":[140.375825,36.4869047]},"properties":{"id":7726510620,"name":"石塚城跡"}},{"type":"Feature","geometry":{"type":"Point","coordinates":[140.1673912,36.3580487]},"properties":{"id":7731160791,"name":"羽黒山城跡"}},{"type":"Feature","geometry":{"type":"Point","coordinates":[140.1692013,36.360758]},"properties":{"id":7731160792,"name":"棟峰城跡"}},{"type":"Feature","geometry":{"type":"Point","coordinates":[140.3462439,36.5117558]},"properties":{"id":7734171032,"name":"孫根城跡"}},{"type":"Feature","geometry":{"type":"Point","coordinates":[140.3627372,36.5141624]},"properties":{"id":7734280132,"name":"大山城跡"}},{"type":"Feature","geometry":{"type":"Point","coordinates":[140.6112856,36.4904115]},"properties":{"id":7737221252,"name":"久慈城跡"}},{"type":"Feature","geometry":{"type":"Point","coordinates":[140.5908699,36.4492082]},"properties":{"id":7737363672,"name":"真崎城跡"}},{"type":"Feature","geometry":{"type":"Point","coordinates":[140.4825843,36.5515185]},"properties":{"id":7737513172,"name":"久米城跡"}},{"type":"Feature","geometry":{"type":"Point","coordinates":[140.5486862,36.5575529]},"properties":{"id":7737515704,"name":"田渡城跡"}},{"type":"Feature","geometry":{"type":"Point","coordinates":[140.4519183,36.5038348]},"properties":{"id":7738872057,"name":"瓜連城跡"}},{"type":"Feature","geometry":{"type":"Point","coordinates":[140.4342103,36.4942302]},"properties":{"id":7738872065,"name":"古徳城跡"}},{"type":"Feature","geometry":{"type":"Point","coordinates":[140.3810059,36.4945652]},"properties":{"id":7739265084,"name":"下圷館跡"}},{"type":"Feature","geometry":{"type":"Point","coordinates":[140.4227907,36.4570527]},"properties":{"id":7739276896,"name":"戸村城跡"}},{"type":"Feature","geometry":{"type":"Point","coordinates":[140.3917887,36.5079373]},"properties":{"id":7740270629,"name":"小場城跡"}},{"type":"Feature","geometry":{"type":"Point","coordinates":[140.3685729,36.7879828]},"properties":{"id":7741228070,"name":"鏡城跡"}},{"type":"Feature","geometry":{"type":"Point","coordinates":[137.2950171,35.2279739]},"properties":{"id":7742587476,"name":"市場城址"}},{"type":"Feature","geometry":{"type":"Point","coordinates":[140.299436,36.666481]},"properties":{"id":7743501937,"name":"高部館跡"}},{"type":"Feature","geometry":{"type":"Point","coordinates":[140.2753196,36.5722623]},"properties":{"id":7743670107,"name":"長倉陣屋跡"}},{"type":"Feature","geometry":{"type":"Point","coordinates":[132.7526711,33.9000114]},"properties":{"id":7746301473,"name":"花見山城"}},{"type":"Feature","geometry":{"type":"Point","coordinates":[140.3833789,36.2893198]},"properties":{"id":7746393072,"name":"飯沼城跡"}},{"type":"Feature","geometry":{"type":"Point","coordinates":[140.4751646,36.2676351]},"properties":{"id":7746660845,"name":"宮ヶ崎城跡"}},{"type":"Feature","geometry":{"type":"Point","coordinates":[140.4855933,36.1467635]},"properties":{"id":7762055633,"name":"野友城跡"}},{"type":"Feature","geometry":{"type":"Point","coordinates":[140.52462,36.1477977]},"properties":{"id":7762061324,"name":"烟田城跡"}},{"type":"Feature","geometry":{"type":"Point","coordinates":[139.6961385,36.1870108]},"properties":{"id":7796745117,"name":"古河城 本丸跡"}},{"type":"Feature","geometry":{"type":"Point","coordinates":[140.9282633,38.2119717]},"properties":{"id":7825174088,"name":"今泉城跡"}},{"type":"Feature","geometry":{"type":"Point","coordinates":[130.0596446,32.5019827]},"properties":{"id":7852121788,"name":"志岐城址本丸"}},{"type":"Feature","geometry":{"type":"Point","coordinates":[130.0591594,32.5025447]},"properties":{"id":7854048261,"name":"志岐城址二の丸"}},{"type":"Feature","geometry":{"type":"Point","coordinates":[130.0577822,32.5032644]},"properties":{"id":7854048262,"name":"志岐城址出丸"}},{"type":"Feature","geometry":{"type":"Point","coordinates":[130.0586418,32.5027525]},"properties":{"id":7854048263,"name":"志岐城址"}},{"type":"Feature","geometry":{"type":"Point","coordinates":[135.2139915,34.8664292]},"properties":{"id":7912019030,"name":"長尾城跡"}},{"type":"Feature","geometry":{"type":"Point","coordinates":[137.7678959,35.4791409]},"properties":{"id":7933065079,"name":"麦種城跡"}},{"type":"Feature","geometry":{"type":"Point","coordinates":[138.8011854,37.534306]},"properties":{"id":7967929055,"name":"与板城跡"}},{"type":"Feature","geometry":{"type":"Point","coordinates":[138.8025141,37.5506849]},"properties":{"id":7967929056,"name":"本与板城跡"}},{"type":"Feature","geometry":{"type":"Point","coordinates":[139.4724878,35.5411253]},"properties":{"id":8050551808,"name":"成瀬城跡"}},{"type":"Feature","geometry":{"type":"Point","coordinates":[138.4118054,36.3306899]},"properties":{"id":8064166891,"name":"手代塚城址"}},{"type":"Feature","geometry":{"type":"Point","coordinates":[140.6567878,38.0394047]},"properties":{"id":8208932422,"name":"根城館跡"}},{"type":"Feature","geometry":{"type":"Point","coordinates":[140.7342975,38.1090619]},"properties":{"id":8239788020,"name":"小泉城跡"}},{"type":"Feature","geometry":{"type":"Point","coordinates":[130.5981074,33.4234845]},"properties":{"id":8279885297,"name":"山隈城跡"}},{"type":"Feature","geometry":{"type":"Point","coordinates":[129.7194405,33.1841162]},"properties":{"id":8292083651,"name":"佐世保城跡"}},{"type":"Feature","geometry":{"type":"Point","coordinates":[140.8854334,38.4273674]},"properties":{"id":8299074720,"name":"馳取城跡"}},{"type":"Feature","geometry":{"type":"Point","coordinates":[137.7475438,35.4736142]},"properties":{"id":8299239732,"name":"西平城"}},{"type":"Feature","geometry":{"type":"Point","coordinates":[141.0415668,38.7828183]},"properties":{"id":8333998622,"name":"富城跡"}},{"type":"Feature","geometry":{"type":"Point","coordinates":[141.0383047,38.7648427]},"properties":{"id":8334003017,"name":"伊治城跡"}},{"type":"Feature","geometry":{"type":"Point","coordinates":[141.114043,38.7754586]},"properties":{"id":8347875618,"name":"若柳城跡"}},{"type":"Feature","geometry":{"type":"Point","coordinates":[138.0536102,35.5488443]},"properties":{"id":8389111475,"name":"大河原城址"}},{"type":"Feature","geometry":{"type":"Point","coordinates":[137.6414493,35.3697469]},"properties":{"id":8406966248,"name":"滝之沢城"}},{"type":"Feature","geometry":{"type":"Point","coordinates":[137.9273503,35.5304695]},"properties":{"id":8407458364,"name":"戸中城山城跡"}},{"type":"Feature","geometry":{"type":"Point","coordinates":[141.2080706,38.6369597]},"properties":{"id":8436356525,"name":"八ツ森新城"}},{"type":"Feature","geometry":{"type":"Point","coordinates":[127.7806249,26.1442416]},"properties":{"id":8481868711,"name":"玉城城跡"}},{"type":"Feature","geometry":{"type":"Point","coordinates":[137.0731042,35.3548997]},"properties":{"id":8493451116,"name":"根本城跡"}},{"type":"Feature","geometry":{"type":"Point","coordinates":[137.7767242,35.4295682]},"properties":{"id":8526626243,"name":"荒城跡"}},{"type":"Feature","geometry":{"type":"Point","coordinates":[135.2048707,34.9051688]},"properties":{"id":8542075865,"name":"貴志城跡"}},{"type":"Feature","geometry":{"type":"Point","coordinates":[140.1237623,39.721897]},"properties":{"id":8553116272,"name":"久保田城跡"}},{"type":"Feature","geometry":{"type":"Point","coordinates":[136.4051493,34.8549966]},"properties":{"id":8636632546,"name":"小野城跡 若菜城"}},{"type":"Feature","geometry":{"type":"Point","coordinates":[136.5557723,34.8332665]},"properties":{"id":8653687365,"name":"稲生城址"}},{"type":"Feature","geometry":{"type":"Point","coordinates":[141.5790416,38.9303575]},"properties":{"id":8663679519,"name":"松楯城跡"}},{"type":"Feature","geometry":{"type":"Point","coordinates":[127.7602466,26.1864951]},"properties":{"id":8663714499,"name":"島添大里城跡"}},{"type":"Feature","geometry":{"type":"Point","coordinates":[140.7597356,38.6232208]},"properties":{"id":8674567118,"name":"宮崎城跡"}},{"type":"Feature","geometry":{"type":"Point","coordinates":[139.2745475,35.7954975]},"properties":{"id":8683380138,"name":"勝沼城跡"}},{"type":"Feature","geometry":{"type":"Point","coordinates":[130.0329622,32.2209803]},"properties":{"id":8686190461,"name":"久玉城跡"}},{"type":"Feature","geometry":{"type":"Point","coordinates":[139.3159306,35.4979653]},"properties":{"id":8693794905,"name":"古民家岸邸"}},{"type":"Feature","geometry":{"type":"Point","coordinates":[140.8802922,38.4617656]},"properties":{"id":8718116518,"name":"大衡城跡"}},{"type":"Feature","geometry":{"type":"Point","coordinates":[138.7320799,35.6596054]},"properties":{"id":8733660210,"name":"勝沼氏館跡"}},{"type":"Feature","geometry":{"type":"Point","coordinates":[130.5034512,31.5190765]},"properties":{"id":8752770997,"name":"千々輪城跡"}},{"type":"Feature","geometry":{"type":"Point","coordinates":[138.002129,36.2224233]},"properties":{"id":8755368903,"name":"林小城跡"}},{"type":"Feature","geometry":{"type":"Point","coordinates":[130.3338114,32.4148847]},"properties":{"id":8760507294,"name":"棚底城跡"}},{"type":"Feature","geometry":{"type":"Point","coordinates":[130.2752124,32.414564]},"properties":{"id":8767558488,"name":"栖本城跡"}},{"type":"Feature","geometry":{"type":"Point","coordinates":[137.9522228,35.3410488]},"properties":{"id":8837267431,"name":"熊野城址"}},{"type":"Feature","geometry":{"type":"Point","coordinates":[140.3484021,35.6027995]},"properties":{"id":8881978074,"name":"酒蔵城跡"}},{"type":"Feature","geometry":{"type":"Point","coordinates":[137.9929605,35.4415227]},"properties":{"id":8915619462,"name":"程野城址"}},{"type":"Feature","geometry":{"type":"Point","coordinates":[137.9599247,35.3523092]},"properties":{"id":8915672675,"name":"中根城址（天神ヶ森）"}},{"type":"Feature","geometry":{"type":"Point","coordinates":[137.9460098,35.3481507]},"properties":{"id":8915688050,"name":"木沢城址"}},{"type":"Feature","geometry":{"type":"Point","coordinates":[137.9352875,35.3210237]},"properties":{"id":8915715324,"name":"和田城址"}},{"type":"Feature","geometry":{"type":"Point","coordinates":[137.9323431,35.3187206]},"properties":{"id":8915731568,"name":"高平館址"}},{"type":"Feature","geometry":{"type":"Point","coordinates":[137.9242957,35.3164194]},"properties":{"id":8915761215,"name":"尾の島館址"}},{"type":"Feature","geometry":{"type":"Point","coordinates":[137.9354662,35.2954444]},"properties":{"id":8915888290,"name":"八重河内城址"}},{"type":"Feature","geometry":{"type":"Point","coordinates":[137.9050744,35.3070432]},"properties":{"id":8918435112,"name":"長山城址（名古山城址）"}},{"type":"Feature","geometry":{"type":"Point","coordinates":[137.9092203,35.307175]},"properties":{"id":8918459399,"name":"十原館址"}},{"type":"Feature","geometry":{"type":"Point","coordinates":[137.8809996,35.2955036]},"properties":{"id":8918593369,"name":"大町城址"}},{"type":"Feature","geometry":{"type":"Point","coordinates":[137.8495112,35.4790169]},"properties":{"id":9000656878,"name":"知久平城跡"}},{"type":"Feature","geometry":{"type":"Point","coordinates":[137.851966,35.4694432]},"properties":{"id":9018997727,"name":"小林城址"}},{"type":"Feature","geometry":{"type":"Point","coordinates":[129.9785748,33.3567376]},"properties":{"id":9049943487,"name":"岸岳城跡"}},{"type":"Feature","geometry":{"type":"Point","coordinates":[139.721102,36.4741875]},"properties":{"id":9054990167,"name":"西方城跡"}},{"type":"Feature","geometry":{"type":"Point","coordinates":[139.7253236,36.4735566]},"properties":{"id":9054990168,"name":"二条城跡"}},{"type":"Feature","geometry":{"type":"Point","coordinates":[138.0102889,36.2247039]},"properties":{"id":9075118505,"name":"林城跡"}},{"type":"Feature","geometry":{"type":"Point","coordinates":[127.6847104,26.1895915]},"properties":{"id":9092914111,"name":"豊見城グスク"}},{"type":"Feature","geometry":{"type":"Point","coordinates":[140.604229,41.7701274]},"properties":{"id":9101392496,"name":"茂別館跡"}},{"type":"Feature","geometry":{"type":"Point","coordinates":[131.0866886,33.0846486]},"properties":{"id":9193265019,"name":"動馬木城"}},{"type":"Feature","geometry":{"type":"Point","coordinates":[127.7915698,26.1452727]},"properties":{"id":9231911767,"name":"ミントングスク"}},{"type":"Feature","geometry":{"type":"Point","coordinates":[141.1284833,38.8937708]},"properties":{"id":9279473298,"name":"要害城跡"}},{"type":"Feature","geometry":{"type":"Point","coordinates":[137.738309,35.4413874]},"properties":{"id":9409311249,"name":"駒場城址"}},{"type":"Feature","geometry":{"type":"Point","coordinates":[137.5678994,35.2527002]},"properties":{"id":9414303170,"name":"小栃砦跡"}},{"type":"Feature","geometry":{"type":"Point","coordinates":[137.7841595,35.5163479]},"properties":{"id":9526527470,"name":"桜山城跡"}},{"type":"Feature","geometry":{"type":"Point","coordinates":[138.0350683,35.5502122]},"properties":{"id":9546094212,"name":"青木城跡"}},{"type":"Feature","geometry":{"type":"Point","coordinates":[140.3456016,35.3546582]},"properties":{"id":9573093193,"name":"高藤山城址"}},{"type":"Feature","geometry":{"type":"Point","coordinates":[140.3230783,35.3746076]},"properties":{"id":9573093194,"name":"大柳館跡"}},{"type":"Feature","geometry":{"type":"Point","coordinates":[134.1915009,34.7400926]},"properties":{"id":9717097897,"name":"富田松山城址"}},{"type":"Feature","geometry":{"type":"Point","coordinates":[137.4158201,35.4549994]},"properties":{"id":9739581307,"name":"大井城"}},{"type":"Feature","geometry":{"type":"Point","coordinates":[137.4109679,35.4586043]},"properties":{"id":9739581308,"name":"鷹撃谷城"}},{"type":"Feature","geometry":{"type":"Point","coordinates":[137.9267157,35.5851952]},"properties":{"id":9742427052,"name":"福与城跡"}},{"type":"Feature","geometry":{"type":"Point","coordinates":[135.8018469,35.0299518]},"properties":{"id":9747748431,"name":"大山出城址"}},{"type":"Feature","geometry":{"type":"Point","coordinates":[130.4501628,31.3799559]},"properties":{"id":9779369306,"name":"知覧亀甲城"}},{"type":"Feature","geometry":{"type":"Point","coordinates":[130.4435164,31.3675416]},"properties":{"id":9779369307,"name":"知覧城"}},{"type":"Feature","geometry":{"type":"Point","coordinates":[139.0010048,37.2318595]},"properties":{"id":9807182403,"name":"大沢城址"}},{"type":"Feature","geometry":{"type":"Point","coordinates":[137.8536655,34.8154702]},"properties":{"id":9822779022,"name":"社山城跡"}},{"type":"Feature","geometry":{"type":"Point","coordinates":[138.2691497,34.9045132]},"properties":{"id":9825473668,"name":"朝日山城跡"}},{"type":"Feature","geometry":{"type":"Point","coordinates":[137.538743,34.8512045]},"properties":{"id":9830592294,"name":"比丘尼城趾"}},{"type":"Feature","geometry":{"type":"Point","coordinates":[137.5328066,34.7563337]},"properties":{"id":9831096979,"name":"宇津山城跡"}},{"type":"Feature","geometry":{"type":"Point","coordinates":[132.8188322,35.4398271]},"properties":{"id":9895373033,"name":"平田城"}},{"type":"Feature","geometry":{"type":"Point","coordinates":[139.9800134,36.1131653]},"properties":{"id":9895711978,"name":"豊田城"}},{"type":"Feature","geometry":{"type":"Point","coordinates":[141.1235289,38.8979511]},"properties":{"id":9946263315,"name":"的場館跡"}},{"type":"Feature","geometry":{"type":"Point","coordinates":[133.8774426,34.9096422]},"properties":{"id":9987581018,"name":"鶴田城跡"}},{"type":"Feature","geometry":{"type":"Point","coordinates":[141.0863131,38.9162725]},"properties":{"id":10035822182,"name":"上黒沢城跡"}},{"type":"Feature","geometry":{"type":"Point","coordinates":[133.3471241,35.4051831]},"properties":{"id":10120487314,"name":"石井要害跡"}},{"type":"Feature","geometry":{"type":"Point","coordinates":[137.8260525,35.4835677]},"properties":{"id":10134604129,"name":"鈴岡城址"}},{"type":"Feature","geometry":{"type":"Point","coordinates":[137.8625279,35.493737]},"properties":{"id":10134780400,"name":"北原城址"}},{"type":"Feature","geometry":{"type":"Point","coordinates":[137.8765573,35.4870425]},"properties":{"id":10145440844,"name":"富田城址"}},{"type":"Feature","geometry":{"type":"Point","coordinates":[137.8880648,35.5093871]},"properties":{"id":10148646438,"name":"小川松下城跡"}},{"type":"Feature","geometry":{"type":"Point","coordinates":[139.8204815,35.1604465]},"properties":{"id":10203588102,"name":"金谷城跡"}},{"type":"Feature","geometry":{"type":"Point","coordinates":[137.3489861,35.3754004]},"properties":{"id":10255672649,"name":"椋実城跡"}},{"type":"Feature","geometry":{"type":"Point","coordinates":[135.2552792,35.0618787]},"properties":{"id":10310260009,"name":"八上城跡"}},{"type":"Feature","geometry":{"type":"Point","coordinates":[130.2657924,32.8702279]},"properties":{"id":10596524166,"name":"鶴亀城址"}},{"type":"Feature","geometry":{"type":"Point","coordinates":[135.8038143,35.0761848]},"properties":{"id":10684917511,"name":"岩倉花園城"}},{"type":"Feature","geometry":{"type":"Point","coordinates":[135.7953249,35.0820994]},"properties":{"id":10684930069,"name":"岩倉長谷城"}},{"type":"Feature","geometry":{"type":"Point","coordinates":[135.7972416,35.0698254]},"properties":{"id":10684930070,"name":"三宅八幡城"}},{"type":"Feature","geometry":{"type":"Point","coordinates":[135.8033863,35.0660355]},"properties":{"id":10684930071,"name":"八瀬城"}},{"type":"Feature","geometry":{"type":"Point","coordinates":[135.8066792,35.0623324]},"properties":{"id":10684930091,"name":"御蔭山城"}},{"type":"Feature","geometry":{"type":"Point","coordinates":[135.7888239,35.0552402]},"properties":{"id":10684930092,"name":"松ヶ崎城"}},{"type":"Feature","geometry":{"type":"Point","coordinates":[135.7872161,35.0797183]},"properties":{"id":10684930093,"name":"小倉山城"}},{"type":"Feature","geometry":{"type":"Point","coordinates":[135.7802393,35.0803837]},"properties":{"id":10684930103,"name":"岩倉上蔵城"}},{"type":"Feature","geometry":{"type":"Point","coordinates":[135.8028658,35.0396417]},"properties":{"id":10684941824,"name":"将軍山城"}},{"type":"Feature","geometry":{"type":"Point","coordinates":[139.296813,36.0325378]},"properties":{"id":10749686042,"name":"比企城館跡群小倉城跡"}},{"type":"Feature","geometry":{"type":"Point","coordinates":[130.0931454,33.2532638]},"properties":{"id":10786992396,"name":"梶峰城跡"}},{"type":"Feature","geometry":{"type":"Point","coordinates":[138.0427653,35.5699689]},"properties":{"id":10975951725,"name":"堀田城跡"}},{"type":"Feature","geometry":{"type":"Point","coordinates":[130.3699869,33.2727265]},"properties":{"id":10994993451,"name":"直鳥城跡"}},{"type":"Feature","geometry":{"type":"Point","coordinates":[137.8187491,35.5155186]},"properties":{"id":11006390739,"name":"飯田城外堀跡"}},{"type":"Feature","geometry":{"type":"Point","coordinates":[141.178093,38.8544244]},"properties":{"id":11019564408,"name":"朝日館跡"}},{"type":"Feature","geometry":{"type":"Point","coordinates":[137.852092,35.5353126]},"properties":{"id":11022735660,"name":"南本城城跡"}},{"type":"Feature","geometry":{"type":"Point","coordinates":[145.4985289,43.1674154]},"properties":{"id":11038466847,"name":"アフラモイチャシ"}},{"type":"Feature","geometry":{"type":"Point","coordinates":[138.0589727,35.5888969]},"properties":{"id":11045661355,"name":"駿木城跡"}},{"type":"Feature","geometry":{"type":"Point","coordinates":[135.903505,34.6761029]},"properties":{"id":11169063876,"name":"誓多林城跡"}},{"type":"Feature","geometry":{"type":"Point","coordinates":[135.9181285,34.6782094]},"properties":{"id":11169130671,"name":"大平尾城跡"}},{"type":"Feature","geometry":{"type":"Point","coordinates":[135.9446394,34.674539]},"properties":{"id":11169139249,"name":"水間城跡"}},{"type":"Feature","geometry":{"type":"Point","coordinates":[135.9704793,34.7381442]},"properties":{"id":11169169209,"name":"興ヶ原城跡"}},{"type":"Feature","geometry":{"type":"Point","coordinates":[135.9553535,34.7310527]},"properties":{"id":11170942513,"name":"柳生城跡"}},{"type":"Feature","geometry":{"type":"Point","coordinates":[134.3875784,35.6172083]},"properties":{"id":11252065477,"name":"亀山城"}},{"type":"Feature","geometry":{"type":"Point","coordinates":[134.3891073,35.6163667]},"properties":{"id":11252065478,"name":"居組城"}},{"type":"Feature","geometry":{"type":"Point","coordinates":[135.9330762,34.7015734]},"properties":{"id":11257001322,"name":"大柳生城跡"}},{"type":"Feature","geometry":{"type":"Point","coordinates":[139.6266039,35.4719309]},"properties":{"id":11347427316,"name":"青木城跡（神奈川区NO.70遺跡）"}},{"type":"Feature","geometry":{"type":"Point","coordinates":[139.6285351,35.4717932]},"properties":{"id":11347427317,"name":"権現山城跡（神奈川区NO.71遺跡）"}},{"type":"Feature","geometry":{"type":"Point","coordinates":[138.0625905,35.8332253]},"properties":{"id":11363540460,"name":"高遠城跡"}},{"type":"Feature","geometry":{"type":"Point","coordinates":[138.0874813,35.7925982]},"properties":{"id":11376600840,"name":"大徳王寺城趾"}},{"type":"Feature","geometry":{"type":"Point","coordinates":[138.1725541,36.4364832]},"properties":{"id":11381081769,"name":"狐落城跡"}},{"type":"Feature","geometry":{"type":"Point","coordinates":[138.1692643,36.4334997]},"properties":{"id":11381081770,"name":"三水城跡"}},{"type":"Feature","geometry":{"type":"Point","coordinates":[138.154226,36.4530696]},"properties":{"id":11381081771,"name":"出浦城跡"}},{"type":"Feature","geometry":{"type":"Point","coordinates":[138.1729371,36.4735494]},"properties":{"id":11381081772,"name":"葛尾城跡"}},{"type":"Feature","geometry":{"type":"Point","coordinates":[138.1679388,36.4740215]},"properties":{"id":11381081773,"name":"岩崎城跡"}},{"type":"Feature","geometry":{"type":"Point","coordinates":[138.1717052,36.4676779]},"properties":{"id":11381081774,"name":"姫城跡"}},{"type":"Feature","geometry":{"type":"Point","coordinates":[138.1589982,36.419785]},"properties":{"id":11381081775,"name":"伊勢崎城跡"}},{"type":"Feature","geometry":{"type":"Point","coordinates":[136.0312317,35.3693227]},"properties":{"id":11382550658,"name":"五十川城址"}},{"type":"Feature","geometry":{"type":"Point","coordinates":[138.0863475,35.7775793]},"properties":{"id":11387075477,"name":"艮城址"}},{"type":"Feature","geometry":{"type":"Point","coordinates":[138.1306932,36.5329974]},"properties":{"id":11451594984,"name":"屋代城跡"}},{"type":"Feature","geometry":{"type":"Point","coordinates":[138.0891006,36.5359842]},"properties":{"id":11513884686,"name":"小坂城跡"}},{"type":"Feature","geometry":{"type":"Point","coordinates":[131.3837761,34.4175201]},"properties":{"id":11630385962,"name":"萩城"}},{"type":"Feature","geometry":{"type":"Point","coordinates":[138.9916354,35.3635998]},"properties":{"id":11680897667,"name":"生土城"}},{"type":"Feature","geometry":{"type":"Point","coordinates":[138.0678144,36.5248611]},"properties":{"id":11757284058,"name":"竜王城跡"}},{"type":"Feature","geometry":{"type":"Point","coordinates":[138.1440868,36.4625276]},"properties":{"id":11761127458,"name":"入山城跡"}},{"type":"Feature","geometry":{"type":"Point","coordinates":[138.1308788,36.479]},"properties":{"id":11761127459,"name":"若宮入山城跡"}},{"type":"Feature","geometry":{"type":"Point","coordinates":[138.1345944,36.4795123]},"properties":{"id":11761127460,"name":"荒砥小城跡"}},{"type":"Feature","geometry":{"type":"Point","coordinates":[138.1261205,36.4780299]},"properties":{"id":11761127461,"name":"證城跡"}},{"type":"Feature","geometry":{"type":"Point","coordinates":[138.1120156,36.4861179]},"properties":{"id":11761135369,"name":"中院林城跡"}},{"type":"Feature","geometry":{"type":"Point","coordinates":[134.9061826,35.0089441]},"properties":{"id":11775104792,"name":"光竜寺城跡"}},{"type":"Feature","geometry":{"type":"Point","coordinates":[130.478729,33.3889546]},"properties":{"id":11807694363,"name":"葛籠城跡"}},{"type":"Feature","geometry":{"type":"Point","coordinates":[130.4896188,33.3937067]},"properties":{"id":11807694364,"name":"鏡城跡"}},{"type":"Feature","geometry":{"type":"Point","coordinates":[130.4603451,33.3966671]},"properties":{"id":11807694365,"name":"鬼ヶ城跡"}},{"type":"Feature","geometry":{"type":"Point","coordinates":[130.4748559,33.3960715]},"properties":{"id":11807694366,"name":"若山砦跡"}},{"type":"Feature","geometry":{"type":"Point","coordinates":[130.4715943,33.3901326]},"properties":{"id":11807694367,"name":"高取城跡"}},{"type":"Feature","geometry":{"type":"Point","coordinates":[130.466415,33.3950302]},"properties":{"id":11807694368,"name":"筑紫氏居館跡"}},{"type":"Feature","geometry":{"type":"Point","coordinates":[130.4654494,33.4015487]},"properties":{"id":11807694369,"name":"勝尾城跡"}},{"type":"Feature","geometry":{"type":"Point","coordinates":[135.9628961,35.337145]},"properties":{"id":11833952678,"name":"太山寺城"}},{"type":"Feature","geometry":{"type":"Point","coordinates":[134.4243523,33.6692922]},"properties":{"id":11860265409,"name":"牟岐城跡"}},{"type":"Feature","geometry":{"type":"Point","coordinates":[132.7095652,34.6736204]},"properties":{"id":11872224337,"name":"吉田郡山城"}},{"type":"Feature","geometry":{"type":"Point","coordinates":[131.4747624,32.1676059]},"properties":{"id":12057602950,"name":"高城跡"}},{"type":"Feature","geometry":{"type":"Point","coordinates":[135.739073,35.4882833]},"properties":{"id":12099560849,"name":"後瀬山城"}},{"type":"Feature","geometry":{"type":"Point","coordinates":[137.9469983,35.829911]},"properties":{"id":12119552314,"name":"小黒城跡"}},{"type":"Feature","geometry":{"type":"Point","coordinates":[137.9813615,35.8879164]},"properties":{"id":12137102404,"name":"中込城跡"}},{"type":"Feature","geometry":{"type":"Point","coordinates":[137.9805502,35.8906161]},"properties":{"id":12137102405,"name":"棚木城跡"}},{"type":"Feature","geometry":{"type":"Point","coordinates":[137.9819973,35.9260647]},"properties":{"id":12139295976,"name":"大出城跡"}},{"type":"Feature","geometry":{"type":"Point","coordinates":[130.0416293,33.3116819]},"properties":{"id":12148146793,"name":"獅子ケ城跡"}},{"type":"Feature","geometry":{"type":"Point","coordinates":[138.0937824,35.8944532]},"properties":{"id":12156990737,"name":"台の城山"}},{"type":"Feature","geometry":{"type":"Point","coordinates":[138.1362233,35.9901889]},"properties":{"id":12158773153,"name":"干沢城跡"}},{"type":"Feature","geometry":{"type":"Point","coordinates":[138.0649424,35.8422233]},"properties":{"id":12159407843,"name":"的場城跡"}},{"type":"Feature","geometry":{"type":"Point","coordinates":[134.5545709,34.0750636]},"properties":{"id":12285186670,"name":"徳島城跡"}},{"type":"Feature","geometry":{"type":"Point","coordinates":[133.6211704,34.8051899]},"properties":{"id":12294491822,"name":"下太鼓の丸跡"}},{"type":"Feature","geometry":{"type":"Point","coordinates":[133.6221435,34.8065973]},"properties":{"id":12294491823,"name":"中太鼓櫓跡"}},{"type":"Feature","geometry":{"type":"Point","coordinates":[133.6226847,34.8101579]},"properties":{"id":12306879278,"name":"番所跡"}},{"type":"Feature","geometry":{"type":"Point","coordinates":[133.624551,34.8147181]},"properties":{"id":12307023081,"name":"切通及び番所跡"}},{"type":"Feature","geometry":{"type":"Point","coordinates":[133.6241637,34.8136371]},"properties":{"id":12307023100,"name":"国指定史跡 備中松山城跡"}},{"type":"Feature","geometry":{"type":"Point","coordinates":[133.6193671,34.8025053]},"properties":{"id":12308804054,"name":"備中松山城あせびの丸跡"}},{"type":"Feature","geometry":{"type":"Point","coordinates":[139.6532807,35.9564625]},"properties":{"id":12364251695,"name":"丸ヶ崎館跡"}},{"type":"Feature","geometry":{"type":"Point","coordinates":[127.7824601,26.4307104]},"properties":{"id":12472913287,"name":"山田グスク"}},{"type":"Feature","geometry":{"type":"Point","coordinates":[138.0960952,35.9271935]},"properties":{"id":12486083901,"name":"藤沢城跡"}},{"type":"Feature","geometry":{"type":"Point","coordinates":[137.8205547,34.8895684]},"properties":{"id":12581555121,"name":"高岡城跡"}},{"type":"Feature","geometry":{"type":"Point","coordinates":[128.1605222,26.7100921]},"properties":{"id":12625127376,"name":"根謝銘グスク"}},{"type":"Feature","geometry":{"type":"Point","coordinates":[138.08457,34.7120029]},"properties":{"id":12688028967,"name":"堤城跡（千畳敷）"}},{"type":"Feature","geometry":{"type":"Point","coordinates":[138.0831477,34.7116422]},"properties":{"id":12688028968,"name":"堤城跡（出丸）"}},{"type":"Feature","geometry":{"type":"Point","coordinates":[127.792461,26.1482144]},"properties":{"id":12695674311,"name":"垣花グスク"}},{"type":"Feature","geometry":{"type":"Point","coordinates":[127.7698129,26.1441726]},"properties":{"id":12695866757,"name":"仲栄真グスク"}},{"type":"Feature","geometry":{"type":"Point","coordinates":[127.7681217,26.1422075]},"properties":{"id":12695876573,"name":"安次富グスク"}},{"type":"Feature","geometry":{"type":"Point","coordinates":[127.7678771,26.1418826]},"properties":{"id":12695908701,"name":"大川グスク"}},{"type":"Feature","geometry":{"type":"Point","coordinates":[127.7991728,26.1519561]},"properties":{"id":12726995500,"name":"志喜屋グスク"}},{"type":"Feature","geometry":{"type":"Point","coordinates":[127.7978942,26.1534491]},"properties":{"id":12727084701,"name":"古間グスク（カンチャグスク）"}},{"type":"Feature","geometry":{"type":"Point","coordinates":[127.7915028,26.1403328]},"properties":{"id":12727084702,"name":"大城グスク（ウフグスクグスク）"}},{"type":"Feature","geometry":{"type":"Point","coordinates":[127.7645427,26.152734]},"properties":{"id":12727084703,"name":"根石グスク"}},{"type":"Feature","geometry":{"type":"Point","coordinates":[127.7626308,26.1518172]},"properties":{"id":12727085084,"name":"糸数グスク"}},{"type":"Feature","geometry":{"type":"Point","coordinates":[127.7729601,26.1303832]},"properties":{"id":12727085085,"name":"崎グスク（サチグスク）"}},{"type":"Feature","geometry":{"type":"Point","coordinates":[127.7728433,26.1302559]},"properties":{"id":12727085086,"name":"奥武グスク"}},{"type":"Feature","geometry":{"type":"Point","coordinates":[127.7610802,26.1738832]},"properties":{"id":12727085087,"name":"イーグスク（山グスク）"}},{"type":"Feature","geometry":{"type":"Point","coordinates":[127.7644157,26.1856456]},"properties":{"id":12727085088,"name":"ミーグスク"}},{"type":"Feature","geometry":{"type":"Point","coordinates":[127.7575413,26.1529162]},"properties":{"id":12728096939,"name":"船越グスク"}},{"type":"Feature","geometry":{"type":"Point","coordinates":[130.6894675,33.0120812]},"properties":{"id":12735204558,"name":"山鹿城跡"}},{"type":"Feature","geometry":{"type":"Point","coordinates":[135.622632,35.1567799]},"properties":{"id":12810796925,"name":"周山城趾"}},{"type":"Feature","geometry":{"type":"Point","coordinates":[136.899177,35.1853191]},"properties":{"id":12818799098,"name":"名古屋城"}},{"type":"Feature","geometry":{"type":"Point","coordinates":[132.7659941,33.844972]},"properties":{"id":12827570072,"name":"Matsuyama Castle"}},{"type":"Feature","geometry":{"type":"Point","coordinates":[127.7541871,26.2469724]},"properties":{"id":12852061025,"name":"棚原グスク"}},{"type":"Feature","geometry":{"type":"Point","coordinates":[129.8759583,33.5270662]},"properties":{"id":12871663877,"name":"名護屋城跡"}},{"type":"Feature","geometry":{"type":"Point","coordinates":[139.8782215,35.6311924]},"properties":{"id":12883893925,"name":"美女と野獣の城"}},{"type":"Feature","geometry":{"type":"Point","coordinates":[130.3028388,33.2453451]},"properties":{"id":12902924455,"name":"佐賀城"}},{"type":"Feature","geometry":{"type":"Point","coordinates":[138.9048003,35.1930231]},"properties":{"id":12958916000,"name":"千福城趾"}},{"type":"Feature","geometry":{"type":"Point","coordinates":[139.1278781,35.2354972]},"properties":{"id":13004002411,"name":"石垣山城"}},{"type":"Feature","geometry":{"type":"Point","coordinates":[139.6385686,35.921664]},"properties":{"id":13166811555,"name":"寿能城跡"}},{"type":"Feature","geometry":{"type":"Point","coordinates":[139.7088981,35.9029573]},"properties":{"id":13166815985,"name":"代山城跡"}},{"type":"Feature","geometry":{"type":"Point","coordinates":[127.7866267,26.2734122]},"properties":{"id":13249297773,"name":"新垣グスク"}},{"type":"Feature","geometry":{"type":"Point","coordinates":[127.761086,26.2511599]},"properties":{"id":13249336074,"name":"イシグスク"}},{"type":"Feature","geometry":{"type":"Point","coordinates":[127.7515935,26.2541025]},"properties":{"id":13249364012,"name":"我如古グスク"}},{"type":"Feature","geometry":{"type":"Point","coordinates":[144.4086313,42.9776589]},"properties":{"id":13284829158,"name":"鶴ヶ岱チャランケ砦跡"}},{"type":"Feature","geometry":{"type":"Point","coordinates":[137.8933009,35.5377314]},"properties":{"id":13380428389,"name":"古城（伴野城）跡"}},{"type":"Feature","geometry":{"type":"Point","coordinates":[139.0254405,37.8618346]},"properties":{"id":13439075548,"name":"二宮家住宅"}},{"type":"Feature","geometry":{"type":"Point","coordinates":[135.5422512,35.0787373]},"properties":{"id":13664582319,"name":"刑部城跡"}},{"type":"Feature","geometry":{"type":"Point","coordinates":[135.5451865,35.0757314]},"properties":{"id":13664582359,"name":"西田城跡"}},{"type":"Feature","geometry":{"type":"Point","coordinates":[137.0808492,35.0527797]},"properties":{"id":13816981360,"name":"本地城址"}},{"type":"Feature","geometry":{"type":"Point","coordinates":[127.7889303,26.3077307]},"properties":{"id":13822973297,"name":"ヒニグスク"}},{"type":"Feature","geometry":{"type":"Point","coordinates":[132.510733,33.3755657]},"properties":{"id":13848497960,"name":"松葉城址"}},{"type":"Feature","geometry":{"type":"Point","coordinates":[134.69402,34.8393314]},"properties":{"id":23707900,"name":"姫路城"}},{"type":"Feature","geometry":{"type":"Point","coordinates":[139.9297586,37.4877072]},"properties":{"id":24270507,"name":"鶴ヶ城"}},{"type":"Feature","geometry":{"type":"Point","coordinates":[135.5258547,34.6873727]},"properties":{"id":34619038,"name":"大阪城"}},{"type":"Feature","geometry":{"type":"Point","coordinates":[135.7485092,35.0139647]},"properties":{"id":57111281,"name":"二条城"}},{"type":"Feature","geometry":{"type":"Point","coordinates":[139.4914302,35.9243497]},"properties":{"id":59324350,"name":"川越城"}},{"type":"Feature","geometry":{"type":"Point","coordinates":[140.8559824,38.2526814]},"properties":{"id":60100947,"name":"仙台城"}},{"type":"Feature","geometry":{"type":"Point","coordinates":[139.421251,36.0369082]},"properties":{"id":91197653,"name":"松山城跡"}},{"type":"Feature","geometry":{"type":"Point","coordinates":[139.3767125,36.316923]},"properties":{"id":91223279,"name":"新田金山城"}},{"type":"Feature","geometry":{"type":"Point","coordinates":[139.6581417,35.4171366]},"properties":{"id":95639557,"name":"臨春閣"}},{"type":"Feature","geometry":{"type":"Point","coordinates":[139.7250919,35.6780898]},"properties":{"id":97234607,"name":"東宮御所"}},{"type":"Feature","geometry":{"type":"Point","coordinates":[135.7469416,35.0134867]},"properties":{"id":99444878,"name":"天守閣跡"}},{"type":"Feature","geometry":{"type":"Point","coordinates":[137.5052027,35.2140368]},"properties":{"id":100280297,"name":"武節城址"}},{"type":"Feature","geometry":{"type":"Point","coordinates":[133.5314388,33.5606904]},"properties":{"id":126495756,"name":"高知城"}},{"type":"Feature","geometry":{"type":"Point","coordinates":[138.3848675,34.9774072]},"properties":{"id":140637708,"name":"巽櫓"}},{"type":"Feature","geometry":{"type":"Point","coordinates":[139.7127225,35.6575799]},"properties":{"id":141296986,"name":"常盤松御用邸"}},{"type":"Feature","geometry":{"type":"Point","coordinates":[139.7308239,35.6765]},"properties":{"id":145108372,"name":"秋篠宮邸"}},{"type":"Feature","geometry":{"type":"Point","coordinates":[139.7304033,35.6801198]},"properties":{"id":145108426,"name":"迎賓館 和風別館 「游心亭」"}},{"type":"Feature","geometry":{"type":"Point","coordinates":[139.7293274,35.6753203]},"properties":{"id":145115283,"name":"三笠宮邸"}},{"type":"Feature","geometry":{"type":"Point","coordinates":[139.7277993,35.6746605]},"properties":{"id":145115287,"name":"高円宮邸"}},{"type":"Feature","geometry":{"type":"Point","coordinates":[132.4595142,34.4015348]},"properties":{"id":145661233,"name":"広島城"}},{"type":"Feature","geometry":{"type":"Point","coordinates":[130.8741666,33.8844954]},"properties":{"id":153209407,"name":"小倉城"}},{"type":"Feature","geometry":{"type":"Point","coordinates":[130.5997864,32.5076218]},"properties":{"id":158829859,"name":"八代城"}},{"type":"Feature","geometry":{"type":"Point","coordinates":[139.1534404,35.2510041]},"properties":{"id":167050294,"name":"小田原城天守閣"}},{"type":"Feature","geometry":{"type":"Point","coordinates":[136.2044689,35.2252842]},"properties":{"id":176319591,"name":"山崎山城跡"}},{"type":"Feature","geometry":{"type":"Point","coordinates":[136.2721252,36.1523587]},"properties":{"id":181455166,"name":"丸岡城"}},{"type":"Feature","geometry":{"type":"Point","coordinates":[139.7362566,35.6407571]},"properties":{"id":190883265,"name":"高輪皇族邸"}},{"type":"Feature","geometry":{"type":"Point","coordinates":[136.6595722,36.5656325]},"properties":{"id":197980651,"name":"金沢城"}},{"type":"Feature","geometry":{"type":"Point","coordinates":[136.2521014,35.2770307]},"properties":{"id":209262408,"name":"彦根城"}},{"type":"Feature","geometry":{"type":"Point","coordinates":[132.7410165,33.8443732]},"properties":{"id":213563390,"name":"フライブルク城"}},{"type":"Feature","geometry":{"type":"Point","coordinates":[139.8808499,35.6320774]},"properties":{"id":217727348,"name":"シンデレラ城"}},{"type":"Feature","geometry":{"type":"Point","coordinates":[127.9296047,26.691034]},"properties":{"id":218648052,"name":"今帰仁城"}},{"type":"Feature","geometry":{"type":"Point","coordinates":[127.7417167,26.4084583]},"properties":{"id":218648820,"name":"座喜味城"}},{"type":"Feature","geometry":{"type":"Point","coordinates":[136.9372323,35.3332769]},"properties":{"id":230925900,"name":"お菓子の城"}},{"type":"Feature","geometry":{"type":"Point","coordinates":[138.1120088,36.0397872]},"properties":{"id":233643278,"name":"高島城"}},{"type":"Feature","geometry":{"type":"Point","coordinates":[136.9392776,35.3883304]},"properties":{"id":234510746,"name":"犬山城"}},{"type":"Feature","geometry":{"type":"Point","coordinates":[140.3282873,38.255516]},"properties":{"id":237928625,"name":"山形城"}},{"type":"Feature","geometry":{"type":"Point","coordinates":[140.6049049,40.7177237]},"properties":{"id":239998599,"name":"浪岡城"}},{"type":"Feature","geometry":{"type":"Point","coordinates":[136.4435781,36.4125803]},"properties":{"id":241745424,"name":"小松城 天守台（通称御天守）"}},{"type":"Feature","geometry":{"type":"Point","coordinates":[135.3708128,34.458944]},"properties":{"id":242226325,"name":"小天守閣"}},{"type":"Feature","geometry":{"type":"Point","coordinates":[136.1646319,34.970449]},"properties":{"id":242303038,"name":"水口城址"}},{"type":"Feature","geometry":{"type":"Point","coordinates":[136.8304143,34.9400051]},"properties":{"id":242614655,"name":"大草城"}},{"type":"Feature","geometry":{"type":"Point","coordinates":[132.5411347,33.5095479]},"properties":{"id":244039533,"name":"大洲城"}},{"type":"Feature","geometry":{"type":"Point","coordinates":[141.2638973,40.3809932]},"properties":{"id":245399145,"name":"三戸町立歴史民俗資料館・三戸城温故館"}},{"type":"Feature","geometry":{"type":"Point","coordinates":[136.6160761,35.3619534]},"properties":{"id":253443597,"name":"Ogaki Castle"}},{"type":"Feature","geometry":{"type":"Point","coordinates":[139.0042668,36.3238603]},"properties":{"id":265789865,"name":"高崎城跡"}},{"type":"Feature","geometry":{"type":"Point","coordinates":[133.0507625,35.4750984]},"properties":{"id":299654325,"name":"松江城"}},{"type":"Feature","geometry":{"type":"Point","coordinates":[137.9689341,36.2386587]},"properties":{"id":300077872,"name":"松本城"}},{"type":"Feature","geometry":{"type":"Point","coordinates":[135.3990874,34.7572775]},"properties":{"id":305404044,"name":"富松城跡"}},{"type":"Feature","geometry":{"type":"Point","coordinates":[133.1936164,34.4073507]},"properties":{"id":307662557,"name":"尾道城"}},{"type":"Feature","geometry":{"type":"Point","coordinates":[134.9870983,34.7994004]},"properties":{"id":322811964,"name":"上の丸公園"}},{"type":"Feature","geometry":{"type":"Point","coordinates":[133.6221797,34.8086294]},"properties":{"id":323418326,"name":"備中松山城"}},{"type":"Feature","geometry":{"type":"Point","coordinates":[133.6220449,34.8079868]},"properties":{"id":323418327,"name":"三の丸"}},{"type":"Feature","geometry":{"type":"Point","coordinates":[133.622173,34.8088942]},"properties":{"id":323418329,"name":"本丸"}},{"type":"Feature","geometry":{"type":"Point","coordinates":[133.6223554,34.809109]},"properties":{"id":323418330,"name":"天守"}},{"type":"Feature","geometry":{"type":"Point","coordinates":[133.6224627,34.8093601]},"properties":{"id":323418331,"name":"二重櫓"}},{"type":"Feature","geometry":{"type":"Point","coordinates":[133.6225544,34.8117287]},"properties":{"id":323426356,"name":"史跡 備中松山城跡"}},{"type":"Feature","geometry":{"type":"Point","coordinates":[137.1827005,36.6981201]},"properties":{"id":338911126,"name":"大峪城跡"}},{"type":"Feature","geometry":{"type":"Point","coordinates":[139.5319096,35.800424]},"properties":{"id":339495991,"name":"滝の城跡"}},{"type":"Feature","geometry":{"type":"Point","coordinates":[130.3824418,33.5846204]},"properties":{"id":345642780,"name":"舞鶴公園"}},{"type":"Feature","geometry":{"type":"Point","coordinates":[137.0288384,35.2187627]},"properties":{"id":354224023,"name":"旭城"}},{"type":"Feature","geometry":{"type":"Point","coordinates":[134.1995062,35.4038375]},"properties":{"id":360584311,"name":"河原城"}},{"type":"Feature","geometry":{"type":"Point","coordinates":[130.398274,33.1581939]},"properties":{"id":360717768,"name":"御花"}},{"type":"Feature","geometry":{"type":"Point","coordinates":[133.9360453,34.6652026]},"properties":{"id":363563168,"name":"岡山城"}},{"type":"Feature","geometry":{"type":"Point","coordinates":[136.7820511,35.4339171]},"properties":{"id":363719558,"name":"岐阜城"}},{"type":"Feature","geometry":{"type":"Point","coordinates":[136.1271589,34.7701499]},"properties":{"id":363749528,"name":"大天守"}},{"type":"Feature","geometry":{"type":"Point","coordinates":[136.1271152,34.7699608]},"properties":{"id":363749529,"name":"小天守"}},{"type":"Feature","geometry":{"type":"Point","coordinates":[133.6220022,34.8088159]},"properties":{"id":363841157,"name":"六の平櫓"}},{"type":"Feature","geometry":{"type":"Point","coordinates":[135.2176938,35.0728718]},"properties":{"id":369701041,"name":"篠山城跡"}},{"type":"Feature","geometry":{"type":"Point","coordinates":[141.0126238,37.2670921]},"properties":{"id":371603815,"name":"天神山城跡"}},{"type":"Feature","geometry":{"type":"Point","coordinates":[130.7054918,32.8053638]},"properties":{"id":375062710,"name":"熊本城"}},{"type":"Feature","geometry":{"type":"Point","coordinates":[134.3894773,34.7493991]},"properties":{"id":378909312,"name":"大手隅櫓"}},{"type":"Feature","geometry":{"type":"Point","coordinates":[130.9360084,33.3325792]},"properties":{"id":388816124,"name":"月隈城跡"}},{"type":"Feature","geometry":{"type":"Point","coordinates":[133.5675475,34.0130162]},"properties":{"id":410680285,"name":"川之江城天守閣"}},{"type":"Feature","geometry":{"type":"Point","coordinates":[133.5676612,34.0134382]},"properties":{"id":410680396,"name":"川之江城櫓門"}},{"type":"Feature","geometry":{"type":"Point","coordinates":[133.5677218,34.0138983]},"properties":{"id":410680442,"name":"川之江城涼櫓"}},{"type":"Feature","geometry":{"type":"Point","coordinates":[136.2607678,35.3775155]},"properties":{"id":412923591,"name":"長浜城"}},{"type":"Feature","geometry":{"type":"Point","coordinates":[133.3611349,34.4910404]},"properties":{"id":421566344,"name":"福山城"}},{"type":"Feature","geometry":{"type":"Point","coordinates":[139.7859347,36.3049053]},"properties":{"id":427642592,"name":"鷲城跡　国指定史跡"}},{"type":"Feature","geometry":{"type":"Point","coordinates":[133.6221206,34.8064347]},"properties":{"id":431597747,"name":"中太鼓の丸跡"}},{"type":"Feature","geometry":{"type":"Point","coordinates":[132.1742329,34.1752324]},"properties":{"id":436641226,"name":"Iwakuni Castle"}},{"type":"Feature","geometry":{"type":"Point","coordinates":[144.3960088,42.983595]},"properties":{"id":437668854,"name":"モシリヤチャシ跡"}},{"type":"Feature","geometry":{"type":"Point","coordinates":[135.700301,34.9182152]},"properties":{"id":438277655,"name":"勝龍寺城公園"}},{"type":"Feature","geometry":{"type":"Point","coordinates":[140.1982676,35.9666324]},"properties":{"id":440466823,"name":"小坂城跡"}},{"type":"Feature","geometry":{"type":"Point","coordinates":[140.5060898,37.5474844]},"properties":{"id":443213309,"name":"宮森城址"}},{"type":"Feature","geometry":{"type":"Point","coordinates":[140.5120154,37.5640975]},"properties":{"id":443763648,"name":"小浜城本丸跡"}},{"type":"Feature","geometry":{"type":"Point","coordinates":[139.9659184,36.553406]},"properties":{"id":452377118,"name":"飛山城"}},{"type":"Feature","geometry":{"type":"Point","coordinates":[134.0924312,34.9241427]},"properties":{"id":455096115,"name":"周匝茶臼山城"}},{"type":"Feature","geometry":{"type":"Point","coordinates":[129.2854409,34.2076676]},"properties":{"id":463778719,"name":"清水山城"}},{"type":"Feature","geometry":{"type":"Point","coordinates":[130.3672532,32.7892377]},"properties":{"id":477197128,"name":"島原城キリシタン史料館"}},{"type":"Feature","geometry":{"type":"Point","coordinates":[140.3937602,36.634074]},"properties":{"id":484898638,"name":"御城展望台"}},{"type":"Feature","geometry":{"type":"Point","coordinates":[140.1083746,41.4297909]},"properties":{"id":488836870,"name":"松前城"}},{"type":"Feature","geometry":{"type":"Point","coordinates":[130.7230801,33.3028313]},"properties":{"id":491021544,"name":"鷹取城跡"}},{"type":"Feature","geometry":{"type":"Point","coordinates":[137.0470558,35.0431181]},"properties":{"id":494074988,"name":"林間遊具"}},{"type":"Feature","geometry":{"type":"Point","coordinates":[134.6301826,34.8866231]},"properties":{"id":499258419,"name":"白鳥城"}},{"type":"Feature","geometry":{"type":"Point","coordinates":[131.4258759,32.0479413]},"properties":{"id":499615839,"name":"佐土原城跡 二の丸跡"}},{"type":"Feature","geometry":{"type":"Point","coordinates":[129.9781934,33.4535131]},"properties":{"id":500427895,"name":"唐津城"}},{"type":"Feature","geometry":{"type":"Point","coordinates":[135.4318551,34.6691912]},"properties":{"id":501233717,"name":"ホグワーツ城"}},{"type":"Feature","geometry":{"type":"Point","coordinates":[131.4630796,34.1843843]},"properties":{"id":505704993,"name":"高嶺城跡"}},{"type":"Feature","geometry":{"type":"Point","coordinates":[130.8641695,33.5717132]},"properties":{"id":506061161,"name":"岩石城"}},{"type":"Feature","geometry":{"type":"Point","coordinates":[131.3222215,31.9335151]},"properties":{"id":511273388,"name":"穆佐城跡"}},{"type":"Feature","geometry":{"type":"Point","coordinates":[139.7508321,35.6838556]},"properties":{"id":534754971,"name":"皇居"}},{"type":"Feature","geometry":{"type":"Point","coordinates":[133.770812,34.237446]},"properties":{"id":538148233,"name":"仲村城址"}},{"type":"Feature","geometry":{"type":"Point","coordinates":[130.074743,33.1773564]},"properties":{"id":541293217,"name":"肥前犬山城"}},{"type":"Feature","geometry":{"type":"Point","coordinates":[137.1603265,36.6800408]},"properties":{"id":546967348,"name":"安田城跡"}},{"type":"Feature","geometry":{"type":"Point","coordinates":[137.8089667,34.8620074]},"properties":{"id":548705542,"name":"二俣城天守跡"}},{"type":"Feature","geometry":{"type":"Point","coordinates":[138.9756831,34.6685698]},"properties":{"id":550618922,"name":"須崎御用邸"}},{"type":"Feature","geometry":{"type":"Point","coordinates":[135.7656478,35.0216416]},"properties":{"id":551409599,"name":"仙洞御所"}},{"type":"Feature","geometry":{"type":"Point","coordinates":[136.5326773,34.6054581]},"properties":{"id":551931441,"name":"松ヶ島城跡"}},{"type":"Feature","geometry":{"type":"Point","coordinates":[135.8016171,35.0536419]},"properties":{"id":552545536,"name":"修学院離宮"}},{"type":"Feature","geometry":{"type":"Point","coordinates":[135.7623489,35.025265]},"properties":{"id":554879249,"name":"京都御所"}},{"type":"Feature","geometry":{"type":"Point","coordinates":[139.7269688,35.6767521]},"properties":{"id":558850354,"name":"赤坂御用地"}},{"type":"Feature","geometry":{"type":"Point","coordinates":[137.9999843,35.8961424]},"properties":{"id":561533961,"name":"福与城跡"}},{"type":"Feature","geometry":{"type":"Point","coordinates":[135.104299,35.1789828]},"properties":{"id":570936344,"name":"黒井城跡"}},{"type":"Feature","geometry":{"type":"Point","coordinates":[135.3707662,34.4587898]},"properties":{"id":573872905,"name":"天守閣"}},{"type":"Feature","geometry":{"type":"Point","coordinates":[139.7485585,35.6861349]},"properties":{"id":585644242,"name":"吹上大宮御所"}},{"type":"Feature","geometry":{"type":"Point","coordinates":[136.9614746,35.7530619]},"properties":{"id":585995159,"name":"郡上八幡城"}},{"type":"Feature","geometry":{"type":"Point","coordinates":[129.5575484,33.3685599]},"properties":{"id":586353581,"name":"平戸城"}},{"type":"Feature","geometry":{"type":"Point","coordinates":[131.2937669,31.9623056]},"properties":{"id":592111785,"name":"天ヶ城"}},{"type":"Feature","geometry":{"type":"Point","coordinates":[138.1966798,36.5632805]},"properties":{"id":592789589,"name":"真田邸"}},{"type":"Feature","geometry":{"type":"Point","coordinates":[137.3022348,36.3299912]},"properties":{"id":619683555,"name":"神岡城"}},{"type":"Feature","geometry":{"type":"Point","coordinates":[140.0237901,37.0878747]},"properties":{"id":620206911,"name":"那須御用邸"}},{"type":"Feature","geometry":{"type":"Point","coordinates":[129.2870396,34.2034683]},"properties":{"id":624149783,"name":"金石城東の櫓門"}},{"type":"Feature","geometry":{"type":"Point","coordinates":[137.3594827,34.7529485]},"properties":{"id":626667751,"name":"牟呂城趾"}},{"type":"Feature","geometry":{"type":"Point","coordinates":[136.1742261,35.0831256]},"properties":{"id":628750233,"name":"布施山城跡"}},{"type":"Feature","geometry":{"type":"Point","coordinates":[130.7358883,31.7275782]},"properties":{"id":647186953,"name":"富隈城跡"}},{"type":"Feature","geometry":{"type":"Point","coordinates":[130.2537997,32.6289571]},"properties":{"id":651521340,"name":"櫓台跡"}},{"type":"Feature","geometry":{"type":"Point","coordinates":[135.8268284,34.4295361]},"properties":{"id":671034057,"name":"高取城"}},{"type":"Feature","geometry":{"type":"Point","coordinates":[134.8293714,35.3002848]},"properties":{"id":674728054,"name":"竹田城"}},{"type":"Feature","geometry":{"type":"Point","coordinates":[134.873847,35.460848]},"properties":{"id":675369202,"name":"登城門"}},{"type":"Feature","geometry":{"type":"Point","coordinates":[134.8746523,35.4602587]},"properties":{"id":675369205,"name":"隅櫓（東）"}},{"type":"Feature","geometry":{"type":"Point","coordinates":[134.8740763,35.4601837]},"properties":{"id":675369219,"name":"隅櫓（西）"}},{"type":"Feature","geometry":{"type":"Point","coordinates":[135.4187981,34.7166719]},"properties":{"id":687765338,"name":"尼崎城"}},{"type":"Feature","geometry":{"type":"Point","coordinates":[136.5260281,34.5760069]},"properties":{"id":688382059,"name":"松坂城跡"}},{"type":"Feature","geometry":{"type":"Point","coordinates":[137.7248166,34.7117224]},"properties":{"id":689644600,"name":"浜松城"}},{"type":"Feature","geometry":{"type":"Point","coordinates":[139.8557244,34.9815209]},"properties":{"id":699463376,"name":"館山城跡"}},{"type":"Feature","geometry":{"type":"Point","coordinates":[136.4831401,35.9865414]},"properties":{"id":713559628,"name":"越前大野城"}},{"type":"Feature","geometry":{"type":"Point","coordinates":[135.7460905,35.5041183]},"properties":{"id":753371763,"name":"小浜城址"}},{"type":"Feature","geometry":{"type":"Point","coordinates":[136.1384455,35.1544145]},"properties":{"id":753925745,"name":"安土城"}},{"type":"Feature","geometry":{"type":"Point","coordinates":[140.463659,40.6079383]},"properties":{"id":757850283,"name":"弘前城"}},{"type":"Feature","geometry":{"type":"Point","coordinates":[139.7496658,35.6858515]},"properties":{"id":778975131,"name":"吹上御所 花蔭亭"}},{"type":"Feature","geometry":{"type":"Point","coordinates":[140.5692211,39.3210627]},"properties":{"id":796370106,"name":"横手城"}},{"type":"Feature","geometry":{"type":"Point","coordinates":[140.3617089,36.4930962]},"properties":{"id":828486699,"name":"高久城跡"}},{"type":"Feature","geometry":{"type":"Point","coordinates":[140.489325,36.7544724]},"properties":{"id":829311156,"name":"小里城跡"}},{"type":"Feature","geometry":{"type":"Point","coordinates":[137.7948606,35.4461389]},"properties":{"id":850320671,"name":"旧小笠原家書院"}},{"type":"Feature","geometry":{"type":"Point","coordinates":[138.418458,36.345212]},"properties":{"id":865190847,"name":"富士見城跡"}},{"type":"Feature","geometry":{"type":"Point","coordinates":[142.0352932,43.5805417]},"properties":{"id":870604893,"name":"赤平徳川城"}},{"type":"Feature","geometry":{"type":"Point","coordinates":[130.1037126,33.1800491]},"properties":{"id":902270816,"name":"須古城趾"}},{"type":"Feature","geometry":{"type":"Point","coordinates":[130.1123399,33.1807927]},"properties":{"id":904128779,"name":"男島城趾"}},{"type":"Feature","geometry":{"type":"Point","coordinates":[130.0982188,33.1805466]},"properties":{"id":904128784,"name":"杵島城趾"}},{"type":"Feature","geometry":{"type":"Point","coordinates":[136.8433277,35.2166612]},"properties":{"id":973878870,"name":"清洲城"}},{"type":"Feature","geometry":{"type":"Point","coordinates":[134.5506032,35.1597591]},"properties":{"id":974365218,"name":"波賀城"}},{"type":"Feature","geometry":{"type":"Point","coordinates":[140.6193553,41.8541584]},"properties":{"id":984388153,"name":"松前藩戸切地陣屋跡"}},{"type":"Feature","geometry":{"type":"Point","coordinates":[127.6644684,26.0802997]},"properties":{"id":989053627,"name":"具志川城跡"}},{"type":"Feature","geometry":{"type":"Point","coordinates":[135.8949323,34.6989682]},"properties":{"id":1019615117,"name":"平清水城跡（南城）"}},{"type":"Feature","geometry":{"type":"Point","coordinates":[135.8959447,34.7007803]},"properties":{"id":1019615130,"name":"平清水城跡（北城）"}},{"type":"Feature","geometry":{"type":"Point","coordinates":[135.9258145,34.7301301]},"properties":{"id":1019615552,"name":"藤尾城跡"}},{"type":"Feature","geometry":{"type":"Point","coordinates":[135.9120609,34.7327489]},"properties":{"id":1019615553,"name":"上狭川城（福智城）跡"}},{"type":"Feature","geometry":{"type":"Point","coordinates":[135.9191073,34.7363178]},"properties":{"id":1019615555,"name":"下狭川城跡"}},{"type":"Feature","geometry":{"type":"Point","coordinates":[135.9192267,34.7154863]},"properties":{"id":1019616008,"name":"須川城跡"}},{"type":"Feature","geometry":{"type":"Point","coordinates":[135.8981965,34.720699]},"properties":{"id":1019617882,"name":"北村城跡"}},{"type":"Feature","geometry":{"type":"Point","coordinates":[135.9535848,34.7363698]},"properties":{"id":1026015164,"name":"柳生古城跡"}},{"type":"Feature","geometry":{"type":"Point","coordinates":[135.9020841,34.7163339]},"properties":{"id":1036704114,"name":"北村南城跡"}},{"type":"Feature","geometry":{"type":"Point","coordinates":[135.9177953,34.7471874]},"properties":{"id":1037274117,"name":"下狭川下垣内城跡（佐野城跡）"}},{"type":"Feature","geometry":{"type":"Point","coordinates":[130.44177,31.36522]},"properties":{"id":1044284860,"name":"式部殿城"}},{"type":"Feature","geometry":{"type":"Point","coordinates":[130.4433408,31.3648246]},"properties":{"id":1044284861,"name":"児城"}},{"type":"Feature","geometry":{"type":"Point","coordinates":[130.4402813,31.3659335]},"properties":{"id":1044284862,"name":"伊豆殿屋敷"}},{"type":"Feature","geometry":{"type":"Point","coordinates":[130.442988,31.36438]},"properties":{"id":1044284863,"name":"南ノ拵"}},{"type":"Feature","geometry":{"type":"Point","coordinates":[130.4444962,31.3645905]},"properties":{"id":1044284864,"name":"道無城"}},{"type":"Feature","geometry":{"type":"Point","coordinates":[130.4450152,31.3652656]},"properties":{"id":1044284865,"name":"殿屋敷"}},{"type":"Feature","geometry":{"type":"Point","coordinates":[130.4452247,31.3661825]},"properties":{"id":1044284866,"name":"蔵屋敷"}},{"type":"Feature","geometry":{"type":"Point","coordinates":[130.4445523,31.3668014]},"properties":{"id":1044284867,"name":"今城"}},{"type":"Feature","geometry":{"type":"Point","coordinates":[130.4435512,31.3662002]},"properties":{"id":1044284869,"name":"弓場城"}},{"type":"Feature","geometry":{"type":"Point","coordinates":[130.4429602,31.3669141]},"properties":{"id":1044284871,"name":"蔵之城"}},{"type":"Feature","geometry":{"type":"Point","coordinates":[130.4434943,31.3675152]},"properties":{"id":1044284873,"name":"本丸"}},{"type":"Feature","geometry":{"type":"Point","coordinates":[130.4421467,31.368527]},"properties":{"id":1044284874,"name":"西ノ拵"}},{"type":"Feature","geometry":{"type":"Point","coordinates":[130.4401936,31.3679054]},"properties":{"id":1044284875,"name":"大堀迫"}},{"type":"Feature","geometry":{"type":"Point","coordinates":[130.4445081,31.3679004]},"properties":{"id":1044284876,"name":"東ノ拵"}},{"type":"Feature","geometry":{"type":"Point","coordinates":[135.8948886,34.719625]},"properties":{"id":1050510931,"name":"北村西城跡"}},{"type":"Feature","geometry":{"type":"Point","coordinates":[134.9910892,34.6525629]},"properties":{"id":1064865284,"name":"明石城天守台"}},{"type":"Feature","geometry":{"type":"Point","coordinates":[136.0128866,35.2925084]},"properties":{"id":1066867755,"name":"大溝城本丸跡"}},{"type":"Feature","geometry":{"type":"Point","coordinates":[133.1827558,35.3648203]},"properties":{"id":1077956027,"name":"月山富田城"}},{"type":"Feature","geometry":{"type":"Point","coordinates":[133.3968979,35.4338022]},"properties":{"id":1108003826,"name":"お菓子の壽城"}},{"type":"Feature","geometry":{"type":"Point","coordinates":[135.9027315,34.7279394]},"properties":{"id":1122578854,"name":"福智西城跡"}},{"type":"Feature","geometry":{"type":"Point","coordinates":[135.8822068,34.7367742]},"properties":{"id":1137521044,"name":"下程城跡"}},{"type":"Feature","geometry":{"type":"Point","coordinates":[135.8785751,34.7372084]},"properties":{"id":1137521057,"name":"浦城跡"}},{"type":"Feature","geometry":{"type":"Point","coordinates":[135.8862569,34.7331471]},"properties":{"id":1137521059,"name":"縄手城跡"}},{"type":"Feature","geometry":{"type":"Point","coordinates":[135.8835438,34.7432122]},"properties":{"id":1151809557,"name":"北下手城跡"}},{"type":"Feature","geometry":{"type":"Point","coordinates":[139.6058092,35.3608112]},"properties":{"id":1160667168,"name":"間宮氏氷取沢陣屋跡（磯子区NO.56遺跡）"}},{"type":"Feature","geometry":{"type":"Point","coordinates":[126.7693656,26.3766389]},"properties":{"id":1169679043,"name":"宇江城城跡"}},{"type":"Feature","geometry":{"type":"Point","coordinates":[126.7509822,26.3832994]},"properties":{"id":1169680273,"name":"具志川城跡"}},{"type":"Feature","geometry":{"type":"Point","coordinates":[140.4283016,37.5997806]},"properties":{"id":1189149053,"name":"二本松城"}},{"type":"Feature","geometry":{"type":"Point","coordinates":[136.974226,35.1194364]},"properties":{"id":1212218467,"name":"嶋田城跡"}},{"type":"Feature","geometry":{"type":"Point","coordinates":[137.234044,36.1261799]},"properties":{"id":1221929135,"name":"松倉城"}},{"type":"Feature","geometry":{"type":"Point","coordinates":[135.9119717,34.7413369]},"properties":{"id":1223443028,"name":"下狭川上垣内城跡"}},{"type":"Feature","geometry":{"type":"Point","coordinates":[135.7101973,34.9840571]},"properties":{"id":1230302126,"name":"桂離宮"}},{"type":"Feature","geometry":{"type":"Point","coordinates":[134.3892783,34.7458249]},"properties":{"id":1230875373,"name":"赤穂城"}},{"type":"Feature","geometry":{"type":"Point","coordinates":[135.6514975,34.4169499]},"properties":{"id":1238889329,"name":"千早城"}},{"type":"Feature","geometry":{"type":"Point","coordinates":[138.1359744,36.2307878]},"properties":{"id":1256479065,"name":"ビーナスの城"}},{"type":"Feature","geometry":{"type":"Point","coordinates":[138.0271128,36.4307687]},"properties":{"id":1284240885,"name":"青柳館跡"}},{"type":"Feature","geometry":{"type":"Point","coordinates":[135.7768205,34.9393364]},"properties":{"id":1305378536,"name":"伏見城"}},{"type":"Feature","geometry":{"type":"Point","coordinates":[135.4567611,34.2449576]},"properties":{"id":1317068955,"name":"飯盛城"}},{"type":"Feature","geometry":{"type":"Point","coordinates":[135.4569393,34.2449966]},"properties":{"id":1317068956,"name":"飯盛城 多聞櫓"}},{"type":"Feature","geometry":{"type":"Point","coordinates":[133.6224426,34.8090051]},"properties":{"id":1328866982,"name":"天守曲輪"}},{"type":"Feature","geometry":{"type":"Point","coordinates":[133.6226097,34.8094773]},"properties":{"id":1328866983,"name":"後曲輪"}},{"type":"Feature","geometry":{"type":"Point","coordinates":[133.6227068,34.8093852]},"properties":{"id":1328866984,"name":"水の手門脇曲輪"}},{"type":"Feature","geometry":{"type":"Point","coordinates":[133.6235863,34.8106854]},"properties":{"id":1330151220,"name":"相畑城戸跡"}},{"type":"Feature","geometry":{"type":"Point","coordinates":[133.6234419,34.8124269]},"properties":{"id":1330151222,"name":"天神の丸跡"}},{"type":"Feature","geometry":{"type":"Point","coordinates":[133.6234867,34.8138019]},"properties":{"id":1330151229,"name":"大松山城本丸跡"}},{"type":"Feature","geometry":{"type":"Point","coordinates":[133.6228888,34.8143777]},"properties":{"id":1330151230,"name":"大松山城二の丸跡"}},{"type":"Feature","geometry":{"type":"Point","coordinates":[133.6220796,34.8150122]},"properties":{"id":1330151231,"name":"大松山城三の丸跡"}},{"type":"Feature","geometry":{"type":"Point","coordinates":[132.5646266,33.219932]},"properties":{"id":1339048111,"name":"宇和島城"}},{"type":"Feature","geometry":{"type":"Point","coordinates":[138.0148296,34.7754529]},"properties":{"id":1380973301,"name":"掛川城二の丸御殿"}},{"type":"Feature","geometry":{"type":"Point","coordinates":[135.9271342,34.7313073]},"properties":{"id":1388126048,"name":"十兵衛山城跡"}},{"type":"Feature","geometry":{"type":"Point","coordinates":[145.8131252,43.3824194]},"properties":{"id":1408487384,"name":"ポンモイチャシ跡"}},{"type":"Feature","geometry":{"type":"Point","coordinates":[139.8350372,37.6225166]},"properties":{"id":1466935003,"name":"新宮城跡"}},{"type":"Feature","geometry":{"type":"Point","coordinates":[135.5224518,35.0630757]},"properties":{"id":1481658043,"name":"八木城跡（北ノ丸）"}},{"type":"Feature","geometry":{"type":"Point","coordinates":[135.5208904,35.1862606]},"properties":{"id":1481672876,"name":"田原城趾"}},{"type":"Feature","geometry":{"type":"Point","coordinates":[135.5162831,35.1796603]},"properties":{"id":1481673245,"name":"亀田城趾"}},{"type":"Feature","geometry":{"type":"Point","coordinates":[135.514243,35.182422]},"properties":{"id":1481673246,"name":"新シ城趾"}},{"type":"Feature","geometry":{"type":"Point","coordinates":[135.5165278,35.1756876]},"properties":{"id":1481673247,"name":"片野城趾"}},{"type":"Feature","geometry":{"type":"Point","coordinates":[135.501467,35.152474]},"properties":{"id":1481673726,"name":"殿田城趾"}},{"type":"Feature","geometry":{"type":"Point","coordinates":[135.4915148,35.1306867]},"properties":{"id":1481673727,"name":"太鼓山城趾"}},{"type":"Feature","geometry":{"type":"Point","coordinates":[135.4631042,35.1002667]},"properties":{"id":1481675151,"name":"大村城址"}},{"type":"Feature","geometry":{"type":"Point","coordinates":[135.451126,35.1003458]},"properties":{"id":1481677455,"name":"半田城址"}},{"type":"Feature","geometry":{"type":"Point","coordinates":[135.4394424,35.1019683]},"properties":{"id":1481678409,"name":"船坂城趾"}},{"type":"Feature","geometry":{"type":"Point","coordinates":[135.4818775,35.1369488]},"properties":{"id":1481689511,"name":"藁無城跡"}},{"type":"Feature","geometry":{"type":"Point","coordinates":[135.4845457,35.1111555]},"properties":{"id":1481701981,"name":"善願寺城址"}},{"type":"Feature","geometry":{"type":"Point","coordinates":[135.4925589,35.1237853]},"properties":{"id":1481707711,"name":"蟠根寺城跡(蜷川城跡・高屋城)"}},{"type":"Feature","geometry":{"type":"Point","coordinates":[135.4862061,35.1235739]},"properties":{"id":1481712621,"name":"千妻城跡"}},{"type":"Feature","geometry":{"type":"Point","coordinates":[135.5043865,35.12873]},"properties":{"id":1481716429,"name":"越方城跡"}},{"type":"Feature","geometry":{"type":"Point","coordinates":[135.4334206,35.0824388]},"properties":{"id":1481760808,"name":"宍人城跡"}},{"type":"Feature","geometry":{"type":"Point","coordinates":[135.4735225,35.1889232]},"properties":{"id":1481928997,"name":"塩貝城跡（大戸）"}},{"type":"Feature","geometry":{"type":"Point","coordinates":[135.4776079,35.1912498]},"properties":{"id":1481928998,"name":"東胡麻城跡"}},{"type":"Feature","geometry":{"type":"Point","coordinates":[135.5273675,35.0952969]},"properties":{"id":1482081704,"name":"野条城跡"}},{"type":"Feature","geometry":{"type":"Point","coordinates":[135.4475195,35.0552844]},"properties":{"id":1482107505,"name":"埴生城跡(野々口城)"}},{"type":"Feature","geometry":{"type":"Point","coordinates":[135.4498252,35.0473959]},"properties":{"id":1482107506,"name":"雨乞嶽城跡"}},{"type":"Feature","geometry":{"type":"Point","coordinates":[135.4593271,35.0460792]},"properties":{"id":1482107507,"name":"大平山城跡"}},{"type":"Feature","geometry":{"type":"Point","coordinates":[135.4278741,35.0642342]},"properties":{"id":1482114060,"name":"南八田城跡"}},{"type":"Feature","geometry":{"type":"Point","coordinates":[135.4244438,35.0932752]},"properties":{"id":1482117312,"name":"天神山城跡"}},{"type":"Feature","geometry":{"type":"Point","coordinates":[135.3764216,35.0643768]},"properties":{"id":1482144216,"name":"天引高山城跡"}},{"type":"Feature","geometry":{"type":"Point","coordinates":[135.525349,35.0712654]},"properties":{"id":1482154943,"name":"鶴首山城跡"}},{"type":"Feature","geometry":{"type":"Point","coordinates":[135.5068757,35.0910424]},"properties":{"id":1482163847,"name":"鳥羽城跡"}},{"type":"Feature","geometry":{"type":"Point","coordinates":[135.4880584,35.0886877]},"properties":{"id":1482163850,"name":"池ノ内砦跡"}},{"type":"Feature","geometry":{"type":"Point","coordinates":[135.5841657,35.1894772]},"properties":{"id":1482613631,"name":"明日ヶ谷城跡"}},{"type":"Feature","geometry":{"type":"Point","coordinates":[135.5188807,35.102168]},"properties":{"id":1485607045,"name":"南丸"}},{"type":"Feature","geometry":{"type":"Point","coordinates":[135.5195311,35.1027494]},"properties":{"id":1485607046,"name":"新庄城跡"}},{"type":"Feature","geometry":{"type":"Point","coordinates":[135.9155679,34.7458111]},"properties":{"id":1491378416,"name":"城鼻出城跡"}},{"type":"Feature","geometry":{"type":"Point","coordinates":[135.4660751,35.0592704]},"properties":{"id":1491394003,"name":"若森城跡"}},{"type":"Feature","geometry":{"type":"Point","coordinates":[135.5260145,35.0619448]},"properties":{"id":1491399137,"name":"八木城跡（対面所）"}},{"type":"Feature","geometry":{"type":"Point","coordinates":[135.52204,35.0603857]},"properties":{"id":1491399138,"name":"八木城跡"}},{"type":"Feature","geometry":{"type":"Point","coordinates":[135.52395,35.061273]},"properties":{"id":1491399139,"name":"八木城跡（本丸）"}},{"type":"Feature","geometry":{"type":"Point","coordinates":[135.5227268,35.0612573]},"properties":{"id":1491399142,"name":"八木城跡（二ノ丸）"}},{"type":"Feature","geometry":{"type":"Point","coordinates":[135.4615096,34.9575832]},"properties":{"id":1510438559,"name":"地黄城城跡"}},{"type":"Feature","geometry":{"type":"Point","coordinates":[139.7300198,35.6752805]},"properties":{"id":1964562,"name":"三笠宮東邸(旧寬仁親王邸)"}},{"type":"Feature","geometry":{"type":"Point","coordinates":[139.7529457,35.6823352]},"properties":{"id":1968066,"name":"宮殿"}},{"type":"Feature","geometry":{"type":"Point","coordinates":[139.7482757,35.6843476]},"properties":{"id":2034771,"name":"御所"}},{"type":"Feature","geometry":{"type":"Point","coordinates":[139.5781726,35.2613279]},"properties":{"id":3438399,"name":"葉山御用邸"}},{"type":"Feature","geometry":{"type":"Point","coordinates":[139.72877,35.6803087]},"properties":{"id":6109212,"name":"迎賓館"}},{"type":"Feature","geometry":{"type":"Point","coordinates":[137.2695505,34.6737532]},"properties":{"id":6897266,"name":"田原城"}},{"type":"Feature","geometry":{"type":"Point","coordinates":[133.6221056,34.8087526]},"properties":{"id":18221613,"name":"五の平櫓"}},{"type":"Feature","geometry":{"type":"Point","coordinates":[133.6220344,34.808563]},"properties":{"id":18221614,"name":"二の丸"}},{"type":"Feature","geometry":{"type":"Point","coordinates":[136.9002502,35.1845876]},"properties":{"id":19100633,"name":"名古屋城"}}]}