{"type":"FeatureCollection","features":[{"type":"Feature","geometry":{"type":"Point","coordinates":[138.0110711,34.8575399]},"properties":{"id":420455133,"name":"原野谷川ダム"}},{"type":"Feature","geometry":{"type":"Point","coordinates":[137.2944271,35.4599511]},"properties":{"id":726005672,"name":"笠置ダム"}},{"type":"Feature","geometry":{"type":"Point","coordinates":[137.3509571,35.3737293]},"properties":{"id":726103346,"name":"椋実防災ダム"}},{"type":"Feature","geometry":{"type":"Point","coordinates":[137.8279056,34.9723724]},"properties":{"id":735292818,"name":"秋葉ダム"}},{"type":"Feature","geometry":{"type":"Point","coordinates":[137.9055,35.9815935]},"properties":{"id":748290024,"name":"横川ダム"}},{"type":"Feature","geometry":{"type":"Point","coordinates":[133.3921058,34.5675029]},"properties":{"id":751018812,"name":"堂々川二番砂留"}},{"type":"Feature","geometry":{"type":"Point","coordinates":[140.8221718,38.3870074]},"properties":{"id":754704745,"name":"宮床ダム"}},{"type":"Feature","geometry":{"type":"Point","coordinates":[139.3779153,35.5076391]},"properties":{"id":813054772,"name":"磯部頭首工"}},{"type":"Feature","geometry":{"type":"Point","coordinates":[136.1196301,34.6041234]},"properties":{"id":891895902,"name":"青蓮寺ダム"}},{"type":"Feature","geometry":{"type":"Point","coordinates":[137.5449404,34.9473395]},"properties":{"id":973496060,"name":"花の木ダム"}},{"type":"Feature","geometry":{"type":"Point","coordinates":[139.1016567,35.4400202]},"properties":{"id":1047397675,"name":"玄倉ダム"}},{"type":"Feature","geometry":{"type":"Point","coordinates":[140.5163925,40.8420104]},"properties":{"id":1058852405,"name":"飯詰ダム"}},{"type":"Feature","geometry":{"type":"Point","coordinates":[137.1721928,35.4688508]},"properties":{"id":2682052073,"name":"丸山ダム"}},{"type":"Feature","geometry":{"type":"Point","coordinates":[140.2166548,39.8011624]},"properties":{"id":2993819297,"name":"旭川治水ダム"}},{"type":"Feature","geometry":{"type":"Point","coordinates":[140.1846794,41.8026892]},"properties":{"id":3351314919,"name":"上ノ国ダム"}},{"type":"Feature","geometry":{"type":"Point","coordinates":[140.1657728,41.9481592]},"properties":{"id":3391116079,"name":"逆川ダム"}},{"type":"Feature","geometry":{"type":"Point","coordinates":[140.6972158,38.2021544]},"properties":{"id":3652910362,"name":"釜房ダム"}},{"type":"Feature","geometry":{"type":"Point","coordinates":[140.8332418,37.7187271]},"properties":{"id":3697993216,"name":"真野ダム"}},{"type":"Feature","geometry":{"type":"Point","coordinates":[140.9053208,37.5992125]},"properties":{"id":3698190025,"name":"横川ダム"}},{"type":"Feature","geometry":{"type":"Point","coordinates":[140.8812767,37.5729713]},"properties":{"id":3698190030,"name":"鉄山ダム"}},{"type":"Feature","geometry":{"type":"Point","coordinates":[140.8913879,37.63024]},"properties":{"id":3698194515,"name":"高の倉ダム"}},{"type":"Feature","geometry":{"type":"Point","coordinates":[141.5944197,43.4777582]},"properties":{"id":3820410422,"name":"青山ダム"}},{"type":"Feature","geometry":{"type":"Point","coordinates":[142.0993727,43.2844673]},"properties":{"id":3820448634,"name":"芦別ダム"}},{"type":"Feature","geometry":{"type":"Point","coordinates":[142.095247,43.2957097]},"properties":{"id":3820458586,"name":"キムンダム"}},{"type":"Feature","geometry":{"type":"Point","coordinates":[138.656425,35.7108582]},"properties":{"id":4317802289,"name":"堰堤"}},{"type":"Feature","geometry":{"type":"Point","coordinates":[137.1047308,36.6593631]},"properties":{"id":4330767903,"name":"古洞ダム"}},{"type":"Feature","geometry":{"type":"Point","coordinates":[139.7078478,36.0674231]},"properties":{"id":4443114353,"name":"琵琶溜井"}},{"type":"Feature","geometry":{"type":"Point","coordinates":[137.811805,34.8909304]},"properties":{"id":4457866808,"name":"船明ダム"}},{"type":"Feature","geometry":{"type":"Point","coordinates":[134.3328722,35.2714135]},"properties":{"id":4513249577,"name":"三滝ダム"}},{"type":"Feature","geometry":{"type":"Point","coordinates":[129.7493599,33.8353209]},"properties":{"id":4516460055,"name":"男女岳ダム"}},{"type":"Feature","geometry":{"type":"Point","coordinates":[135.9935027,34.9674589]},"properties":{"id":4607199161,"name":"オランダ堰堤"}},{"type":"Feature","geometry":{"type":"Point","coordinates":[139.0697494,34.936259]},"properties":{"id":4672089719,"name":"奥野ダム"}},{"type":"Feature","geometry":{"type":"Point","coordinates":[140.911846,38.9866318]},"properties":{"id":4751851596,"name":"矢櫃ダム"}},{"type":"Feature","geometry":{"type":"Point","coordinates":[135.6331693,34.9276281]},"properties":{"id":4785695300,"name":"築堤"}},{"type":"Feature","geometry":{"type":"Point","coordinates":[137.3132018,36.5605495]},"properties":{"id":5229449356,"name":"熊野川ダム"}},{"type":"Feature","geometry":{"type":"Point","coordinates":[136.8702121,36.4841627]},"properties":{"id":5234137853,"name":"城端ダム"}},{"type":"Feature","geometry":{"type":"Point","coordinates":[136.862369,36.5013309]},"properties":{"id":5234146093,"name":"是ヶ谷ダム"}},{"type":"Feature","geometry":{"type":"Point","coordinates":[136.671201,36.4732607]},"properties":{"id":5284976589,"name":"内川ダム"}},{"type":"Feature","geometry":{"type":"Point","coordinates":[136.6812743,36.4888718]},"properties":{"id":5284986877,"name":"新内川ダム"}},{"type":"Feature","geometry":{"type":"Point","coordinates":[136.7787293,36.560924]},"properties":{"id":5298686021,"name":"医王ダム"}},{"type":"Feature","geometry":{"type":"Point","coordinates":[136.5794094,36.2895698]},"properties":{"id":5397159222,"name":"大日川ダム"}},{"type":"Feature","geometry":{"type":"Point","coordinates":[136.6407237,36.2926881]},"properties":{"id":5397199144,"name":"手取川第二ダム"}},{"type":"Feature","geometry":{"type":"Point","coordinates":[133.1537138,35.2852767]},"properties":{"id":5452635670,"name":"布部ダム"}},{"type":"Feature","geometry":{"type":"Point","coordinates":[137.147435,37.4449134]},"properties":{"id":5472014563,"name":"若山ダム"}},{"type":"Feature","geometry":{"type":"Point","coordinates":[134.2105364,35.4584758]},"properties":{"id":5586118756,"name":"向国安水源地取水塔"}},{"type":"Feature","geometry":{"type":"Point","coordinates":[137.1829794,37.3381757]},"properties":{"id":5650774949,"name":"山口防災ダム"}},{"type":"Feature","geometry":{"type":"Point","coordinates":[138.6576325,37.051156]},"properties":{"id":5694826570,"name":"トヤ沢砂防えん堤"}},{"type":"Feature","geometry":{"type":"Point","coordinates":[136.8522078,36.8828241]},"properties":{"id":5708818794,"name":"神子原ダム"}},{"type":"Feature","geometry":{"type":"Point","coordinates":[136.819949,36.8368954]},"properties":{"id":5710083959,"name":"新宮ダム"}},{"type":"Feature","geometry":{"type":"Point","coordinates":[137.049135,37.2344694]},"properties":{"id":5710697013,"name":"諸橋ダム"}},{"type":"Feature","geometry":{"type":"Point","coordinates":[136.4844867,36.2963311]},"properties":{"id":5860975634,"name":"赤瀬ダム"}},{"type":"Feature","geometry":{"type":"Point","coordinates":[140.3537523,40.4051457]},"properties":{"id":6653016225,"name":"早口ダム"}},{"type":"Feature","geometry":{"type":"Point","coordinates":[140.8644555,38.2467161]},"properties":{"id":7061922071,"name":"清水沢堰堤"}},{"type":"Feature","geometry":{"type":"Point","coordinates":[141.5580185,38.9138285]},"properties":{"id":7118777727,"name":"砂防ダム"}},{"type":"Feature","geometry":{"type":"Point","coordinates":[138.6509071,35.7164744]},"properties":{"id":7133051009,"name":"堰堤"}},{"type":"Feature","geometry":{"type":"Point","coordinates":[138.6686578,35.7383183]},"properties":{"id":7133363237,"name":"水門"}},{"type":"Feature","geometry":{"type":"Point","coordinates":[140.2887406,40.2596799]},"properties":{"id":7254083594,"name":"砂防ダム"}},{"type":"Feature","geometry":{"type":"Point","coordinates":[138.4413102,36.3660209]},"properties":{"id":7694056380,"name":"板沢砂防堰堤"}},{"type":"Feature","geometry":{"type":"Point","coordinates":[138.4253948,36.3750226]},"properties":{"id":7694061820,"name":"深沢ダム"}},{"type":"Feature","geometry":{"type":"Point","coordinates":[138.4132071,36.3240453]},"properties":{"id":7700842481,"name":"東京電力 西浦堰堤（西浦ダム）"}},{"type":"Feature","geometry":{"type":"Point","coordinates":[137.1702368,35.6474678]},"properties":{"id":7805400845,"name":"七宗ダム"}},{"type":"Feature","geometry":{"type":"Point","coordinates":[137.1627305,35.6662314]},"properties":{"id":7805808273,"name":"大船渡ダム"}},{"type":"Feature","geometry":{"type":"Point","coordinates":[137.2334783,35.8283764]},"properties":{"id":7805824096,"name":"瀬戸ダム"}},{"type":"Feature","geometry":{"type":"Point","coordinates":[137.25132,35.9419108]},"properties":{"id":7805824110,"name":"小坂ダム"}},{"type":"Feature","geometry":{"type":"Point","coordinates":[138.9864989,35.3787558]},"properties":{"id":8223581283,"name":"中島ダム"}},{"type":"Feature","geometry":{"type":"Point","coordinates":[138.1219877,35.1323134]},"properties":{"id":8223622497,"name":"横沢川第二ダム"}},{"type":"Feature","geometry":{"type":"Point","coordinates":[138.0137901,34.7326266]},"properties":{"id":8223668407,"name":"小笠池"}},{"type":"Feature","geometry":{"type":"Point","coordinates":[132.0678987,32.9427168]},"properties":{"id":8547969347,"name":"梶寄ダム"}},{"type":"Feature","geometry":{"type":"Point","coordinates":[137.9652321,35.3898638]},"properties":{"id":8837300323,"name":"伊藤沢砂防ダム"}},{"type":"Feature","geometry":{"type":"Point","coordinates":[139.2826924,35.604205]},"properties":{"id":9360391492,"name":"砂防ダム"}},{"type":"Feature","geometry":{"type":"Point","coordinates":[133.3918758,34.5660071]},"properties":{"id":9630511581,"name":"堂々川一番砂留"}},{"type":"Feature","geometry":{"type":"Point","coordinates":[133.3920689,34.5680566]},"properties":{"id":9630511583,"name":"堂々川三番砂留"}},{"type":"Feature","geometry":{"type":"Point","coordinates":[133.391575,34.5691596]},"properties":{"id":9630511584,"name":"堂々川四番砂留"}},{"type":"Feature","geometry":{"type":"Point","coordinates":[133.3909223,34.5706577]},"properties":{"id":9630511585,"name":"堂々川五番砂留"}},{"type":"Feature","geometry":{"type":"Point","coordinates":[133.3907468,34.5734968]},"properties":{"id":9630511587,"name":"鳶ヶ迫砂留"}},{"type":"Feature","geometry":{"type":"Point","coordinates":[133.3921325,34.5724664]},"properties":{"id":9630511588,"name":"堂々川六番砂留"}},{"type":"Feature","geometry":{"type":"Point","coordinates":[135.0849175,35.4849043]},"properties":{"id":10285420268,"name":"上司谷川荒廃砂防堤防"}},{"type":"Feature","geometry":{"type":"Point","coordinates":[140.7648341,38.4686708]},"properties":{"id":10791259453,"name":"嘉太神ダム"}},{"type":"Feature","geometry":{"type":"Point","coordinates":[140.6757324,36.8505532]},"properties":{"id":10988989962,"name":"水沼ダム"}},{"type":"Feature","geometry":{"type":"Point","coordinates":[140.6439841,36.7969253]},"properties":{"id":10988989964,"name":"小山ダム"}},{"type":"Feature","geometry":{"type":"Point","coordinates":[130.445455,31.4451822]},"properties":{"id":11178308419,"name":"川辺ダム"}},{"type":"Feature","geometry":{"type":"Point","coordinates":[137.2435085,35.9083258]},"properties":{"id":11655823845,"name":"大ヶ洞ダム"}},{"type":"Feature","geometry":{"type":"Point","coordinates":[136.2925588,35.9211957]},"properties":{"id":12046960431,"name":"赤谷川第1砂防堰堤"}},{"type":"Feature","geometry":{"type":"Point","coordinates":[142.5584331,43.7359728]},"properties":{"id":13045419114,"name":"下南部貯水池"}},{"type":"Feature","geometry":{"type":"Point","coordinates":[140.3265508,37.6804826]},"properties":{"id":13260784156,"name":"東鴉川第2砂防ダム"}},{"type":"Feature","geometry":{"type":"Point","coordinates":[139.1294225,35.4571339]},"properties":{"id":13272287602,"name":"熊木ダム"}},{"type":"Feature","geometry":{"type":"Point","coordinates":[137.5833671,35.5645507]},"properties":{"id":13354951975,"name":"Dam in the forest"}},{"type":"Feature","geometry":{"type":"Point","coordinates":[137.9076377,36.8142567]},"properties":{"id":13415161926,"name":"姫川第三ダム"}},{"type":"Feature","geometry":{"type":"Point","coordinates":[138.0595488,36.3818715]},"properties":{"id":13418674701,"name":"東条砂防ダム"}},{"type":"Feature","geometry":{"type":"Point","coordinates":[134.0962166,34.6942372]},"properties":{"id":13826864073,"name":"干田川 ファブリダム"}},{"type":"Feature","geometry":{"type":"Point","coordinates":[141.0974332,39.6155547]},"properties":{"id":13833589399,"name":"煙山ダム"}},{"type":"Feature","geometry":{"type":"Point","coordinates":[134.5539539,34.108409]},"properties":{"id":24229278,"name":"今切川河口堰"}},{"type":"Feature","geometry":{"type":"Point","coordinates":[134.4268153,33.9128305]},"properties":{"id":24237659,"name":"正木ダム"}},{"type":"Feature","geometry":{"type":"Point","coordinates":[134.5851775,34.1449877]},"properties":{"id":24770483,"name":"旧吉野川河口堰"}},{"type":"Feature","geometry":{"type":"Point","coordinates":[134.0286122,33.8509461]},"properties":{"id":25519386,"name":"名頃ダム"}},{"type":"Feature","geometry":{"type":"Point","coordinates":[140.5033841,42.063155]},"properties":{"id":26696833,"name":"駒ヶ岳ダム"}},{"type":"Feature","geometry":{"type":"Point","coordinates":[133.8061449,34.0334735]},"properties":{"id":27064057,"name":"池田ダム (Ikeda Dam)"}},{"type":"Feature","geometry":{"type":"Point","coordinates":[134.5896425,33.8139214]},"properties":{"id":27192012,"name":"福井ダム"}},{"type":"Feature","geometry":{"type":"Point","coordinates":[136.9106676,36.1386168]},"properties":{"id":27832698,"name":"御母衣ダム"}},{"type":"Feature","geometry":{"type":"Point","coordinates":[133.1156322,33.544928]},"properties":{"id":30036528,"name":"大渡ダム"}},{"type":"Feature","geometry":{"type":"Point","coordinates":[134.4665184,33.7992782]},"properties":{"id":30040550,"name":"川口ダム (Kawaguchi Dam)"}},{"type":"Feature","geometry":{"type":"Point","coordinates":[134.3598961,33.8088695]},"properties":{"id":30041213,"name":"長安口ダム"}},{"type":"Feature","geometry":{"type":"Point","coordinates":[140.9744779,39.4806852]},"properties":{"id":34458358,"name":"豊沢ダム (Toyosawa dam)"}},{"type":"Feature","geometry":{"type":"Point","coordinates":[133.9767776,34.1961046]},"properties":{"id":44356650,"name":"長柄ダム"}},{"type":"Feature","geometry":{"type":"Point","coordinates":[133.6256307,33.9565068]},"properties":{"id":44779178,"name":"新宮ダム"}},{"type":"Feature","geometry":{"type":"Point","coordinates":[138.548403,36.2651121]},"properties":{"id":44820882,"name":"香坂ダム"}},{"type":"Feature","geometry":{"type":"Point","coordinates":[141.1488851,39.7527336]},"properties":{"id":51550891,"name":"四十四田ダム"}},{"type":"Feature","geometry":{"type":"Point","coordinates":[140.884769,39.3022081]},"properties":{"id":51840122,"name":"湯田ダム"}},{"type":"Feature","geometry":{"type":"Point","coordinates":[137.5995308,34.9437176]},"properties":{"id":52050105,"name":"大野頭首工"}},{"type":"Feature","geometry":{"type":"Point","coordinates":[140.7859811,41.8702971]},"properties":{"id":52387864,"name":"新中野ダム"}},{"type":"Feature","geometry":{"type":"Point","coordinates":[137.6621401,36.5666937]},"properties":{"id":57033637,"name":"黒部ダム"}},{"type":"Feature","geometry":{"type":"Point","coordinates":[137.0447721,35.4415882]},"properties":{"id":58651839,"name":"今渡ダム"}},{"type":"Feature","geometry":{"type":"Point","coordinates":[139.2495011,37.1541608]},"properties":{"id":61413068,"name":"奥只見ダム"}},{"type":"Feature","geometry":{"type":"Point","coordinates":[139.3010426,37.3358628]},"properties":{"id":72508892,"name":"只見ダム"}},{"type":"Feature","geometry":{"type":"Point","coordinates":[139.2870004,37.3107594]},"properties":{"id":72508893,"name":"田子倉ダム"}},{"type":"Feature","geometry":{"type":"Point","coordinates":[139.0522817,35.9537362]},"properties":{"id":72986305,"name":"浦山ダム"}},{"type":"Feature","geometry":{"type":"Point","coordinates":[138.9100534,35.941985]},"properties":{"id":72989360,"name":"二瀬ダム"}},{"type":"Feature","geometry":{"type":"Point","coordinates":[139.6877078,37.6060753]},"properties":{"id":79103178,"name":"山郷ダム"}},{"type":"Feature","geometry":{"type":"Point","coordinates":[137.6649008,34.9834182]},"properties":{"id":86369341,"name":"大島ダム"}},{"type":"Feature","geometry":{"type":"Point","coordinates":[134.3897402,34.1884893]},"properties":{"id":86978082,"name":"千足ダム"}},{"type":"Feature","geometry":{"type":"Point","coordinates":[137.4535536,34.9433477]},"properties":{"id":87490154,"name":"砂防ダム"}},{"type":"Feature","geometry":{"type":"Point","coordinates":[137.4743426,34.9503202]},"properties":{"id":90964817,"name":"杉平川砂防ダム"}},{"type":"Feature","geometry":{"type":"Point","coordinates":[130.5192668,32.6437892]},"properties":{"id":99136851,"name":"石打ダム"}},{"type":"Feature","geometry":{"type":"Point","coordinates":[141.7784044,39.0623929]},"properties":{"id":103697671,"name":"綾里川ダム"}},{"type":"Feature","geometry":{"type":"Point","coordinates":[131.9038925,34.1409366]},"properties":{"id":107701023,"name":"菅野ダム"}},{"type":"Feature","geometry":{"type":"Point","coordinates":[135.147648,34.7041506]},"properties":{"id":109372986,"name":"石井ダム"}},{"type":"Feature","geometry":{"type":"Point","coordinates":[130.247855,32.0238929]},"properties":{"id":114050146,"name":"高松ダム"}},{"type":"Feature","geometry":{"type":"Point","coordinates":[131.7861606,33.0947142]},"properties":{"id":114646673,"name":"野田ダム"}},{"type":"Feature","geometry":{"type":"Point","coordinates":[137.3441894,35.7593866]},"properties":{"id":115038698,"name":"防災ダム"}},{"type":"Feature","geometry":{"type":"Point","coordinates":[141.4803721,40.3900497]},"properties":{"id":120936080,"name":"世増ダム"}},{"type":"Feature","geometry":{"type":"Point","coordinates":[132.2065482,34.3188144]},"properties":{"id":121535421,"name":"渡ノ瀬ダム"}},{"type":"Feature","geometry":{"type":"Point","coordinates":[135.7880674,34.0444184]},"properties":{"id":129235715,"name":"風屋ダム"}},{"type":"Feature","geometry":{"type":"Point","coordinates":[139.9040808,37.0891756]},"properties":{"id":134792132,"name":"黒磯田島線"}},{"type":"Feature","geometry":{"type":"Point","coordinates":[130.8389249,33.7618757]},"properties":{"id":138133896,"name":"ます渕ダム"}},{"type":"Feature","geometry":{"type":"Point","coordinates":[130.5598938,33.6880113]},"properties":{"id":140521438,"name":"犬鳴ダム"}},{"type":"Feature","geometry":{"type":"Point","coordinates":[137.7822158,36.5145922]},"properties":{"id":149213308,"name":"大町ダム"}},{"type":"Feature","geometry":{"type":"Point","coordinates":[138.9484124,35.7077494]},"properties":{"id":150051505,"name":"深城ダム"}},{"type":"Feature","geometry":{"type":"Point","coordinates":[138.593891,36.1243378]},"properties":{"id":152308969,"name":"古谷ダム"}},{"type":"Feature","geometry":{"type":"Point","coordinates":[138.3669785,36.3762924]},"properties":{"id":155349538,"name":"所沢砂防ダム"}},{"type":"Feature","geometry":{"type":"Point","coordinates":[133.8128248,33.6614296]},"properties":{"id":157863611,"name":"吉野ダム"}},{"type":"Feature","geometry":{"type":"Point","coordinates":[133.8651786,33.7055008]},"properties":{"id":157865055,"name":"永瀬ダム"}},{"type":"Feature","geometry":{"type":"Point","coordinates":[133.9212602,34.2845018]},"properties":{"id":159606726,"name":"府中ダム"}},{"type":"Feature","geometry":{"type":"Point","coordinates":[136.3209205,36.1038158]},"properties":{"id":162354007,"name":"鳴鹿大堰"}},{"type":"Feature","geometry":{"type":"Point","coordinates":[130.0206324,32.9785153]},"properties":{"id":163762257,"name":"萱瀬ダム"}},{"type":"Feature","geometry":{"type":"Point","coordinates":[129.8166055,33.132717]},"properties":{"id":166676477,"name":"下の原ダム"}},{"type":"Feature","geometry":{"type":"Point","coordinates":[130.8451244,33.3386942]},"properties":{"id":168085401,"name":"夜明ダム"}},{"type":"Feature","geometry":{"type":"Point","coordinates":[129.8780374,33.2119694]},"properties":{"id":169225129,"name":"竜門ダム"}},{"type":"Feature","geometry":{"type":"Point","coordinates":[139.1774231,35.8725278]},"properties":{"id":169446708,"name":"有間ダム"}},{"type":"Feature","geometry":{"type":"Point","coordinates":[136.6435905,36.2650829]},"properties":{"id":169801000,"name":"手取川ダム"}},{"type":"Feature","geometry":{"type":"Point","coordinates":[127.7452617,26.4153]},"properties":{"id":170455632,"name":"長浜ダム"}},{"type":"Feature","geometry":{"type":"Point","coordinates":[136.6300467,36.4312392]},"properties":{"id":171052077,"name":"白山堰堤"}},{"type":"Feature","geometry":{"type":"Point","coordinates":[130.4246986,33.4343312]},"properties":{"id":172808046,"name":"南畑ダム"}},{"type":"Feature","geometry":{"type":"Point","coordinates":[129.8037154,32.8261043]},"properties":{"id":173386915,"name":"鳴見ダム"}},{"type":"Feature","geometry":{"type":"Point","coordinates":[129.8026412,32.7913604]},"properties":{"id":173391967,"name":"式見ダム"}},{"type":"Feature","geometry":{"type":"Point","coordinates":[130.723788,33.4296006]},"properties":{"id":176262932,"name":"寺内ダム"}},{"type":"Feature","geometry":{"type":"Point","coordinates":[130.7338638,33.4600042]},"properties":{"id":176471341,"name":"江川ダム"}},{"type":"Feature","geometry":{"type":"Point","coordinates":[131.2966342,32.9941482]},"properties":{"id":176625582,"name":"稲葉ダム"}},{"type":"Feature","geometry":{"type":"Point","coordinates":[140.0734451,35.2020354]},"properties":{"id":177942917,"name":"片倉ダム"}},{"type":"Feature","geometry":{"type":"Point","coordinates":[139.8644142,36.8473578]},"properties":{"id":179109763,"name":"寺山ダム"}},{"type":"Feature","geometry":{"type":"Point","coordinates":[136.3464499,36.152157]},"properties":{"id":180965464,"name":"龍ヶ鼻ダム"}},{"type":"Feature","geometry":{"type":"Point","coordinates":[135.1899165,34.711019]},"properties":{"id":182511647,"name":"布引五本松ダム"}},{"type":"Feature","geometry":{"type":"Point","coordinates":[134.2673793,34.2008717]},"properties":{"id":183004562,"name":"五名ダム"}},{"type":"Feature","geometry":{"type":"Point","coordinates":[140.1451297,35.357874]},"properties":{"id":183103805,"name":"高滝ダム"}},{"type":"Feature","geometry":{"type":"Point","coordinates":[141.7021566,39.1555927]},"properties":{"id":184792368,"name":"鷹生ダム"}},{"type":"Feature","geometry":{"type":"Point","coordinates":[134.3007513,34.4951059]},"properties":{"id":185755458,"name":"内海ダム"}},{"type":"Feature","geometry":{"type":"Point","coordinates":[138.7814626,36.6966068]},"properties":{"id":188007957,"name":"四万川ダム"}},{"type":"Feature","geometry":{"type":"Point","coordinates":[139.4159215,35.7779778]},"properties":{"id":189802367,"name":"山口ダム"}},{"type":"Feature","geometry":{"type":"Point","coordinates":[139.4175593,35.7632428]},"properties":{"id":189802370,"name":"村山上ダム"}},{"type":"Feature","geometry":{"type":"Point","coordinates":[139.440341,35.7636182]},"properties":{"id":189802371,"name":"村山下ダム"}},{"type":"Feature","geometry":{"type":"Point","coordinates":[138.94631,36.3889144]},"properties":{"id":190223451,"name":"鳴沢ダム"}},{"type":"Feature","geometry":{"type":"Point","coordinates":[135.9135661,34.7249529]},"properties":{"id":195865190,"name":"須川ダム"}},{"type":"Feature","geometry":{"type":"Point","coordinates":[138.7007991,36.3685583]},"properties":{"id":197684857,"name":"霧積ダム"}},{"type":"Feature","geometry":{"type":"Point","coordinates":[135.8276533,34.881018]},"properties":{"id":199007385,"name":"天ヶ瀬ダム"}},{"type":"Feature","geometry":{"type":"Point","coordinates":[138.7662641,36.8439874]},"properties":{"id":204634416,"name":"二居ダム"}},{"type":"Feature","geometry":{"type":"Point","coordinates":[141.1573973,42.9845823]},"properties":{"id":204831978,"name":"定山渓ダム"}},{"type":"Feature","geometry":{"type":"Point","coordinates":[134.6173543,34.8545102]},"properties":{"id":206834204,"name":"桜山ダム"}},{"type":"Feature","geometry":{"type":"Point","coordinates":[132.7243851,33.8431723]},"properties":{"id":209984854,"name":"宮前川ファブリダム"}},{"type":"Feature","geometry":{"type":"Point","coordinates":[132.7006483,33.8447974]},"properties":{"id":209993505,"name":"宮前川防潮水門"}},{"type":"Feature","geometry":{"type":"Point","coordinates":[131.3781217,33.0747044]},"properties":{"id":215401590,"name":"長湯ダム"}},{"type":"Feature","geometry":{"type":"Point","coordinates":[139.6663573,36.8254621]},"properties":{"id":216207520,"name":"今市ダム"}},{"type":"Feature","geometry":{"type":"Point","coordinates":[130.9566374,33.2430082]},"properties":{"id":216758780,"name":"大山ダム"}},{"type":"Feature","geometry":{"type":"Point","coordinates":[131.3578356,32.2492245]},"properties":{"id":216953910,"name":"かなすみダム"}},{"type":"Feature","geometry":{"type":"Point","coordinates":[131.3620191,32.2466831]},"properties":{"id":216953911,"name":"大瀬内ダム"}},{"type":"Feature","geometry":{"type":"Point","coordinates":[131.3839255,32.2498981]},"properties":{"id":216953914,"name":"戸崎ダム"}},{"type":"Feature","geometry":{"type":"Point","coordinates":[134.8218185,35.1847079]},"properties":{"id":216964124,"name":"生野ダム"}},{"type":"Feature","geometry":{"type":"Point","coordinates":[130.4186394,33.4138952]},"properties":{"id":220249606,"name":"五ケ山ダム"}},{"type":"Feature","geometry":{"type":"Point","coordinates":[130.070255,33.0416041]},"properties":{"id":220339751,"name":"中木庭ダム"}},{"type":"Feature","geometry":{"type":"Point","coordinates":[130.7683791,33.1759414]},"properties":{"id":221153007,"name":"松瀬ダム"}},{"type":"Feature","geometry":{"type":"Point","coordinates":[140.0854384,35.229962]},"properties":{"id":227933887,"name":"亀山ダム"}},{"type":"Feature","geometry":{"type":"Point","coordinates":[138.1231331,36.6198979]},"properties":{"id":229106914,"name":"小田切ダム"}},{"type":"Feature","geometry":{"type":"Point","coordinates":[139.872509,37.3425148]},"properties":{"id":229480031,"name":"大内ダム"}},{"type":"Feature","geometry":{"type":"Point","coordinates":[132.3777103,34.4396139]},"properties":{"id":230622540,"name":"梶毛ダム"}},{"type":"Feature","geometry":{"type":"Point","coordinates":[139.0490233,36.1523319]},"properties":{"id":231444748,"name":"神水ダム"}},{"type":"Feature","geometry":{"type":"Point","coordinates":[131.3024304,32.20653]},"properties":{"id":231875483,"name":"一ツ瀬ダム"}},{"type":"Feature","geometry":{"type":"Point","coordinates":[131.3589418,32.162725]},"properties":{"id":231875702,"name":"杉安ダム"}},{"type":"Feature","geometry":{"type":"Point","coordinates":[131.1501132,32.4596348]},"properties":{"id":231875969,"name":"上椎葉ダム"}},{"type":"Feature","geometry":{"type":"Point","coordinates":[130.1020267,33.3279085]},"properties":{"id":233522780,"name":"厳木ダム"}},{"type":"Feature","geometry":{"type":"Point","coordinates":[130.1143904,33.3489774]},"properties":{"id":233579566,"name":"下田ダム"}},{"type":"Feature","geometry":{"type":"Point","coordinates":[131.2114848,32.4685506]},"properties":{"id":233582523,"name":"岩屋戸ダム"}},{"type":"Feature","geometry":{"type":"Point","coordinates":[132.8169174,33.8590277]},"properties":{"id":233783169,"name":"横谷ダム"}},{"type":"Feature","geometry":{"type":"Point","coordinates":[132.8378903,33.8794035]},"properties":{"id":233806067,"name":"石手川ダム"}},{"type":"Feature","geometry":{"type":"Point","coordinates":[139.1546762,37.4943401]},"properties":{"id":236031772,"name":"大谷ダム"}},{"type":"Feature","geometry":{"type":"Point","coordinates":[139.7067337,37.5188163]},"properties":{"id":241964596,"name":"柳津ダム"}},{"type":"Feature","geometry":{"type":"Point","coordinates":[139.629437,37.4628402]},"properties":{"id":242012089,"name":"宮下ダム"}},{"type":"Feature","geometry":{"type":"Point","coordinates":[139.7625257,37.5647375]},"properties":{"id":242019575,"name":"片門水力発電所"}},{"type":"Feature","geometry":{"type":"Point","coordinates":[132.1236648,34.3081517]},"properties":{"id":242067219,"name":"小瀬川ダム"}},{"type":"Feature","geometry":{"type":"Point","coordinates":[132.1630102,34.2334278]},"properties":{"id":242067266,"name":"弥栄ダム"}},{"type":"Feature","geometry":{"type":"Point","coordinates":[139.384102,37.3870127]},"properties":{"id":243628215,"name":"滝ダム"}},{"type":"Feature","geometry":{"type":"Point","coordinates":[139.4933747,37.4412449]},"properties":{"id":243835587,"name":"本名ダム"}},{"type":"Feature","geometry":{"type":"Point","coordinates":[139.5371461,37.483249]},"properties":{"id":244649079,"name":"上田ダム"}},{"type":"Feature","geometry":{"type":"Point","coordinates":[139.2796199,36.4395999]},"properties":{"id":245270562,"name":"高津戸ダム"}},{"type":"Feature","geometry":{"type":"Point","coordinates":[132.3188838,34.2909138]},"properties":{"id":249321192,"name":"白糸川2号砂防堰堤"}},{"type":"Feature","geometry":{"type":"Point","coordinates":[132.317669,34.2833022]},"properties":{"id":249328136,"name":"白糸川1号砂防堰堤"}},{"type":"Feature","geometry":{"type":"Point","coordinates":[135.4778089,34.8601609]},"properties":{"id":249503891,"name":"箕面川ダム"}},{"type":"Feature","geometry":{"type":"Point","coordinates":[135.8690667,34.6602773]},"properties":{"id":251116691,"name":"岩井川ダム"}},{"type":"Feature","geometry":{"type":"Point","coordinates":[140.8251254,41.9716171]},"properties":{"id":256960734,"name":"常路川ダム"}},{"type":"Feature","geometry":{"type":"Point","coordinates":[140.5129456,41.9576118]},"properties":{"id":256989939,"name":"大野ダム"}},{"type":"Feature","geometry":{"type":"Point","coordinates":[140.5982944,41.8670283]},"properties":{"id":256991454,"name":"上磯ダム"}},{"type":"Feature","geometry":{"type":"Point","coordinates":[140.4507138,42.1004879]},"properties":{"id":257057052,"name":"濁川ダム"}},{"type":"Feature","geometry":{"type":"Point","coordinates":[145.6389284,43.3579162]},"properties":{"id":257152515,"name":"牧の内ダム"}},{"type":"Feature","geometry":{"type":"Point","coordinates":[127.8647421,26.4921363]},"properties":{"id":257183641,"name":"当袋川ダム"}},{"type":"Feature","geometry":{"type":"Point","coordinates":[139.3723051,36.5418376]},"properties":{"id":257395469,"name":"草木ダム"}},{"type":"Feature","geometry":{"type":"Point","coordinates":[140.231298,41.9594501]},"properties":{"id":257483461,"name":"鰔川ダム"}},{"type":"Feature","geometry":{"type":"Point","coordinates":[139.0227977,36.2360863]},"properties":{"id":260405147,"name":"竹沼ダム"}},{"type":"Feature","geometry":{"type":"Point","coordinates":[132.9780029,32.9350586]},"properties":{"id":263154581,"name":"津蔵渕水門"}},{"type":"Feature","geometry":{"type":"Point","coordinates":[136.3038401,34.9562224]},"properties":{"id":267070681,"name":"青土ダム"}},{"type":"Feature","geometry":{"type":"Point","coordinates":[134.9131749,35.0289663]},"properties":{"id":271032203,"name":"糀屋ダム"}},{"type":"Feature","geometry":{"type":"Point","coordinates":[132.9888611,34.7809934]},"properties":{"id":273898243,"name":"灰塚ダム"}},{"type":"Feature","geometry":{"type":"Point","coordinates":[134.6336624,35.0011187]},"properties":{"id":279298036,"name":"菅生ダム"}},{"type":"Feature","geometry":{"type":"Point","coordinates":[134.6129325,35.044927]},"properties":{"id":279298864,"name":"安富ダム"}},{"type":"Feature","geometry":{"type":"Point","coordinates":[134.8814579,35.2374378]},"properties":{"id":279381031,"name":"黒川ダム"}},{"type":"Feature","geometry":{"type":"Point","coordinates":[139.2492252,35.5419137]},"properties":{"id":281240100,"name":"宮ケ瀬ダム"}},{"type":"Feature","geometry":{"type":"Point","coordinates":[139.1954683,35.6153453]},"properties":{"id":282627463,"name":"相模ダム"}},{"type":"Feature","geometry":{"type":"Point","coordinates":[142.2973746,44.0626596]},"properties":{"id":291451121,"name":"西岡ダム"}},{"type":"Feature","geometry":{"type":"Point","coordinates":[142.2219246,44.0927899]},"properties":{"id":291451123,"name":"温根別ダム"}},{"type":"Feature","geometry":{"type":"Point","coordinates":[132.8749308,33.7664148]},"properties":{"id":291589407,"name":"佐古ダム"}},{"type":"Feature","geometry":{"type":"Point","coordinates":[140.7877567,39.3116945]},"properties":{"id":293488494,"name":"湯田貯砂ダム"}},{"type":"Feature","geometry":{"type":"Point","coordinates":[139.2762323,35.6079132]},"properties":{"id":294366798,"name":"本沢ダム"}},{"type":"Feature","geometry":{"type":"Point","coordinates":[139.0628332,36.7739952]},"properties":{"id":294468315,"name":"玉原ダム"}},{"type":"Feature","geometry":{"type":"Point","coordinates":[132.7903903,33.6975673]},"properties":{"id":294914106,"name":"銚子ダム"}},{"type":"Feature","geometry":{"type":"Point","coordinates":[141.8941186,45.3164645]},"properties":{"id":298987807,"name":"北辰ダム"}},{"type":"Feature","geometry":{"type":"Point","coordinates":[142.7076542,44.1150618]},"properties":{"id":298988644,"name":"岩尾内ダム"}},{"type":"Feature","geometry":{"type":"Point","coordinates":[142.7529651,43.9781912]},"properties":{"id":298991604,"name":"ポンテシオダム"}},{"type":"Feature","geometry":{"type":"Point","coordinates":[135.101875,35.243897]},"properties":{"id":299166873,"name":"大杉ダム"}},{"type":"Feature","geometry":{"type":"Point","coordinates":[134.8752922,34.8182464]},"properties":{"id":300178143,"name":"権現第1ダム"}},{"type":"Feature","geometry":{"type":"Point","coordinates":[134.8790815,34.8269267]},"properties":{"id":300178144,"name":"権現第3ダム"}},{"type":"Feature","geometry":{"type":"Point","coordinates":[134.8795985,34.8220606]},"properties":{"id":300178147,"name":"権現第2ダム"}},{"type":"Feature","geometry":{"type":"Point","coordinates":[134.7782901,34.8868866]},"properties":{"id":300208573,"name":"神谷ダム"}},{"type":"Feature","geometry":{"type":"Point","coordinates":[134.6976121,35.1235996]},"properties":{"id":301423347,"name":"太田第一ダム"}},{"type":"Feature","geometry":{"type":"Point","coordinates":[134.7041383,35.1245405]},"properties":{"id":301423348,"name":"太田第三ダム"}},{"type":"Feature","geometry":{"type":"Point","coordinates":[134.7020088,35.1232141]},"properties":{"id":301423349,"name":"太田第二ダム"}},{"type":"Feature","geometry":{"type":"Point","coordinates":[134.7026267,35.1315994]},"properties":{"id":301423350,"name":"太田第四ダム"}},{"type":"Feature","geometry":{"type":"Point","coordinates":[134.5385867,35.2310398]},"properties":{"id":301423351,"name":"引原ダム"}},{"type":"Feature","geometry":{"type":"Point","coordinates":[134.7170409,35.1313536]},"properties":{"id":301423356,"name":"長谷ダム"}},{"type":"Feature","geometry":{"type":"Point","coordinates":[135.4119491,34.9051726]},"properties":{"id":301753443,"name":"一庫ダム"}},{"type":"Feature","geometry":{"type":"Point","coordinates":[134.854895,34.790825]},"properties":{"id":301785490,"name":"平荘第1ダム"}},{"type":"Feature","geometry":{"type":"Point","coordinates":[134.856319,34.7953734]},"properties":{"id":301785491,"name":"平荘第2ダム"}},{"type":"Feature","geometry":{"type":"Point","coordinates":[134.842357,34.7946712]},"properties":{"id":301785492,"name":"平荘第3ダム"}},{"type":"Feature","geometry":{"type":"Point","coordinates":[140.4975222,39.9233954]},"properties":{"id":302247231,"name":"砂防ダム"}},{"type":"Feature","geometry":{"type":"Point","coordinates":[140.6403977,39.8308538]},"properties":{"id":302276682,"name":"玉川ダム (Tamagawa-damu)"}},{"type":"Feature","geometry":{"type":"Point","coordinates":[140.6535005,39.7899571]},"properties":{"id":302289658,"name":"鎧畑ダム"}},{"type":"Feature","geometry":{"type":"Point","coordinates":[136.3026451,34.995388]},"properties":{"id":302574786,"name":"蔵王ダム"}},{"type":"Feature","geometry":{"type":"Point","coordinates":[135.0718503,34.7734353]},"properties":{"id":304935658,"name":"呑吐ダム"}},{"type":"Feature","geometry":{"type":"Point","coordinates":[138.7634961,35.8389434]},"properties":{"id":305332550,"name":"広瀬ダム"}},{"type":"Feature","geometry":{"type":"Point","coordinates":[135.1169154,34.9461076]},"properties":{"id":305388748,"name":"大川瀬ダム"}},{"type":"Feature","geometry":{"type":"Point","coordinates":[139.2556366,35.5387953]},"properties":{"id":310770678,"name":"石小屋堰堤"}},{"type":"Feature","geometry":{"type":"Point","coordinates":[141.4499859,43.2569331]},"properties":{"id":319048844,"name":"高富ダム"}},{"type":"Feature","geometry":{"type":"Point","coordinates":[140.107767,37.1478499]},"properties":{"id":321411004,"name":"赤坂ダム"}},{"type":"Feature","geometry":{"type":"Point","coordinates":[139.7393565,37.2335544]},"properties":{"id":321492609,"name":"田島ダム"}},{"type":"Feature","geometry":{"type":"Point","coordinates":[133.9177029,33.9570407]},"properties":{"id":321751883,"name":"松尾川ダム"}},{"type":"Feature","geometry":{"type":"Point","coordinates":[140.3586208,36.4356055]},"properties":{"id":325408893,"name":"藤井川ダム"}},{"type":"Feature","geometry":{"type":"Point","coordinates":[135.8539202,34.8944547]},"properties":{"id":327108979,"name":"喜撰山ダム"}},{"type":"Feature","geometry":{"type":"Point","coordinates":[140.1850751,41.8027062]},"properties":{"id":328181701,"name":"上ノ国ダム"}},{"type":"Feature","geometry":{"type":"Point","coordinates":[130.8930131,32.6306126]},"properties":{"id":330216906,"name":"船津ダム堰堤"}},{"type":"Feature","geometry":{"type":"Point","coordinates":[130.8573197,32.6163391]},"properties":{"id":333189629,"name":"堰"}},{"type":"Feature","geometry":{"type":"Point","coordinates":[133.4796889,33.8837411]},"properties":{"id":335189528,"name":"富郷ダム"}},{"type":"Feature","geometry":{"type":"Point","coordinates":[136.897522,36.312348]},"properties":{"id":339783243,"name":"椿原ダム"}},{"type":"Feature","geometry":{"type":"Point","coordinates":[130.7934381,33.7162942]},"properties":{"id":339949972,"name":"弁城ダム"}},{"type":"Feature","geometry":{"type":"Point","coordinates":[140.7045583,38.7544189]},"properties":{"id":343170258,"name":"鳴子ダム"}},{"type":"Feature","geometry":{"type":"Point","coordinates":[138.0877119,35.0014847]},"properties":{"id":350216279,"name":"塩郷ダム"}},{"type":"Feature","geometry":{"type":"Point","coordinates":[139.0973768,37.3216595]},"properties":{"id":360614019,"name":"黒又川第一ダム"}},{"type":"Feature","geometry":{"type":"Point","coordinates":[139.1253863,37.2797247]},"properties":{"id":360614021,"name":"黒又川第二ダム"}},{"type":"Feature","geometry":{"type":"Point","coordinates":[138.0529595,36.0534381]},"properties":{"id":361856403,"name":"釜口水門"}},{"type":"Feature","geometry":{"type":"Point","coordinates":[142.3438804,43.6025248]},"properties":{"id":361904743,"name":"神居ダム"}},{"type":"Feature","geometry":{"type":"Point","coordinates":[140.6642491,37.064943]},"properties":{"id":361987798,"name":"入遠野ダム"}},{"type":"Feature","geometry":{"type":"Point","coordinates":[130.8029409,33.3156861]},"properties":{"id":362348513,"name":"合所ダム"}},{"type":"Feature","geometry":{"type":"Point","coordinates":[131.1986249,33.1601549]},"properties":{"id":362361139,"name":"地蔵原ダム"}},{"type":"Feature","geometry":{"type":"Point","coordinates":[135.2699844,34.8764339]},"properties":{"id":362508741,"name":"千苅ダム"}},{"type":"Feature","geometry":{"type":"Point","coordinates":[144.0694575,43.9775305]},"properties":{"id":362961321,"name":"卯原内ダム"}},{"type":"Feature","geometry":{"type":"Point","coordinates":[136.350805,34.9767652]},"properties":{"id":364359098,"name":"野洲川ダム"}},{"type":"Feature","geometry":{"type":"Point","coordinates":[127.8120119,26.4289021]},"properties":{"id":366040834,"name":"石川ダム"}},{"type":"Feature","geometry":{"type":"Point","coordinates":[140.1720603,35.5721258]},"properties":{"id":366070784,"name":"鎌取配水池"}},{"type":"Feature","geometry":{"type":"Point","coordinates":[136.1964259,34.2865927]},"properties":{"id":367056751,"name":"宮川ダム"}},{"type":"Feature","geometry":{"type":"Point","coordinates":[140.920802,39.1212009]},"properties":{"id":368097604,"name":"胆沢ダム"}},{"type":"Feature","geometry":{"type":"Point","coordinates":[135.9704464,34.0474369]},"properties":{"id":368543776,"name":"池原ダム"}},{"type":"Feature","geometry":{"type":"Point","coordinates":[141.7197326,43.743936]},"properties":{"id":369384277,"name":"恵岱別ダム"}},{"type":"Feature","geometry":{"type":"Point","coordinates":[137.2233329,36.553247]},"properties":{"id":369433308,"name":"神二ダム"}},{"type":"Feature","geometry":{"type":"Point","coordinates":[140.2353051,38.0300272]},"properties":{"id":370379331,"name":"蛭沢ダム"}},{"type":"Feature","geometry":{"type":"Point","coordinates":[127.9799223,26.5073702]},"properties":{"id":370695713,"name":"鍋川ダム"}},{"type":"Feature","geometry":{"type":"Point","coordinates":[133.5315614,34.6424527]},"properties":{"id":370884844,"name":"第二星田ダム"}},{"type":"Feature","geometry":{"type":"Point","coordinates":[137.1827228,35.707239]},"properties":{"id":371351095,"name":"下原ダム"}},{"type":"Feature","geometry":{"type":"Point","coordinates":[139.7813466,37.3639668]},"properties":{"id":371607992,"name":"新宮川ダム"}},{"type":"Feature","geometry":{"type":"Point","coordinates":[139.787973,37.3758078]},"properties":{"id":371607994,"name":"宮川ダム"}},{"type":"Feature","geometry":{"type":"Point","coordinates":[134.1174558,33.5073133]},"properties":{"id":373027287,"name":"平鍋ダム"}},{"type":"Feature","geometry":{"type":"Point","coordinates":[140.2211116,39.6231144]},"properties":{"id":373751388,"name":"安養寺砂防ダム"}},{"type":"Feature","geometry":{"type":"Point","coordinates":[139.7904608,36.6199744]},"properties":{"id":375546662,"name":"赤川ダム"}},{"type":"Feature","geometry":{"type":"Point","coordinates":[128.25889,26.8302107]},"properties":{"id":376340965,"name":"宜名真ダム"}},{"type":"Feature","geometry":{"type":"Point","coordinates":[128.2797278,26.7415542]},"properties":{"id":376623449,"name":"普久川ダム"}},{"type":"Feature","geometry":{"type":"Point","coordinates":[141.2631761,39.6731991]},"properties":{"id":377289974,"name":"簗川ダム"}},{"type":"Feature","geometry":{"type":"Point","coordinates":[141.990789,43.0070299]},"properties":{"id":378653168,"name":"清水の沢ダム"}},{"type":"Feature","geometry":{"type":"Point","coordinates":[141.9641689,43.0704305]},"properties":{"id":378655058,"name":"旭町第一ダム"}},{"type":"Feature","geometry":{"type":"Point","coordinates":[141.9602762,43.0748194]},"properties":{"id":378655084,"name":"旭町第二ダム"}},{"type":"Feature","geometry":{"type":"Point","coordinates":[141.938743,42.8931015]},"properties":{"id":378657709,"name":"クオーベツダム"}},{"type":"Feature","geometry":{"type":"Point","coordinates":[141.7911721,43.1726216]},"properties":{"id":378659110,"name":"金志ダム"}},{"type":"Feature","geometry":{"type":"Point","coordinates":[141.8339069,43.1789572]},"properties":{"id":378659548,"name":"三の沢第二ダム"}},{"type":"Feature","geometry":{"type":"Point","coordinates":[141.8430452,43.1378806]},"properties":{"id":378659597,"name":"千代谷ダム"}},{"type":"Feature","geometry":{"type":"Point","coordinates":[141.5559937,43.270649]},"properties":{"id":378660692,"name":"茂平沢第二ダム"}},{"type":"Feature","geometry":{"type":"Point","coordinates":[141.5638886,43.264913]},"properties":{"id":378661449,"name":"茂平沢ダム"}},{"type":"Feature","geometry":{"type":"Point","coordinates":[142.5986312,43.4908352]},"properties":{"id":381859866,"name":"しろがねダム"}},{"type":"Feature","geometry":{"type":"Point","coordinates":[131.9013828,34.0860156]},"properties":{"id":383230302,"name":"温見ダム"}},{"type":"Feature","geometry":{"type":"Point","coordinates":[131.8282009,34.1443183]},"properties":{"id":383391797,"name":"向道ダム"}},{"type":"Feature","geometry":{"type":"Point","coordinates":[131.9358137,34.1201421]},"properties":{"id":383398381,"name":"足谷ため池"}},{"type":"Feature","geometry":{"type":"Point","coordinates":[132.0450492,34.2013119]},"properties":{"id":383927785,"name":"生見川ダム"}},{"type":"Feature","geometry":{"type":"Point","coordinates":[131.7753279,34.1703402]},"properties":{"id":384090089,"name":"島地川ダム"}},{"type":"Feature","geometry":{"type":"Point","coordinates":[131.6552478,34.2769924]},"properties":{"id":384144110,"name":"佐波川ダム"}},{"type":"Feature","geometry":{"type":"Point","coordinates":[140.7183777,36.905814]},"properties":{"id":385658026,"name":"四時ダム"}},{"type":"Feature","geometry":{"type":"Point","coordinates":[133.8567574,34.9137259]},"properties":{"id":388348357,"name":"旭川ダム"}},{"type":"Feature","geometry":{"type":"Point","coordinates":[133.8791537,34.902734]},"properties":{"id":388348479,"name":"旭川第二ダム　Asahigawa Daini Dam"}},{"type":"Feature","geometry":{"type":"Point","coordinates":[135.9348013,34.3532627]},"properties":{"id":388358880,"name":"大滝ダム"}},{"type":"Feature","geometry":{"type":"Point","coordinates":[136.0122943,34.2739236]},"properties":{"id":388358970,"name":"大迫ダム"}},{"type":"Feature","geometry":{"type":"Point","coordinates":[133.0419774,33.5406639]},"properties":{"id":388485633,"name":"面河第三ダム"}},{"type":"Feature","geometry":{"type":"Point","coordinates":[133.2141355,33.5233372]},"properties":{"id":388909572,"name":"桐見ダム"}},{"type":"Feature","geometry":{"type":"Point","coordinates":[133.2122933,33.562483]},"properties":{"id":388909583,"name":"筏津ダム"}},{"type":"Feature","geometry":{"type":"Point","coordinates":[132.950543,32.8008021]},"properties":{"id":389560984,"name":"以布利ダム"}},{"type":"Feature","geometry":{"type":"Point","coordinates":[140.0055995,37.4474138]},"properties":{"id":394401293,"name":"吉ケ平ダム"}},{"type":"Feature","geometry":{"type":"Point","coordinates":[133.4745149,33.6074916]},"properties":{"id":394925377,"name":"鏡ダム"}},{"type":"Feature","geometry":{"type":"Point","coordinates":[134.2270749,35.1005096]},"properties":{"id":399350494,"name":"久賀ダム"}},{"type":"Feature","geometry":{"type":"Point","coordinates":[142.9226581,42.5881948]},"properties":{"id":403037149,"name":"札内川ダム"}},{"type":"Feature","geometry":{"type":"Point","coordinates":[141.814857,44.8320527]},"properties":{"id":403055423,"name":"民安ダム"}},{"type":"Feature","geometry":{"type":"Point","coordinates":[140.1339911,42.1003772]},"properties":{"id":403062099,"name":"相沼内ダム"}},{"type":"Feature","geometry":{"type":"Point","coordinates":[142.6325473,43.9538926]},"properties":{"id":403063433,"name":"愛別ダム"}},{"type":"Feature","geometry":{"type":"Point","coordinates":[141.0416103,43.1332531]},"properties":{"id":403081538,"name":"朝里ダム"}},{"type":"Feature","geometry":{"type":"Point","coordinates":[142.0368734,42.7952921]},"properties":{"id":403082517,"name":"厚真ダム"}},{"type":"Feature","geometry":{"type":"Point","coordinates":[141.8507426,44.4012011]},"properties":{"id":403083891,"name":"有明ダム"}},{"type":"Feature","geometry":{"type":"Point","coordinates":[141.4479006,42.8454383]},"properties":{"id":403084871,"name":"漁川ダム"}},{"type":"Feature","geometry":{"type":"Point","coordinates":[141.1776268,42.9732253]},"properties":{"id":403086454,"name":"一の沢ダム"}},{"type":"Feature","geometry":{"type":"Point","coordinates":[141.8311442,43.1269663]},"properties":{"id":403088192,"name":"一の沢ダム"}},{"type":"Feature","geometry":{"type":"Point","coordinates":[142.0096913,43.6449546]},"properties":{"id":403090001,"name":"稲田ダム"}},{"type":"Feature","geometry":{"type":"Point","coordinates":[142.9360728,43.1968857]},"properties":{"id":403603669,"name":"岩松ダム"}},{"type":"Feature","geometry":{"type":"Point","coordinates":[141.8376394,43.7861339]},"properties":{"id":403604611,"name":"岩村ダム"}},{"type":"Feature","geometry":{"type":"Point","coordinates":[142.1865986,44.0105301]},"properties":{"id":403609106,"name":"雨煙内ダム"}},{"type":"Feature","geometry":{"type":"Point","coordinates":[140.3930836,41.949652]},"properties":{"id":403611434,"name":"鶉ダム"}},{"type":"Feature","geometry":{"type":"Point","coordinates":[142.8243293,42.2395046]},"properties":{"id":403779924,"name":"浦河ダム"}},{"type":"Feature","geometry":{"type":"Point","coordinates":[142.1822043,44.3006281]},"properties":{"id":403779993,"name":"雨竜第一ダム"}},{"type":"Feature","geometry":{"type":"Point","coordinates":[142.1570503,44.3169128]},"properties":{"id":403780159,"name":"雨竜第二ダム"}},{"type":"Feature","geometry":{"type":"Point","coordinates":[142.2039787,44.2927244]},"properties":{"id":403780359,"name":"雨竜土堰堤"}},{"type":"Feature","geometry":{"type":"Point","coordinates":[142.261367,43.9223682]},"properties":{"id":403782587,"name":"江丹別ダム"}},{"type":"Feature","geometry":{"type":"Point","coordinates":[141.9888735,43.6165618]},"properties":{"id":403784074,"name":"江部乙第１号ダム"}},{"type":"Feature","geometry":{"type":"Point","coordinates":[142.4167669,43.4921305]},"properties":{"id":403785167,"name":"江幌ダム"}},{"type":"Feature","geometry":{"type":"Point","coordinates":[142.0819255,43.608943]},"properties":{"id":403787665,"name":"エルムダム"}},{"type":"Feature","geometry":{"type":"Point","coordinates":[142.8845204,44.4806967]},"properties":{"id":403788713,"name":"雄武ダム"}},{"type":"Feature","geometry":{"type":"Point","coordinates":[142.6409846,43.803824]},"properties":{"id":403789804,"name":"大沢ダム"}},{"type":"Feature","geometry":{"type":"Point","coordinates":[141.7261808,44.0912836]},"properties":{"id":403791171,"name":"大椴ダム"}},{"type":"Feature","geometry":{"type":"Point","coordinates":[141.7693216,43.976894]},"properties":{"id":403793882,"name":"沖内ダム"}},{"type":"Feature","geometry":{"type":"Point","coordinates":[142.6701185,42.9263074]},"properties":{"id":403794756,"name":"奥沙流ダム"}},{"type":"Feature","geometry":{"type":"Point","coordinates":[142.6308091,43.8271096]},"properties":{"id":403795724,"name":"小沢ダム"}},{"type":"Feature","geometry":{"type":"Point","coordinates":[141.7754243,43.6714243]},"properties":{"id":403797925,"name":"尾白利加ダム"}},{"type":"Feature","geometry":{"type":"Point","coordinates":[140.8965102,43.0913061]},"properties":{"id":403798073,"name":"落合ダム"}},{"type":"Feature","geometry":{"type":"Point","coordinates":[140.9339418,43.1039906]},"properties":{"id":403799294,"name":"常盤ダム"}},{"type":"Feature","geometry":{"type":"Point","coordinates":[141.8599987,43.2265884]},"properties":{"id":403807410,"name":"小野の沢ダム"}},{"type":"Feature","geometry":{"type":"Point","coordinates":[141.9061128,44.0643961]},"properties":{"id":403809697,"name":"小平ダム"}},{"type":"Feature","geometry":{"type":"Point","coordinates":[143.478906,43.2333242]},"properties":{"id":404259222,"name":"活込ダム"}},{"type":"Feature","geometry":{"type":"Point","coordinates":[142.0028995,43.2398304]},"properties":{"id":404260220,"name":"桂沢ダム"}},{"type":"Feature","geometry":{"type":"Point","coordinates":[143.3878137,43.6074655]},"properties":{"id":404263429,"name":"鹿ノ子ダム"}},{"type":"Feature","geometry":{"type":"Point","coordinates":[141.8458847,44.2545286]},"properties":{"id":404265460,"name":"上小川ダム"}},{"type":"Feature","geometry":{"type":"Point","coordinates":[142.1522198,43.7964006]},"properties":{"id":404267141,"name":"上湯内ダム"}},{"type":"Feature","geometry":{"type":"Point","coordinates":[136.4814777,35.2206712]},"properties":{"id":404519914,"name":"中里ダム"}},{"type":"Feature","geometry":{"type":"Point","coordinates":[142.216704,44.2662912]},"properties":{"id":405055368,"name":"北線ダム"}},{"type":"Feature","geometry":{"type":"Point","coordinates":[141.8659308,43.0548971]},"properties":{"id":405055925,"name":"杵臼ダム"}},{"type":"Feature","geometry":{"type":"Point","coordinates":[143.9748595,43.7926286]},"properties":{"id":405056926,"name":"協栄ダム"}},{"type":"Feature","geometry":{"type":"Point","coordinates":[140.9717998,42.9342058]},"properties":{"id":405056997,"name":"京極ダム"}},{"type":"Feature","geometry":{"type":"Point","coordinates":[140.6150128,43.0361685]},"properties":{"id":405057242,"name":"共和ダム"}},{"type":"Feature","geometry":{"type":"Point","coordinates":[142.9080402,43.1488187]},"properties":{"id":405058683,"name":"屈足ダム"}},{"type":"Feature","geometry":{"type":"Point","coordinates":[141.8556746,43.0752002]},"properties":{"id":405059223,"name":"栗山ダム"}},{"type":"Feature","geometry":{"type":"Point","coordinates":[142.6505346,44.054479]},"properties":{"id":405059884,"name":"甲子ダム"}},{"type":"Feature","geometry":{"type":"Point","coordinates":[142.5008338,44.2425265]},"properties":{"id":405060554,"name":"御料ダム"}},{"type":"Feature","geometry":{"type":"Point","coordinates":[140.7732108,41.8349827]},"properties":{"id":405095854,"name":"笹流ダム"}},{"type":"Feature","geometry":{"type":"Point","coordinates":[142.8383093,43.1704376]},"properties":{"id":405105223,"name":"佐幌ダム"}},{"type":"Feature","geometry":{"type":"Point","coordinates":[142.9586695,42.1852744]},"properties":{"id":405105411,"name":"様似ダム"}},{"type":"Feature","geometry":{"type":"Point","coordinates":[141.7830876,44.1846168]},"properties":{"id":405107240,"name":"三渓ダム"}},{"type":"Feature","geometry":{"type":"Point","coordinates":[141.8420506,43.173963]},"properties":{"id":405109540,"name":"三の沢第一ダム"}},{"type":"Feature","geometry":{"type":"Point","coordinates":[142.1433309,43.9317473]},"properties":{"id":405249774,"name":"下幌加内ダム"}},{"type":"Feature","geometry":{"type":"Point","coordinates":[143.9820089,43.174728]},"properties":{"id":405251157,"name":"庶路ダム"}},{"type":"Feature","geometry":{"type":"Point","coordinates":[142.0163061,43.8720243]},"properties":{"id":405251991,"name":"白木沢ダム"}},{"type":"Feature","geometry":{"type":"Point","coordinates":[140.3009558,41.6126238]},"properties":{"id":405252621,"name":"知内ダム"}},{"type":"Feature","geometry":{"type":"Point","coordinates":[142.5128229,43.6006837]},"properties":{"id":405253276,"name":"新区画ダム"}},{"type":"Feature","geometry":{"type":"Point","coordinates":[141.7273282,43.5853262]},"properties":{"id":405253507,"name":"新十津川ダム"}},{"type":"Feature","geometry":{"type":"Point","coordinates":[142.5237548,43.6118781]},"properties":{"id":405255402,"name":"聖台ダム"}},{"type":"Feature","geometry":{"type":"Point","coordinates":[142.2870462,44.003211]},"properties":{"id":405255861,"name":"西和ダム"}},{"type":"Feature","geometry":{"type":"Point","coordinates":[142.5451353,42.9531951]},"properties":{"id":405256314,"name":"双珠別ダム"}},{"type":"Feature","geometry":{"type":"Point","coordinates":[143.0372232,43.6766561]},"properties":{"id":405257194,"name":"大雪ダム"}},{"type":"Feature","geometry":{"type":"Point","coordinates":[142.0809136,43.9240367]},"properties":{"id":405257569,"name":"鷹泊ダム"}},{"type":"Feature","geometry":{"type":"Point","coordinates":[141.8341976,43.1894886]},"properties":{"id":405410647,"name":"宝池ダム"}},{"type":"Feature","geometry":{"type":"Point","coordinates":[142.288278,43.4437921]},"properties":{"id":405410696,"name":"滝里ダム"}},{"type":"Feature","geometry":{"type":"Point","coordinates":[141.8334228,43.9242193]},"properties":{"id":405410991,"name":"樽真布ダム"}},{"type":"Feature","geometry":{"type":"Point","coordinates":[141.5056335,42.7962322]},"properties":{"id":405411136,"name":"千歳第三ダム"}},{"type":"Feature","geometry":{"type":"Point","coordinates":[141.555607,42.8042258]},"properties":{"id":405411428,"name":"千歳第四ダム"}},{"type":"Feature","geometry":{"type":"Point","coordinates":[142.5180794,44.2833349]},"properties":{"id":405411837,"name":"忠烈布ダム"}},{"type":"Feature","geometry":{"type":"Point","coordinates":[142.3779869,43.9810114]},"properties":{"id":405412001,"name":"中和ダム"}},{"type":"Feature","geometry":{"type":"Point","coordinates":[141.6466318,43.3826437]},"properties":{"id":405412352,"name":"月形ダム"}},{"type":"Feature","geometry":{"type":"Point","coordinates":[142.5838276,43.2292793]},"properties":{"id":405412749,"name":"東郷ダム"}},{"type":"Feature","geometry":{"type":"Point","coordinates":[141.5628612,43.3177187]},"properties":{"id":405413287,"name":"当別ダム"}},{"type":"Feature","geometry":{"type":"Point","coordinates":[142.5823083,43.8720702]},"properties":{"id":405413557,"name":"当麻ダム"}},{"type":"Feature","geometry":{"type":"Point","coordinates":[142.9387625,43.2407298]},"properties":{"id":405413714,"name":"十勝ダム"}},{"type":"Feature","geometry":{"type":"Point","coordinates":[141.618655,43.5968864]},"properties":{"id":405415862,"name":"徳富ダム"}},{"type":"Feature","geometry":{"type":"Point","coordinates":[141.8307013,44.1682577]},"properties":{"id":405416460,"name":"苫前ダム"}},{"type":"Feature","geometry":{"type":"Point","coordinates":[143.7533335,43.8551236]},"properties":{"id":405416635,"name":"富里ダム"}},{"type":"Feature","geometry":{"type":"Point","coordinates":[142.8841657,43.4331953]},"properties":{"id":405417906,"name":"富村ダム"}},{"type":"Feature","geometry":{"type":"Point","coordinates":[141.2170059,42.9709893]},"properties":{"id":405419544,"name":"砥山ダム"}},{"type":"Feature","geometry":{"type":"Point","coordinates":[141.7040295,43.3814397]},"properties":{"id":405420761,"name":"豊ヶ丘ダム"}},{"type":"Feature","geometry":{"type":"Point","coordinates":[142.3074418,44.2122461]},"properties":{"id":405604565,"name":"中の沢ダム"}},{"type":"Feature","geometry":{"type":"Point","coordinates":[141.754977,43.9270387]},"properties":{"id":405605802,"name":"中幌ダム"}},{"type":"Feature","geometry":{"type":"Point","coordinates":[140.5941921,41.8524497]},"properties":{"id":405605989,"name":"南部坂ダム"}},{"type":"Feature","geometry":{"type":"Point","coordinates":[143.0706239,42.6408734]},"properties":{"id":405609226,"name":"西札内ダム"}},{"type":"Feature","geometry":{"type":"Point","coordinates":[142.5190604,43.4896568]},"properties":{"id":405610610,"name":"日新ダム"}},{"type":"Feature","geometry":{"type":"Point","coordinates":[141.806067,43.5210857]},"properties":{"id":405616335,"name":"日進（甲）ダム"}},{"type":"Feature","geometry":{"type":"Point","coordinates":[141.8468305,43.1241823]},"properties":{"id":405620720,"name":"二の沢ダム"}},{"type":"Feature","geometry":{"type":"Point","coordinates":[142.1486706,42.6293308]},"properties":{"id":405621052,"name":"二風谷ダム"}},{"type":"Feature","geometry":{"type":"Point","coordinates":[143.3281914,43.3917996]},"properties":{"id":405621352,"name":"糠南ダム"}},{"type":"Feature","geometry":{"type":"Point","coordinates":[143.2213504,43.3731071]},"properties":{"id":405622036,"name":"糠平ダム"}},{"type":"Feature","geometry":{"type":"Point","coordinates":[141.8869479,43.2636766]},"properties":{"id":405795307,"name":"ヌッパの沢ダム"}},{"type":"Feature","geometry":{"type":"Point","coordinates":[141.9258462,43.9114202]},"properties":{"id":405796176,"name":"沼田ダム"}},{"type":"Feature","geometry":{"type":"Point","coordinates":[142.2315575,43.4437375]},"properties":{"id":405796617,"name":"丸山ダム"}},{"type":"Feature","geometry":{"type":"Point","coordinates":[141.9269225,44.3435627]},"properties":{"id":405796650,"name":"羽幌ダム"}},{"type":"Feature","geometry":{"type":"Point","coordinates":[141.9433239,44.302907]},"properties":{"id":405796838,"name":"羽幌二股ダム"}},{"type":"Feature","geometry":{"type":"Point","coordinates":[142.519637,43.7787118]},"properties":{"id":405797675,"name":"東桜岡第一ダム"}},{"type":"Feature","geometry":{"type":"Point","coordinates":[142.8514775,42.8054673]},"properties":{"id":405798070,"name":"美生ダム"}},{"type":"Feature","geometry":{"type":"Point","coordinates":[142.493213,43.4808432]},"properties":{"id":405799071,"name":"日の出ダム"}},{"type":"Feature","geometry":{"type":"Point","coordinates":[141.9794979,43.3543751]},"properties":{"id":405799203,"name":"美唄ダム"}},{"type":"Feature","geometry":{"type":"Point","coordinates":[140.1968059,42.4714531]},"properties":{"id":405801831,"name":"美利河ダム"}},{"type":"Feature","geometry":{"type":"Point","coordinates":[142.5624165,44.221726]},"properties":{"id":405802838,"name":"風連ダム"}},{"type":"Feature","geometry":{"type":"Point","coordinates":[141.835522,43.6175858]},"properties":{"id":406119555,"name":"福井谷ダム"}},{"type":"Feature","geometry":{"type":"Point","coordinates":[141.9083336,43.8454603]},"properties":{"id":406119882,"name":"藤沢ダム"}},{"type":"Feature","geometry":{"type":"Point","coordinates":[140.9354686,42.9112907]},"properties":{"id":406120081,"name":"双葉ダム"}},{"type":"Feature","geometry":{"type":"Point","coordinates":[142.47882,44.2068014]},"properties":{"id":406120655,"name":"武徳ダム"}},{"type":"Feature","geometry":{"type":"Point","coordinates":[144.226128,43.6979705]},"properties":{"id":406121547,"name":"古梅ダム"}},{"type":"Feature","geometry":{"type":"Point","coordinates":[142.8201023,43.8331061]},"properties":{"id":406122326,"name":"古川ダム"}},{"type":"Feature","geometry":{"type":"Point","coordinates":[142.6654089,43.7145149]},"properties":{"id":406122762,"name":"ペーパンダム"}},{"type":"Feature","geometry":{"type":"Point","coordinates":[141.1536291,42.9159205]},"properties":{"id":406123292,"name":"豊平峡ダム"}},{"type":"Feature","geometry":{"type":"Point","coordinates":[142.1793709,42.8850221]},"properties":{"id":406123768,"name":"穂別ダム"}},{"type":"Feature","geometry":{"type":"Point","coordinates":[143.1325334,43.4307196]},"properties":{"id":406123900,"name":"幌加ダム"}},{"type":"Feature","geometry":{"type":"Point","coordinates":[141.9306914,43.8864633]},"properties":{"id":406124127,"name":"幌新ダム"}},{"type":"Feature","geometry":{"type":"Point","coordinates":[143.069833,42.1246917]},"properties":{"id":406125219,"name":"幌満川第三ダム"}},{"type":"Feature","geometry":{"type":"Point","coordinates":[141.9372318,43.1639762]},"properties":{"id":406125932,"name":"幌向ダム"}},{"type":"Feature","geometry":{"type":"Point","coordinates":[141.8606329,43.2192953]},"properties":{"id":406129669,"name":"前田の沢ダム"}},{"type":"Feature","geometry":{"type":"Point","coordinates":[143.2784643,42.8736601]},"properties":{"id":406131966,"name":"幕別ダム"}},{"type":"Feature","geometry":{"type":"Point","coordinates":[139.9098239,42.4822804]},"properties":{"id":406132311,"name":"真駒内ダム"}},{"type":"Feature","geometry":{"type":"Point","coordinates":[141.8970299,42.8407995]},"properties":{"id":406133081,"name":"瑞穂ダム"}},{"type":"Feature","geometry":{"type":"Point","coordinates":[144.6294817,43.6702623]},"properties":{"id":406134989,"name":"緑ダム"}},{"type":"Feature","geometry":{"type":"Point","coordinates":[143.3399104,43.9418101]},"properties":{"id":406136383,"name":"武利ダム"}},{"type":"Feature","geometry":{"type":"Point","coordinates":[141.4974173,43.3542172]},"properties":{"id":406137167,"name":"望来ダム"}},{"type":"Feature","geometry":{"type":"Point","coordinates":[143.2672507,43.3456646]},"properties":{"id":406139008,"name":"元小屋ダム"}},{"type":"Feature","geometry":{"type":"Point","coordinates":[142.2045352,42.5470882]},"properties":{"id":406140484,"name":"門別ダム"}},{"type":"Feature","geometry":{"type":"Point","coordinates":[140.9080251,41.839206]},"properties":{"id":406141278,"name":"矢別ダム"}},{"type":"Feature","geometry":{"type":"Point","coordinates":[140.6836827,43.1547358]},"properties":{"id":406141869,"name":"余市ダム"}},{"type":"Feature","geometry":{"type":"Point","coordinates":[141.7633297,43.8353621]},"properties":{"id":406145808,"name":"留萌ダム"}},{"type":"Feature","geometry":{"type":"Point","coordinates":[141.7046045,43.6208221]},"properties":{"id":406146803,"name":"和歌ダム"}},{"type":"Feature","geometry":{"type":"Point","coordinates":[135.7246042,34.3284662]},"properties":{"id":406770044,"name":"一の木ダム"}},{"type":"Feature","geometry":{"type":"Point","coordinates":[138.6856636,36.1361036]},"properties":{"id":407505847,"name":"大仁田ダム"}},{"type":"Feature","geometry":{"type":"Point","coordinates":[133.655021,33.68087]},"properties":{"id":409824834,"name":"穴内川ダム"}},{"type":"Feature","geometry":{"type":"Point","coordinates":[142.1003367,43.0234121]},"properties":{"id":409952845,"name":"夕張シューパロダム"}},{"type":"Feature","geometry":{"type":"Point","coordinates":[133.6378368,33.9514206]},"properties":{"id":410580984,"name":"影井堰"}},{"type":"Feature","geometry":{"type":"Point","coordinates":[133.6381161,33.9287559]},"properties":{"id":410581145,"name":"馬立取水堰"}},{"type":"Feature","geometry":{"type":"Point","coordinates":[131.4672911,32.2180556]},"properties":{"id":410878427,"name":"切原ダム"}},{"type":"Feature","geometry":{"type":"Point","coordinates":[128.2367832,26.6376522]},"properties":{"id":414752098,"name":"福地ダム上流洪水吐"}},{"type":"Feature","geometry":{"type":"Point","coordinates":[128.245388,26.6803501]},"properties":{"id":414752104,"name":"新川ダム"}},{"type":"Feature","geometry":{"type":"Point","coordinates":[128.2694307,26.7107304]},"properties":{"id":415170910,"name":"安波ダム"}},{"type":"Feature","geometry":{"type":"Point","coordinates":[129.8922126,32.7698209]},"properties":{"id":415171392,"name":"西山ダム"}},{"type":"Feature","geometry":{"type":"Point","coordinates":[127.9495937,26.482286]},"properties":{"id":415472702,"name":"漢那ダム"}},{"type":"Feature","geometry":{"type":"Point","coordinates":[127.9525278,26.4852027]},"properties":{"id":415472703,"name":"漢那脇ダム"}},{"type":"Feature","geometry":{"type":"Point","coordinates":[131.4895443,33.2684108]},"properties":{"id":415485102,"name":"鮎返ダム"}},{"type":"Feature","geometry":{"type":"Point","coordinates":[133.5708219,33.9364392]},"properties":{"id":416583777,"name":"柳瀬ダム"}},{"type":"Feature","geometry":{"type":"Point","coordinates":[131.0476023,34.3488366]},"properties":{"id":416626443,"name":"阿惣ダム"}},{"type":"Feature","geometry":{"type":"Point","coordinates":[131.0824541,34.3596068]},"properties":{"id":416633445,"name":"有宗ダム"}},{"type":"Feature","geometry":{"type":"Point","coordinates":[131.1121576,34.3488998]},"properties":{"id":416671580,"name":"狩音ダム"}},{"type":"Feature","geometry":{"type":"Point","coordinates":[131.1205987,34.3472592]},"properties":{"id":416673328,"name":"畑ダム"}},{"type":"Feature","geometry":{"type":"Point","coordinates":[127.9319627,26.464937]},"properties":{"id":420015226,"name":"金武ダム"}},{"type":"Feature","geometry":{"type":"Point","coordinates":[127.9852932,26.5136155]},"properties":{"id":420029330,"name":"潟原ダム"}},{"type":"Feature","geometry":{"type":"Point","coordinates":[127.9893881,26.5241621]},"properties":{"id":420030733,"name":"久志大川ダム"}},{"type":"Feature","geometry":{"type":"Point","coordinates":[140.19949,39.7897505]},"properties":{"id":421212831,"name":"藤倉ダム"}},{"type":"Feature","geometry":{"type":"Point","coordinates":[140.1720607,39.8684155]},"properties":{"id":421441563,"name":"井川ダム"}},{"type":"Feature","geometry":{"type":"Point","coordinates":[141.7916628,43.7516341]},"properties":{"id":421803523,"name":"小豆沢ダム"}},{"type":"Feature","geometry":{"type":"Point","coordinates":[141.7926278,43.7800172]},"properties":{"id":421803526,"name":"一の沢ダム"}},{"type":"Feature","geometry":{"type":"Point","coordinates":[127.9642721,26.5035965]},"properties":{"id":422647682,"name":"宜野座ダム"}},{"type":"Feature","geometry":{"type":"Point","coordinates":[127.9693846,26.5084917]},"properties":{"id":422647685,"name":"宜野座大川ダム"}},{"type":"Feature","geometry":{"type":"Point","coordinates":[138.8897257,36.1262314]},"properties":{"id":422977642,"name":"塩沢ダム"}},{"type":"Feature","geometry":{"type":"Point","coordinates":[142.9266359,44.2348026]},"properties":{"id":426819874,"name":"藻興部川砂防ダム"}},{"type":"Feature","geometry":{"type":"Point","coordinates":[129.2922382,34.2575462]},"properties":{"id":430456823,"name":"雞知ダム"}},{"type":"Feature","geometry":{"type":"Point","coordinates":[134.2732185,35.5105734]},"properties":{"id":432571077,"name":"百谷ダム"}},{"type":"Feature","geometry":{"type":"Point","coordinates":[138.6606195,35.7207609]},"properties":{"id":433205829,"name":"砂防"}},{"type":"Feature","geometry":{"type":"Point","coordinates":[136.8933483,36.2483069]},"properties":{"id":435727695,"name":"鳩谷ダム"}},{"type":"Feature","geometry":{"type":"Point","coordinates":[138.4769315,37.2425356]},"properties":{"id":436147630,"name":"柿崎川ダム"}},{"type":"Feature","geometry":{"type":"Point","coordinates":[140.5128646,37.9591432]},"properties":{"id":436445911,"name":"七ヶ宿ダム"}},{"type":"Feature","geometry":{"type":"Point","coordinates":[141.1497554,38.7082809]},"properties":{"id":436480251,"name":"パシフィックコンサルタンツ長沼ダム"}},{"type":"Feature","geometry":{"type":"Point","coordinates":[141.2954952,40.0891904]},"properties":{"id":436812563,"name":"大志田ダム"}},{"type":"Feature","geometry":{"type":"Point","coordinates":[136.6621243,35.7370143]},"properties":{"id":436900688,"name":"上大須ダム"}},{"type":"Feature","geometry":{"type":"Point","coordinates":[136.501754,35.6659786]},"properties":{"id":436904952,"name":"徳山ダム"}},{"type":"Feature","geometry":{"type":"Point","coordinates":[139.1751117,36.6390341]},"properties":{"id":436926511,"name":"薗原ダム"}},{"type":"Feature","geometry":{"type":"Point","coordinates":[140.3108245,35.19582]},"properties":{"id":437085805,"name":"御宿ダム"}},{"type":"Feature","geometry":{"type":"Point","coordinates":[140.3564237,35.2829189]},"properties":{"id":437087007,"name":"岬ダム"}},{"type":"Feature","geometry":{"type":"Point","coordinates":[139.907826,35.2951067]},"properties":{"id":437095820,"name":"郡ダム"}},{"type":"Feature","geometry":{"type":"Point","coordinates":[141.0527019,39.5133071]},"properties":{"id":437133917,"name":"葛丸ダム"}},{"type":"Feature","geometry":{"type":"Point","coordinates":[141.0654157,39.5476259]},"properties":{"id":437134007,"name":"山王海ダム"}},{"type":"Feature","geometry":{"type":"Point","coordinates":[136.5423971,36.0635336]},"properties":{"id":437156224,"name":"福井県浄土寺川ダム"}},{"type":"Feature","geometry":{"type":"Point","coordinates":[137.9931442,34.7100886]},"properties":{"id":437410142,"name":"西大谷ダム"}},{"type":"Feature","geometry":{"type":"Point","coordinates":[135.1588207,34.6915369]},"properties":{"id":437578513,"name":"立ヶ畑ダム"}},{"type":"Feature","geometry":{"type":"Point","coordinates":[139.4076399,36.4725224]},"properties":{"id":438187513,"name":"桐生川ダム"}},{"type":"Feature","geometry":{"type":"Point","coordinates":[135.3911095,33.9587364]},"properties":{"id":438261030,"name":"椿山ダム"}},{"type":"Feature","geometry":{"type":"Point","coordinates":[139.988825,35.346111]},"properties":{"id":438265000,"name":"矢那川ダム"}},{"type":"Feature","geometry":{"type":"Point","coordinates":[140.661573,36.6699811]},"properties":{"id":438266506,"name":"十王ダム"}},{"type":"Feature","geometry":{"type":"Point","coordinates":[142.1687235,26.6467979]},"properties":{"id":438267339,"name":"玉川ダム"}},{"type":"Feature","geometry":{"type":"Point","coordinates":[130.3963222,33.4355347]},"properties":{"id":438272154,"name":"脊振ダム"}},{"type":"Feature","geometry":{"type":"Point","coordinates":[130.5205818,33.6834586]},"properties":{"id":438273897,"name":"猪野ダム"}},{"type":"Feature","geometry":{"type":"Point","coordinates":[130.4759019,33.6547164]},"properties":{"id":438274723,"name":"長谷ダム"}},{"type":"Feature","geometry":{"type":"Point","coordinates":[130.3263113,31.7347763]},"properties":{"id":438349039,"name":"串木野ダム"}},{"type":"Feature","geometry":{"type":"Point","coordinates":[139.283295,35.5856641]},"properties":{"id":438366843,"name":"城山ダム"}},{"type":"Feature","geometry":{"type":"Point","coordinates":[133.6546154,34.7992467]},"properties":{"id":438673767,"name":"樽井ダム"}},{"type":"Feature","geometry":{"type":"Point","coordinates":[137.6487755,35.0090702]},"properties":{"id":439142561,"name":"宇連ダム"}},{"type":"Feature","geometry":{"type":"Point","coordinates":[136.9092162,36.4008912]},"properties":{"id":439334923,"name":"小原ダム"}},{"type":"Feature","geometry":{"type":"Point","coordinates":[136.260533,35.0046872]},"properties":{"id":439365000,"name":"日野川ダム"}},{"type":"Feature","geometry":{"type":"Point","coordinates":[136.3391044,35.1710882]},"properties":{"id":439368183,"name":"犬上ダム"}},{"type":"Feature","geometry":{"type":"Point","coordinates":[136.3351034,35.075943]},"properties":{"id":439368416,"name":"永源寺ダム"}},{"type":"Feature","geometry":{"type":"Point","coordinates":[136.3499686,35.4850735]},"properties":{"id":439369489,"name":"姉川ダム"}},{"type":"Feature","geometry":{"type":"Point","coordinates":[136.2908376,35.1543858]},"properties":{"id":439371919,"name":"宇曽川ダム"}},{"type":"Feature","geometry":{"type":"Point","coordinates":[136.2813835,34.9024278]},"properties":{"id":439433672,"name":"大原ダム"}},{"type":"Feature","geometry":{"type":"Point","coordinates":[135.956629,35.3780144]},"properties":{"id":439433861,"name":"奥山ダム"}},{"type":"Feature","geometry":{"type":"Point","coordinates":[141.9685348,39.8484131]},"properties":{"id":439978772,"name":"小本川水門"}},{"type":"Feature","geometry":{"type":"Point","coordinates":[136.8744668,36.3499693]},"properties":{"id":440226641,"name":"成出ダム"}},{"type":"Feature","geometry":{"type":"Point","coordinates":[135.1595111,34.7171967]},"properties":{"id":440337792,"name":"天王ダム"}},{"type":"Feature","geometry":{"type":"Point","coordinates":[142.4427319,43.1295037]},"properties":{"id":440447626,"name":"金山ダム"}},{"type":"Feature","geometry":{"type":"Point","coordinates":[136.3634543,36.0485884]},"properties":{"id":440544215,"name":"永平寺ダム"}},{"type":"Feature","geometry":{"type":"Point","coordinates":[137.3880327,34.8947138]},"properties":{"id":441225899,"name":"雨山ダム"}},{"type":"Feature","geometry":{"type":"Point","coordinates":[137.3926136,34.8922717]},"properties":{"id":441225933,"name":"雨山川砂防ダム"}},{"type":"Feature","geometry":{"type":"Point","coordinates":[137.3907972,34.8962099]},"properties":{"id":441225936,"name":"大ゾレ砂防ダム"}},{"type":"Feature","geometry":{"type":"Point","coordinates":[134.4595328,35.3473726]},"properties":{"id":443135387,"name":"茗荷谷ダム"}},{"type":"Feature","geometry":{"type":"Point","coordinates":[142.2091788,27.0611991]},"properties":{"id":443772956,"name":"時雨ダム"}},{"type":"Feature","geometry":{"type":"Point","coordinates":[142.2060307,27.071001]},"properties":{"id":444210081,"name":"連珠ダム"}},{"type":"Feature","geometry":{"type":"Point","coordinates":[142.3968493,42.7965766]},"properties":{"id":444717298,"name":"岩知志ダム"}},{"type":"Feature","geometry":{"type":"Point","coordinates":[129.7348194,33.305404]},"properties":{"id":445666128,"name":"笛吹ダム"}},{"type":"Feature","geometry":{"type":"Point","coordinates":[136.8398464,36.348635]},"properties":{"id":446470291,"name":"境川ダム"}},{"type":"Feature","geometry":{"type":"Point","coordinates":[136.299889,35.2375805]},"properties":{"id":447944547,"name":"芹川ダム"}},{"type":"Feature","geometry":{"type":"Point","coordinates":[140.5408412,40.8886094]},"properties":{"id":447946479,"name":"小田川ダム"}},{"type":"Feature","geometry":{"type":"Point","coordinates":[140.964121,38.6271399]},"properties":{"id":448161544,"name":"化女沼ダム"}},{"type":"Feature","geometry":{"type":"Point","coordinates":[137.7485733,36.1544785]},"properties":{"id":448429786,"name":"水殿ダム"}},{"type":"Feature","geometry":{"type":"Point","coordinates":[132.5166668,34.5624525]},"properties":{"id":448606598,"name":"南原ダム"}},{"type":"Feature","geometry":{"type":"Point","coordinates":[132.5057054,34.5860144]},"properties":{"id":448607852,"name":"明神ダム"}},{"type":"Feature","geometry":{"type":"Point","coordinates":[132.6209467,34.6434279]},"properties":{"id":448608878,"name":"土師ダム"}},{"type":"Feature","geometry":{"type":"Point","coordinates":[135.4391111,35.2075392]},"properties":{"id":449036817,"name":"脇ダム(遮水擁壁工)"}},{"type":"Feature","geometry":{"type":"Point","coordinates":[135.43544,35.2095452]},"properties":{"id":449036818,"name":"畑川ダム"}},{"type":"Feature","geometry":{"type":"Point","coordinates":[135.4602148,35.2623316]},"properties":{"id":449041389,"name":"大野ダム"}},{"type":"Feature","geometry":{"type":"Point","coordinates":[138.1555465,35.1663825]},"properties":{"id":449610585,"name":"長島ダム"}},{"type":"Feature","geometry":{"type":"Point","coordinates":[138.2225401,35.2102194]},"properties":{"id":449612328,"name":"井川ダム"}},{"type":"Feature","geometry":{"type":"Point","coordinates":[140.2227484,40.3336253]},"properties":{"id":450195936,"name":"素波里ダム"}},{"type":"Feature","geometry":{"type":"Point","coordinates":[139.6933832,36.8987534]},"properties":{"id":451566963,"name":"川治ダム"}},{"type":"Feature","geometry":{"type":"Point","coordinates":[139.7053655,36.9028279]},"properties":{"id":451567353,"name":"五十里ダム"}},{"type":"Feature","geometry":{"type":"Point","coordinates":[134.1298418,34.8316596]},"properties":{"id":452053223,"name":"新田原井堰"}},{"type":"Feature","geometry":{"type":"Point","coordinates":[133.8941744,35.1269338]},"properties":{"id":452422251,"name":"苫田ダム"}},{"type":"Feature","geometry":{"type":"Point","coordinates":[134.1051319,34.7354598]},"properties":{"id":453637337,"name":"坂根合同堰"}},{"type":"Feature","geometry":{"type":"Point","coordinates":[130.3077902,33.4978676]},"properties":{"id":453750133,"name":"曲渕ダム"}},{"type":"Feature","geometry":{"type":"Point","coordinates":[129.7128559,32.8848726]},"properties":{"id":454599843,"name":"神浦ダム"}},{"type":"Feature","geometry":{"type":"Point","coordinates":[129.6971276,32.9548761]},"properties":{"id":454726198,"name":"雪浦ダム"}},{"type":"Feature","geometry":{"type":"Point","coordinates":[135.1766495,34.704596]},"properties":{"id":458178515,"name":"田々部堰堤"}},{"type":"Feature","geometry":{"type":"Point","coordinates":[137.5702958,35.5866882]},"properties":{"id":458256741,"name":"山口ダム"}},{"type":"Feature","geometry":{"type":"Point","coordinates":[137.6199145,35.6587981]},"properties":{"id":458256743,"name":"読書ダム"}},{"type":"Feature","geometry":{"type":"Point","coordinates":[133.7282478,34.0654992]},"properties":{"id":458584694,"name":"粟井ダム"}},{"type":"Feature","geometry":{"type":"Point","coordinates":[137.5251536,35.5215991]},"properties":{"id":458603066,"name":"落合ダム"}},{"type":"Feature","geometry":{"type":"Point","coordinates":[136.5333611,35.5143927]},"properties":{"id":458674112,"name":"西平ダム"}},{"type":"Feature","geometry":{"type":"Point","coordinates":[134.3417325,35.4490195]},"properties":{"id":459425889,"name":"殿ダム"}},{"type":"Feature","geometry":{"type":"Point","coordinates":[138.0903058,35.2169576]},"properties":{"id":459927349,"name":"千頭ダム"}},{"type":"Feature","geometry":{"type":"Point","coordinates":[136.5465927,35.8431071]},"properties":{"id":460180523,"name":"笹生川ダム"}},{"type":"Feature","geometry":{"type":"Point","coordinates":[130.8939394,33.5557848]},"properties":{"id":461042677,"name":"油木ダム  Aburagi Dam"}},{"type":"Feature","geometry":{"type":"Point","coordinates":[135.8480833,34.9648989]},"properties":{"id":461578464,"name":"音羽ダム"}},{"type":"Feature","geometry":{"type":"Point","coordinates":[135.8453381,34.9667435]},"properties":{"id":461578471,"name":"音羽川砂防ダム"}},{"type":"Feature","geometry":{"type":"Point","coordinates":[139.2985095,37.0478279]},"properties":{"id":461648891,"name":"大津岐ダム"}},{"type":"Feature","geometry":{"type":"Point","coordinates":[134.3310593,35.3650935]},"properties":{"id":463070642,"name":"徳丸どんど"}},{"type":"Feature","geometry":{"type":"Point","coordinates":[131.2529612,34.091476]},"properties":{"id":464635831,"name":"今富ダム"}},{"type":"Feature","geometry":{"type":"Point","coordinates":[131.1894675,34.1731669]},"properties":{"id":465409050,"name":"美祢ダム"}},{"type":"Feature","geometry":{"type":"Point","coordinates":[131.0264698,34.15292]},"properties":{"id":465871456,"name":"歌野川ダム"}},{"type":"Feature","geometry":{"type":"Point","coordinates":[137.4558622,35.8069873]},"properties":{"id":466392503,"name":"王滝川ダム"}},{"type":"Feature","geometry":{"type":"Point","coordinates":[131.0438779,34.1410452]},"properties":{"id":466918432,"name":"新湯の原ダム"}},{"type":"Feature","geometry":{"type":"Point","coordinates":[137.3939222,35.82412]},"properties":{"id":467344244,"name":"三浦ダム"}},{"type":"Feature","geometry":{"type":"Point","coordinates":[137.6029386,35.8244671]},"properties":{"id":467597867,"name":"牧尾ダム"}},{"type":"Feature","geometry":{"type":"Point","coordinates":[137.6019324,35.8262155]},"properties":{"id":467597868,"name":"牧尾ダム"}},{"type":"Feature","geometry":{"type":"Point","coordinates":[131.1186507,34.2360322]},"properties":{"id":467606853,"name":"木屋川ダム"}},{"type":"Feature","geometry":{"type":"Point","coordinates":[135.8909493,34.3995352]},"properties":{"id":472519620,"name":"津風呂ダム"}},{"type":"Feature","geometry":{"type":"Point","coordinates":[129.9973289,33.1816665]},"properties":{"id":474944063,"name":"渕の尾ダム"}},{"type":"Feature","geometry":{"type":"Point","coordinates":[130.9449727,34.1374873]},"properties":{"id":477797060,"name":"舟郡ダム"}},{"type":"Feature","geometry":{"type":"Point","coordinates":[133.599451,35.0007017]},"properties":{"id":478207304,"name":"北房ダム"}},{"type":"Feature","geometry":{"type":"Point","coordinates":[140.9617682,39.1250625]},"properties":{"id":482764960,"name":"若柳堰堤"}},{"type":"Feature","geometry":{"type":"Point","coordinates":[129.9499257,33.1426132]},"properties":{"id":483621673,"name":"矢筈ダム"}},{"type":"Feature","geometry":{"type":"Point","coordinates":[132.4435812,33.4301036]},"properties":{"id":485232828,"name":"布喜川ダム"}},{"type":"Feature","geometry":{"type":"Point","coordinates":[134.0312608,34.9342082]},"properties":{"id":485766418,"name":"血洗池ダム"}},{"type":"Feature","geometry":{"type":"Point","coordinates":[134.0361058,34.9154642]},"properties":{"id":485766419,"name":"滝山ダム"}},{"type":"Feature","geometry":{"type":"Point","coordinates":[134.1727337,34.8675666]},"properties":{"id":485766420,"name":"日笠ダム"}},{"type":"Feature","geometry":{"type":"Point","coordinates":[134.2971231,34.2221836]},"properties":{"id":486513179,"name":"大内ダム"}},{"type":"Feature","geometry":{"type":"Point","coordinates":[135.687915,33.5918082]},"properties":{"id":486518210,"name":"七川ダム"}},{"type":"Feature","geometry":{"type":"Point","coordinates":[130.1068733,33.2491314]},"properties":{"id":487852695,"name":"天ヶ瀬ダム"}},{"type":"Feature","geometry":{"type":"Point","coordinates":[134.0312767,34.1623047]},"properties":{"id":488494579,"name":"高橋ダム"}},{"type":"Feature","geometry":{"type":"Point","coordinates":[142.5192328,43.7715267]},"properties":{"id":491683351,"name":"東桜岡第2ダム"}},{"type":"Feature","geometry":{"type":"Point","coordinates":[129.8950784,33.1983369]},"properties":{"id":495357818,"name":"有田ダム"}},{"type":"Feature","geometry":{"type":"Point","coordinates":[133.6341034,34.2209034]},"properties":{"id":495572307,"name":"砂防ダム"}},{"type":"Feature","geometry":{"type":"Point","coordinates":[140.8574896,38.8860035]},"properties":{"id":496772263,"name":"荒砥沢ダム"}},{"type":"Feature","geometry":{"type":"Point","coordinates":[134.0744387,34.1687927]},"properties":{"id":498044545,"name":"内場ダム"}},{"type":"Feature","geometry":{"type":"Point","coordinates":[141.0209814,38.9514962]},"properties":{"id":505449409,"name":"大〆切頭首工"}},{"type":"Feature","geometry":{"type":"Point","coordinates":[139.6626103,36.9361908]},"properties":{"id":506480883,"name":"湯西川ダム"}},{"type":"Feature","geometry":{"type":"Point","coordinates":[139.5205418,36.8778957]},"properties":{"id":506688235,"name":"川俣ダム"}},{"type":"Feature","geometry":{"type":"Point","coordinates":[139.4207234,36.6308831]},"properties":{"id":506708593,"name":"庚申ダム"}},{"type":"Feature","geometry":{"type":"Point","coordinates":[138.67818,36.235069]},"properties":{"id":506718102,"name":"道平川ダム"}},{"type":"Feature","geometry":{"type":"Point","coordinates":[138.7049985,36.052546]},"properties":{"id":506727777,"name":"上野ダム"}},{"type":"Feature","geometry":{"type":"Point","coordinates":[130.8594688,31.5084098]},"properties":{"id":509122323,"name":"高隈ダム"}},{"type":"Feature","geometry":{"type":"Point","coordinates":[139.1168015,36.6590508]},"properties":{"id":509428076,"name":"平出ダム"}},{"type":"Feature","geometry":{"type":"Point","coordinates":[139.0366094,36.8043084]},"properties":{"id":509431304,"name":"藤原ダム"}},{"type":"Feature","geometry":{"type":"Point","coordinates":[139.0606464,36.8685697]},"properties":{"id":509434108,"name":"須田貝ダム"}},{"type":"Feature","geometry":{"type":"Point","coordinates":[139.0784684,36.8815284]},"properties":{"id":509438216,"name":"奈良俣ダム"}},{"type":"Feature","geometry":{"type":"Point","coordinates":[139.0566239,36.9113152]},"properties":{"id":509438953,"name":"八木沢ダム"}},{"type":"Feature","geometry":{"type":"Point","coordinates":[138.8928101,36.7124289]},"properties":{"id":509519483,"name":"相俣ダム"}},{"type":"Feature","geometry":{"type":"Point","coordinates":[130.1324415,33.342325]},"properties":{"id":517184151,"name":"天山ダム"}},{"type":"Feature","geometry":{"type":"Point","coordinates":[129.6858457,33.0138549]},"properties":{"id":517864371,"name":"伊佐ノ浦ダム"}},{"type":"Feature","geometry":{"type":"Point","coordinates":[135.9485661,34.9641017]},"properties":{"id":518461385,"name":"梨の木川砂防ダム"}},{"type":"Feature","geometry":{"type":"Point","coordinates":[139.4250742,36.426394]},"properties":{"id":518836038,"name":"松田川ダム"}},{"type":"Feature","geometry":{"type":"Point","coordinates":[141.0646348,38.9167281]},"properties":{"id":519823185,"name":"藤走頭首工"}},{"type":"Feature","geometry":{"type":"Point","coordinates":[132.0525129,34.0575146]},"properties":{"id":523725013,"name":"中山川ダム"}},{"type":"Feature","geometry":{"type":"Point","coordinates":[141.0819302,38.9432333]},"properties":{"id":526619590,"name":"高田西分水工"}},{"type":"Feature","geometry":{"type":"Point","coordinates":[127.8822655,26.4972074]},"properties":{"id":529100741,"name":"クガチャダム"}},{"type":"Feature","geometry":{"type":"Point","coordinates":[127.8444671,26.4538355]},"properties":{"id":529103828,"name":"屋嘉ダム"}},{"type":"Feature","geometry":{"type":"Point","coordinates":[139.9572237,38.1009695]},"properties":{"id":535275960,"name":"長井ダム"}},{"type":"Feature","geometry":{"type":"Point","coordinates":[138.1329759,35.1577612]},"properties":{"id":537919772,"name":"寸又川ダム"}},{"type":"Feature","geometry":{"type":"Point","coordinates":[138.1424186,35.1646707]},"properties":{"id":537919837,"name":"大井川ダム"}},{"type":"Feature","geometry":{"type":"Point","coordinates":[138.1144974,35.1820499]},"properties":{"id":538974878,"name":"大間ダム"}},{"type":"Feature","geometry":{"type":"Point","coordinates":[137.6184103,36.8883149]},"properties":{"id":541684201,"name":"朝日小川ダム"}},{"type":"Feature","geometry":{"type":"Point","coordinates":[132.6798849,35.1703343]},"properties":{"id":541811828,"name":"志津見ダム"}},{"type":"Feature","geometry":{"type":"Point","coordinates":[137.2020391,36.5597275]},"properties":{"id":542209904,"name":"神三ダム"}},{"type":"Feature","geometry":{"type":"Point","coordinates":[137.2410749,36.4960882]},"properties":{"id":542210364,"name":"神一ダム"}},{"type":"Feature","geometry":{"type":"Point","coordinates":[137.1665165,36.3393935]},"properties":{"id":543225136,"name":"打保ダム"}},{"type":"Feature","geometry":{"type":"Point","coordinates":[132.1456262,34.8089073]},"properties":{"id":544257126,"name":"周布川ダム"}},{"type":"Feature","geometry":{"type":"Point","coordinates":[132.1090749,34.8280415]},"properties":{"id":544346897,"name":"大長見ダム"}},{"type":"Feature","geometry":{"type":"Point","coordinates":[139.0547484,36.5890253]},"properties":{"id":545009540,"name":"綾戸ダム"}},{"type":"Feature","geometry":{"type":"Point","coordinates":[135.4168087,35.2522228]},"properties":{"id":545021595,"name":"和知ダム"}},{"type":"Feature","geometry":{"type":"Point","coordinates":[138.0748617,35.0171171]},"properties":{"id":546554244,"name":"境川ダム"}},{"type":"Feature","geometry":{"type":"Point","coordinates":[130.2171049,33.3891063]},"properties":{"id":547807418,"name":"嘉瀬川ダム"}},{"type":"Feature","geometry":{"type":"Point","coordinates":[138.8988257,35.9561207]},"properties":{"id":548065811,"name":"滝沢ダム"}},{"type":"Feature","geometry":{"type":"Point","coordinates":[138.9659411,36.0583027]},"properties":{"id":548065813,"name":"合角ダム"}},{"type":"Feature","geometry":{"type":"Point","coordinates":[139.0225684,36.1315534]},"properties":{"id":548066833,"name":"下久保ダム"}},{"type":"Feature","geometry":{"type":"Point","coordinates":[141.1468402,40.4971302]},"properties":{"id":548131603,"name":"指久保ダム"}},{"type":"Feature","geometry":{"type":"Point","coordinates":[129.7820971,33.1689667]},"properties":{"id":548992412,"name":"猫山ダム"}},{"type":"Feature","geometry":{"type":"Point","coordinates":[137.3961705,35.4812402]},"properties":{"id":549830908,"name":"大井ダム"}},{"type":"Feature","geometry":{"type":"Point","coordinates":[138.2079563,35.2057698]},"properties":{"id":550126844,"name":"奥泉ダム"}},{"type":"Feature","geometry":{"type":"Point","coordinates":[136.6345731,36.4004563]},"properties":{"id":550570570,"name":"手取川第三ダム"}},{"type":"Feature","geometry":{"type":"Point","coordinates":[139.1240015,35.8111198]},"properties":{"id":551263240,"name":"白丸調整池ダム"}},{"type":"Feature","geometry":{"type":"Point","coordinates":[143.014871,43.6960909]},"properties":{"id":551545789,"name":"本流ダム"}},{"type":"Feature","geometry":{"type":"Point","coordinates":[139.7021688,36.8838356]},"properties":{"id":551921787,"name":"小網ダム"}},{"type":"Feature","geometry":{"type":"Point","coordinates":[137.0395105,36.6548209]},"properties":{"id":552272756,"name":"和田川ダム"}},{"type":"Feature","geometry":{"type":"Point","coordinates":[138.0455335,36.5729306]},"properties":{"id":553054335,"name":"水内ダム"}},{"type":"Feature","geometry":{"type":"Point","coordinates":[136.9956039,36.5752035]},"properties":{"id":553178704,"name":"庄川合口ダム"}},{"type":"Feature","geometry":{"type":"Point","coordinates":[137.0079339,36.5570121]},"properties":{"id":553272643,"name":"小牧ダム"}},{"type":"Feature","geometry":{"type":"Point","coordinates":[136.9838967,36.4723607]},"properties":{"id":553687970,"name":"祖山ダム"}},{"type":"Feature","geometry":{"type":"Point","coordinates":[127.9103323,26.4770435]},"properties":{"id":553744584,"name":"喜瀬武原ダム"}},{"type":"Feature","geometry":{"type":"Point","coordinates":[137.0255848,36.2486647]},"properties":{"id":554199976,"name":"下小鳥ダム"}},{"type":"Feature","geometry":{"type":"Point","coordinates":[137.1875211,36.5105731]},"properties":{"id":554808967,"name":"久婦須川ダム"}},{"type":"Feature","geometry":{"type":"Point","coordinates":[142.0207067,43.0018164]},"properties":{"id":555092515,"name":"清水沢ダム"}},{"type":"Feature","geometry":{"type":"Point","coordinates":[141.9159012,42.9113981]},"properties":{"id":555443273,"name":"川端ダム"}},{"type":"Feature","geometry":{"type":"Point","coordinates":[143.5804847,43.2022066]},"properties":{"id":557382377,"name":"仙美里ダム"}},{"type":"Feature","geometry":{"type":"Point","coordinates":[133.0453795,35.4195515]},"properties":{"id":558249112,"name":"千本ダム"}},{"type":"Feature","geometry":{"type":"Point","coordinates":[141.0787305,40.4274346]},"properties":{"id":558451741,"name":"二の倉ダム"}},{"type":"Feature","geometry":{"type":"Point","coordinates":[140.7318069,42.862596]},"properties":{"id":559397075,"name":"比羅夫取水堰"}},{"type":"Feature","geometry":{"type":"Point","coordinates":[135.8347428,34.2130236]},"properties":{"id":560665484,"name":"九尾ダム"}},{"type":"Feature","geometry":{"type":"Point","coordinates":[142.83364,44.6409335]},"properties":{"id":561004634,"name":"幌内ダム"}},{"type":"Feature","geometry":{"type":"Point","coordinates":[135.8239395,34.1281027]},"properties":{"id":561200481,"name":"瀬戸ダム"}},{"type":"Feature","geometry":{"type":"Point","coordinates":[135.9095578,34.4559101]},"properties":{"id":561400720,"name":"宮奥ダム"}},{"type":"Feature","geometry":{"type":"Point","coordinates":[135.9278556,33.9347393]},"properties":{"id":564391461,"name":"小森ダム"}},{"type":"Feature","geometry":{"type":"Point","coordinates":[135.7412796,34.1792685]},"properties":{"id":565843255,"name":"猿谷ダム"}},{"type":"Feature","geometry":{"type":"Point","coordinates":[138.1826679,37.1453627]},"properties":{"id":568945105,"name":"正善寺ダム"}},{"type":"Feature","geometry":{"type":"Point","coordinates":[141.723492,40.151523]},"properties":{"id":569006670,"name":"滝ダム"}},{"type":"Feature","geometry":{"type":"Point","coordinates":[131.7868902,34.1086088]},"properties":{"id":570991661,"name":"川上ダム"}},{"type":"Feature","geometry":{"type":"Point","coordinates":[138.5658956,36.1605189]},"properties":{"id":571120216,"name":"余地ダム"}},{"type":"Feature","geometry":{"type":"Point","coordinates":[138.5520422,36.184754]},"properties":{"id":571120217,"name":"雨川ダム"}},{"type":"Feature","geometry":{"type":"Point","coordinates":[141.0806486,42.4214161]},"properties":{"id":573934870,"name":"幌別ダム"}},{"type":"Feature","geometry":{"type":"Point","coordinates":[133.7327022,35.2078368]},"properties":{"id":574193553,"name":"湯原ダム"}},{"type":"Feature","geometry":{"type":"Point","coordinates":[142.6297846,43.627708]},"properties":{"id":576801014,"name":"忠別ダム"}},{"type":"Feature","geometry":{"type":"Point","coordinates":[144.4252201,43.0833145]},"properties":{"id":577342259,"name":"岩保木水門（旧水門）"}},{"type":"Feature","geometry":{"type":"Point","coordinates":[144.4273524,43.0825319]},"properties":{"id":577342282,"name":"岩保木水門（新水門）"}},{"type":"Feature","geometry":{"type":"Point","coordinates":[142.2193104,43.4885794]},"properties":{"id":577787037,"name":"野花南ダム"}},{"type":"Feature","geometry":{"type":"Point","coordinates":[142.6340687,43.4793693]},"properties":{"id":577872069,"name":"美瑛川第2号堰堤"}},{"type":"Feature","geometry":{"type":"Point","coordinates":[139.3397864,36.8239293]},"properties":{"id":580081206,"name":"丸沼ダム"}},{"type":"Feature","geometry":{"type":"Point","coordinates":[137.8468633,35.2826051]},"properties":{"id":580324794,"name":"平岡ダム"}},{"type":"Feature","geometry":{"type":"Point","coordinates":[138.5121448,37.2971896]},"properties":{"id":581229887,"name":"赤岩ダム"}},{"type":"Feature","geometry":{"type":"Point","coordinates":[133.4565795,35.0564236]},"properties":{"id":581647275,"name":"千屋ダム"}},{"type":"Feature","geometry":{"type":"Point","coordinates":[130.9491067,33.5891866]},"properties":{"id":583073176,"name":"伊良原ダム"}},{"type":"Feature","geometry":{"type":"Point","coordinates":[137.7700102,35.9759822]},"properties":{"id":585357822,"name":"味噌川ダム"}},{"type":"Feature","geometry":{"type":"Point","coordinates":[137.8089739,35.9352011]},"properties":{"id":585372000,"name":"奈良井ダム"}},{"type":"Feature","geometry":{"type":"Point","coordinates":[137.8103902,35.3799577]},"properties":{"id":585672827,"name":"泰阜ダム"}},{"type":"Feature","geometry":{"type":"Point","coordinates":[134.2118315,35.4725987]},"properties":{"id":585786726,"name":"下味野排水桶管"}},{"type":"Feature","geometry":{"type":"Point","coordinates":[137.1033701,35.464989]},"properties":{"id":585899147,"name":"兼山ダム"}},{"type":"Feature","geometry":{"type":"Point","coordinates":[138.6376199,36.9440548]},"properties":{"id":586068602,"name":"高野山ダム"}},{"type":"Feature","geometry":{"type":"Point","coordinates":[139.9076458,37.752659]},"properties":{"id":587814649,"name":"日中ダム"}},{"type":"Feature","geometry":{"type":"Point","coordinates":[134.1125,33.592217]},"properties":{"id":588818348,"name":"魚梁瀬ダム"}},{"type":"Feature","geometry":{"type":"Point","coordinates":[131.2704775,33.9952448]},"properties":{"id":589736969,"name":"真締川ダム"}},{"type":"Feature","geometry":{"type":"Point","coordinates":[140.2607534,40.538296]},"properties":{"id":591471129,"name":"津軽ダム"}},{"type":"Feature","geometry":{"type":"Point","coordinates":[139.9311449,37.0569929]},"properties":{"id":595963323,"name":"板室ダム"}},{"type":"Feature","geometry":{"type":"Point","coordinates":[139.9043712,37.0887603]},"properties":{"id":595964068,"name":"深山ダム"}},{"type":"Feature","geometry":{"type":"Point","coordinates":[130.5525199,33.6258026]},"properties":{"id":596695857,"name":"鳴淵ダム"}},{"type":"Feature","geometry":{"type":"Point","coordinates":[137.5904387,36.8097413]},"properties":{"id":596969206,"name":"宇奈月ダム"}},{"type":"Feature","geometry":{"type":"Point","coordinates":[139.0005336,37.0542755]},"properties":{"id":600677126,"name":"三国川ダム"}},{"type":"Feature","geometry":{"type":"Point","coordinates":[140.9538923,39.3048704]},"properties":{"id":601224829,"name":"石羽根ダム"}},{"type":"Feature","geometry":{"type":"Point","coordinates":[130.4147787,31.5493303]},"properties":{"id":605846355,"name":"永吉ダム"}},{"type":"Feature","geometry":{"type":"Point","coordinates":[140.4409865,39.6926803]},"properties":{"id":607210626,"name":"協和ダム"}},{"type":"Feature","geometry":{"type":"Point","coordinates":[132.7096017,34.2883357]},"properties":{"id":607327862,"name":"野呂川ダム"}},{"type":"Feature","geometry":{"type":"Point","coordinates":[130.3986263,31.4537549]},"properties":{"id":607412289,"name":"金峰ダム"}},{"type":"Feature","geometry":{"type":"Point","coordinates":[139.5490841,39.1918975]},"properties":{"id":610774123,"name":"白瀬沢ダム"}},{"type":"Feature","geometry":{"type":"Point","coordinates":[139.5523484,39.1936385]},"properties":{"id":610774125,"name":"中村沢ダム"}},{"type":"Feature","geometry":{"type":"Point","coordinates":[139.5530572,39.1948114]},"properties":{"id":610774127,"name":"剣ケ峯沢ダム"}},{"type":"Feature","geometry":{"type":"Point","coordinates":[139.547861,39.189748]},"properties":{"id":610774129,"name":"船見沢第二ダム"}},{"type":"Feature","geometry":{"type":"Point","coordinates":[139.5502026,39.1987448]},"properties":{"id":610774132,"name":"四谷ダム"}},{"type":"Feature","geometry":{"type":"Point","coordinates":[139.5575103,39.1962098]},"properties":{"id":610783374,"name":"高森沢ダム"}},{"type":"Feature","geometry":{"type":"Point","coordinates":[131.1342721,31.9188524]},"properties":{"id":612652026,"name":"轟ダム"}},{"type":"Feature","geometry":{"type":"Point","coordinates":[138.1904886,36.6914365]},"properties":{"id":612792247,"name":"浅川ダム"}},{"type":"Feature","geometry":{"type":"Point","coordinates":[138.1202253,36.6680746]},"properties":{"id":613698780,"name":"裾花ダム"}},{"type":"Feature","geometry":{"type":"Point","coordinates":[138.1331916,36.6639832]},"properties":{"id":614305998,"name":"湯の瀬ダム"}},{"type":"Feature","geometry":{"type":"Point","coordinates":[139.8654133,35.333141]},"properties":{"id":617453043,"name":"人見取水堰"}},{"type":"Feature","geometry":{"type":"Point","coordinates":[141.0861546,40.4612674]},"properties":{"id":618446304,"name":"又木戸ダム"}},{"type":"Feature","geometry":{"type":"Point","coordinates":[133.4798593,33.8845398]},"properties":{"id":619014979,"name":"富郷ダム減勢工"}},{"type":"Feature","geometry":{"type":"Point","coordinates":[137.2525076,36.2842675]},"properties":{"id":619185448,"name":"山田ダム"}},{"type":"Feature","geometry":{"type":"Point","coordinates":[139.4175662,35.9945312]},"properties":{"id":622172332,"name":"九十九川水門"}},{"type":"Feature","geometry":{"type":"Point","coordinates":[140.4751008,37.4036948]},"properties":{"id":623436932,"name":"三春ダム"}},{"type":"Feature","geometry":{"type":"Point","coordinates":[140.4563246,40.0346189]},"properties":{"id":623539063,"name":"森吉山ダム"}},{"type":"Feature","geometry":{"type":"Point","coordinates":[135.2406724,34.7366527]},"properties":{"id":623616940,"name":"一王第三堰堤"}},{"type":"Feature","geometry":{"type":"Point","coordinates":[135.2430799,34.7348922]},"properties":{"id":623616942,"name":"桜ヶ丘堰堤"}},{"type":"Feature","geometry":{"type":"Point","coordinates":[135.1872884,34.7305768]},"properties":{"id":623616983,"name":"二十渉堰堤"}},{"type":"Feature","geometry":{"type":"Point","coordinates":[141.9935373,42.7661983]},"properties":{"id":623759703,"name":"厚幌ダム"}},{"type":"Feature","geometry":{"type":"Point","coordinates":[138.0630096,35.8295231]},"properties":{"id":624152049,"name":"高遠ダム"}},{"type":"Feature","geometry":{"type":"Point","coordinates":[140.0270876,35.2206333]},"properties":{"id":624155367,"name":"三島ダム"}},{"type":"Feature","geometry":{"type":"Point","coordinates":[137.9786656,35.6071401]},"properties":{"id":624157733,"name":"小渋ダム"}},{"type":"Feature","geometry":{"type":"Point","coordinates":[143.4351041,44.0128212]},"properties":{"id":624186498,"name":"湧別川ダム"}},{"type":"Feature","geometry":{"type":"Point","coordinates":[142.1756588,43.533195]},"properties":{"id":624215702,"name":"芦別ダム"}},{"type":"Feature","geometry":{"type":"Point","coordinates":[130.7169679,33.7320435]},"properties":{"id":624296496,"name":"尾崎ダム"}},{"type":"Feature","geometry":{"type":"Point","coordinates":[143.0105916,43.2539072]},"properties":{"id":624378211,"name":"オソウシュダム"}},{"type":"Feature","geometry":{"type":"Point","coordinates":[142.9429141,43.3347146]},"properties":{"id":624379576,"name":"上岩松ダム"}},{"type":"Feature","geometry":{"type":"Point","coordinates":[131.4869627,34.3591281]},"properties":{"id":624410440,"name":"阿武川ダム"}},{"type":"Feature","geometry":{"type":"Point","coordinates":[138.9116346,35.016477]},"properties":{"id":624749209,"name":"長瀬ダム"}},{"type":"Feature","geometry":{"type":"Point","coordinates":[133.4564956,34.9624967]},"properties":{"id":626211823,"name":"河本ダム"}},{"type":"Feature","geometry":{"type":"Point","coordinates":[133.6844943,34.0417404]},"properties":{"id":626799105,"name":"豊稔池堰堤 石積アーチダム"}},{"type":"Feature","geometry":{"type":"Point","coordinates":[138.9563488,37.1232713]},"properties":{"id":626844182,"name":"大崎ダム"}},{"type":"Feature","geometry":{"type":"Point","coordinates":[139.6078982,38.0731719]},"properties":{"id":628178795,"name":"鷹の巣ダム"}},{"type":"Feature","geometry":{"type":"Point","coordinates":[139.5461438,39.1907396]},"properties":{"id":628296249,"name":"船見沢ダム"}},{"type":"Feature","geometry":{"type":"Point","coordinates":[137.8914355,36.8592394]},"properties":{"id":629201668,"name":"デンカ 大網発電所 取水堰堤"}},{"type":"Feature","geometry":{"type":"Point","coordinates":[135.7405083,34.2918645]},"properties":{"id":629212315,"name":"電源開発（株）黒渕ダム"}},{"type":"Feature","geometry":{"type":"Point","coordinates":[141.0865586,40.6889425]},"properties":{"id":631879140,"name":"和田ダム"}},{"type":"Feature","geometry":{"type":"Point","coordinates":[136.4014772,34.388883]},"properties":{"id":632364681,"name":"三瀬谷ダム"}},{"type":"Feature","geometry":{"type":"Point","coordinates":[134.2024392,35.4046926]},"properties":{"id":636505615,"name":"河原水門"}},{"type":"Feature","geometry":{"type":"Point","coordinates":[133.3097994,33.893977]},"properties":{"id":638496844,"name":"鹿森ダム"}},{"type":"Feature","geometry":{"type":"Point","coordinates":[138.9702591,37.3064485]},"properties":{"id":638569009,"name":"広神ダム"}},{"type":"Feature","geometry":{"type":"Point","coordinates":[140.645316,39.3077778]},"properties":{"id":639578545,"name":"大松川ダム"}},{"type":"Feature","geometry":{"type":"Point","coordinates":[139.4246797,37.8503456]},"properties":{"id":639892204,"name":"内の倉ダム"}},{"type":"Feature","geometry":{"type":"Point","coordinates":[139.4921286,37.8147379]},"properties":{"id":639892230,"name":"加治川治水ダム"}},{"type":"Feature","geometry":{"type":"Point","coordinates":[137.9669186,36.7247195]},"properties":{"id":642080250,"name":"奥裾花ダム"}},{"type":"Feature","geometry":{"type":"Point","coordinates":[133.7017508,35.4400818]},"properties":{"id":648243231,"name":"西高尾ダム"}},{"type":"Feature","geometry":{"type":"Point","coordinates":[138.0796898,35.813755]},"properties":{"id":649513014,"name":"美和ダム"}},{"type":"Feature","geometry":{"type":"Point","coordinates":[134.1090203,35.1678209]},"properties":{"id":649844543,"name":"津川ダム"}},{"type":"Feature","geometry":{"type":"Point","coordinates":[140.4401599,38.1946456]},"properties":{"id":651617599,"name":"蔵王ダム"}},{"type":"Feature","geometry":{"type":"Point","coordinates":[140.3952973,36.4209838]},"properties":{"id":651624044,"name":"楮川ダム"}},{"type":"Feature","geometry":{"type":"Point","coordinates":[134.2028816,35.1250765]},"properties":{"id":651704349,"name":"西原ダム"}},{"type":"Feature","geometry":{"type":"Point","coordinates":[140.6483757,36.7246099]},"properties":{"id":651892392,"name":"花貫ダム"}},{"type":"Feature","geometry":{"type":"Point","coordinates":[138.3776249,36.6205832]},"properties":{"id":652581861,"name":"豊岡ダム"}},{"type":"Feature","geometry":{"type":"Point","coordinates":[131.0570813,34.341715]},"properties":{"id":653527369,"name":"大坊ダム"}},{"type":"Feature","geometry":{"type":"Point","coordinates":[134.0386765,35.2263157]},"properties":{"id":653982695,"name":"黒木ダム"}},{"type":"Feature","geometry":{"type":"Point","coordinates":[138.660094,36.9443632]},"properties":{"id":656902378,"name":"穴藤ダム"}},{"type":"Feature","geometry":{"type":"Point","coordinates":[141.2927987,38.607083]},"properties":{"id":661057428,"name":"鴇波洗堰"}},{"type":"Feature","geometry":{"type":"Point","coordinates":[139.2109766,36.0194296]},"properties":{"id":662624730,"name":"館川ダム"}},{"type":"Feature","geometry":{"type":"Point","coordinates":[132.9664707,33.2620901]},"properties":{"id":663519763,"name":"津賀ダム"}},{"type":"Feature","geometry":{"type":"Point","coordinates":[131.9012037,34.6725803]},"properties":{"id":664038233,"name":"益田川ダム"}},{"type":"Feature","geometry":{"type":"Point","coordinates":[137.3238118,37.4982408]},"properties":{"id":664121034,"name":"寺家ダム"}},{"type":"Feature","geometry":{"type":"Point","coordinates":[139.2557664,35.5388033]},"properties":{"id":664827094,"name":"石小屋ダム"}},{"type":"Feature","geometry":{"type":"Point","coordinates":[130.2476868,33.3442994]},"properties":{"id":666262859,"name":"川上川第五発電所 取水堰"}},{"type":"Feature","geometry":{"type":"Point","coordinates":[130.2371076,33.4336982]},"properties":{"id":666301345,"name":"北山ダム"}},{"type":"Feature","geometry":{"type":"Point","coordinates":[139.2301068,35.6020832]},"properties":{"id":666811448,"name":"沼本ダム"}},{"type":"Feature","geometry":{"type":"Point","coordinates":[133.922904,35.4445765]},"properties":{"id":667372963,"name":"東郷ダム"}},{"type":"Feature","geometry":{"type":"Point","coordinates":[140.4726358,37.8613168]},"properties":{"id":667787711,"name":"藤倉ダム"}},{"type":"Feature","geometry":{"type":"Point","coordinates":[133.6068447,35.4279178]},"properties":{"id":668391473,"name":"船上山ダム"}},{"type":"Feature","geometry":{"type":"Point","coordinates":[133.3951941,35.3478842]},"properties":{"id":668634999,"name":"朝鍋ダム"}},{"type":"Feature","geometry":{"type":"Point","coordinates":[132.3133788,34.6982365]},"properties":{"id":670299190,"name":"王泊ダム"}},{"type":"Feature","geometry":{"type":"Point","coordinates":[131.2828631,34.0716617]},"properties":{"id":670618383,"name":"厚東ダム"}},{"type":"Feature","geometry":{"type":"Point","coordinates":[131.4921007,34.2336232]},"properties":{"id":670627177,"name":"荒谷ダム"}},{"type":"Feature","geometry":{"type":"Point","coordinates":[137.690901,36.4749892]},"properties":{"id":670864938,"name":"高瀬ダム"}},{"type":"Feature","geometry":{"type":"Point","coordinates":[137.1569015,35.7601505]},"properties":{"id":671194333,"name":"岩屋ダム"}},{"type":"Feature","geometry":{"type":"Point","coordinates":[137.3708195,36.216725]},"properties":{"id":671596156,"name":"丹生川ダム"}},{"type":"Feature","geometry":{"type":"Point","coordinates":[138.2032015,35.3079547]},"properties":{"id":671752020,"name":"畑薙第二ダム"}},{"type":"Feature","geometry":{"type":"Point","coordinates":[138.183489,35.3215087]},"properties":{"id":671752022,"name":"畑薙第一ダム"}},{"type":"Feature","geometry":{"type":"Point","coordinates":[139.6353778,38.242159]},"properties":{"id":671809180,"name":"三面ダム"}},{"type":"Feature","geometry":{"type":"Point","coordinates":[139.7041837,38.2633763]},"properties":{"id":671979868,"name":"奥三面ダム"}},{"type":"Feature","geometry":{"type":"Point","coordinates":[140.9187819,38.9074793]},"properties":{"id":672309664,"name":"栗駒ダム"}},{"type":"Feature","geometry":{"type":"Point","coordinates":[140.6063342,40.0476796]},"properties":{"id":672455900,"name":"森吉ダム"}},{"type":"Feature","geometry":{"type":"Point","coordinates":[133.9853837,35.2121815]},"properties":{"id":672581857,"name":"香々美ダム"}},{"type":"Feature","geometry":{"type":"Point","coordinates":[130.8449042,33.5274972]},"properties":{"id":672617548,"name":"陣屋ダム"}},{"type":"Feature","geometry":{"type":"Point","coordinates":[130.7717891,33.7527092]},"properties":{"id":672617551,"name":"内ヶ磯ダム"}},{"type":"Feature","geometry":{"type":"Point","coordinates":[131.5071687,34.3238666]},"properties":{"id":672629304,"name":"佐々並川ダム"}},{"type":"Feature","geometry":{"type":"Point","coordinates":[134.3032697,35.1203553]},"properties":{"id":673537798,"name":"川上ダム"}},{"type":"Feature","geometry":{"type":"Point","coordinates":[134.250551,34.8711993]},"properties":{"id":674037542,"name":"八塔寺川ダム"}},{"type":"Feature","geometry":{"type":"Point","coordinates":[134.043543,35.3292803]},"properties":{"id":674063157,"name":"佐治川ダム"}},{"type":"Feature","geometry":{"type":"Point","coordinates":[127.7177688,26.212282]},"properties":{"id":674457020,"name":"金城ダム"}},{"type":"Feature","geometry":{"type":"Point","coordinates":[133.3144338,35.2052611]},"properties":{"id":677331460,"name":"菅沢ダム"}},{"type":"Feature","geometry":{"type":"Point","coordinates":[140.0752049,37.1549236]},"properties":{"id":677863714,"name":"堀川ダム"}},{"type":"Feature","geometry":{"type":"Point","coordinates":[133.5502406,35.1189217]},"properties":{"id":677938720,"name":"大佐ダム"}},{"type":"Feature","geometry":{"type":"Point","coordinates":[140.0222438,35.1966732]},"properties":{"id":678320756,"name":"豊英ダム"}},{"type":"Feature","geometry":{"type":"Point","coordinates":[138.3581083,38.0620817]},"properties":{"id":678422094,"name":"新保川ダム"}},{"type":"Feature","geometry":{"type":"Point","coordinates":[138.2996112,38.034573]},"properties":{"id":678427012,"name":"佐和田ダム"}},{"type":"Feature","geometry":{"type":"Point","coordinates":[140.827835,37.1234086]},"properties":{"id":678636812,"name":"小玉ダム"}},{"type":"Feature","geometry":{"type":"Point","coordinates":[137.0689905,35.4791367]},"properties":{"id":680210364,"name":"川辺ダム"}},{"type":"Feature","geometry":{"type":"Point","coordinates":[138.3416257,38.0558324]},"properties":{"id":681656619,"name":"藤津川ダム"}},{"type":"Feature","geometry":{"type":"Point","coordinates":[138.4422813,37.9520897]},"properties":{"id":681816854,"name":"小倉ダム"}},{"type":"Feature","geometry":{"type":"Point","coordinates":[138.4026082,37.9148235]},"properties":{"id":681824212,"name":"外山ダム"}},{"type":"Feature","geometry":{"type":"Point","coordinates":[138.4576057,37.9956235]},"properties":{"id":682101504,"name":"新穂第二ダム"}},{"type":"Feature","geometry":{"type":"Point","coordinates":[138.4494487,38.0075429]},"properties":{"id":682101509,"name":"新穂ダム"}},{"type":"Feature","geometry":{"type":"Point","coordinates":[138.4116741,37.9720335]},"properties":{"id":682102534,"name":"小倉川ダム"}},{"type":"Feature","geometry":{"type":"Point","coordinates":[138.4412291,37.9861434]},"properties":{"id":682102536,"name":"大野川ダム"}},{"type":"Feature","geometry":{"type":"Point","coordinates":[138.4851668,38.0287256]},"properties":{"id":682104947,"name":"久知川ダム"}},{"type":"Feature","geometry":{"type":"Point","coordinates":[138.390151,37.9567747]},"properties":{"id":682104949,"name":"竹田川ダム"}},{"type":"Feature","geometry":{"type":"Point","coordinates":[138.3778848,37.8891115]},"properties":{"id":682107405,"name":"羽茂ダム"}},{"type":"Feature","geometry":{"type":"Point","coordinates":[138.3582644,38.0788979]},"properties":{"id":684944803,"name":"初盛ダム"}},{"type":"Feature","geometry":{"type":"Point","coordinates":[140.3154128,40.5544577]},"properties":{"id":687740748,"name":"相馬ダム"}},{"type":"Feature","geometry":{"type":"Point","coordinates":[130.8106131,33.8380178]},"properties":{"id":687870459,"name":"河内貯水池"}},{"type":"Feature","geometry":{"type":"Point","coordinates":[131.1241637,33.4469661]},"properties":{"id":688137444,"name":"耶馬溪ダム"}},{"type":"Feature","geometry":{"type":"Point","coordinates":[137.3024145,35.3285575]},"properties":{"id":688810303,"name":"小里川ダム"}},{"type":"Feature","geometry":{"type":"Point","coordinates":[130.8490771,33.0370525]},"properties":{"id":690889413,"name":"竜門ダム"}},{"type":"Feature","geometry":{"type":"Point","coordinates":[143.3242321,43.3399717]},"properties":{"id":691322232,"name":"芽登取水ダム"}},{"type":"Feature","geometry":{"type":"Point","coordinates":[133.8447458,34.7549366]},"properties":{"id":694253135,"name":"安部倉ダム"}},{"type":"Feature","geometry":{"type":"Point","coordinates":[139.0414131,35.4098829]},"properties":{"id":696556607,"name":"三保ダム"}},{"type":"Feature","geometry":{"type":"Point","coordinates":[133.0125289,34.2288672]},"properties":{"id":699404907,"name":"台ダム"}},{"type":"Feature","geometry":{"type":"Point","coordinates":[141.8300136,43.1138297]},"properties":{"id":700184130,"name":"三の沢ダム"}},{"type":"Feature","geometry":{"type":"Point","coordinates":[139.2633061,36.4347015]},"properties":{"id":703914603,"name":"早川ダム"}},{"type":"Feature","geometry":{"type":"Point","coordinates":[136.8055948,36.4700151]},"properties":{"id":704154096,"name":"刀利ダム"}},{"type":"Feature","geometry":{"type":"Point","coordinates":[135.2561268,34.8265203]},"properties":{"id":707864725,"name":"丸山ダム"}},{"type":"Feature","geometry":{"type":"Point","coordinates":[140.4717318,40.3699634]},"properties":{"id":708040479,"name":"山瀬ダム"}},{"type":"Feature","geometry":{"type":"Point","coordinates":[130.4938614,31.9885339]},"properties":{"id":710688167,"name":"鶴田ダム"}},{"type":"Feature","geometry":{"type":"Point","coordinates":[135.3099721,34.3233279]},"properties":{"id":711144523,"name":"堀河ダム"}},{"type":"Feature","geometry":{"type":"Point","coordinates":[137.6818953,36.6494197]},"properties":{"id":712500374,"name":"仙人谷ダム"}},{"type":"Feature","geometry":{"type":"Point","coordinates":[129.9597827,33.1260391]},"properties":{"id":713189350,"name":"庭木ダム"}},{"type":"Feature","geometry":{"type":"Point","coordinates":[129.9294865,33.1817425]},"properties":{"id":713191167,"name":"狩立ダム"}},{"type":"Feature","geometry":{"type":"Point","coordinates":[129.9271493,33.1830709]},"properties":{"id":713191168,"name":"日ノ峯ダム"}},{"type":"Feature","geometry":{"type":"Point","coordinates":[135.1738031,34.2833292]},"properties":{"id":715282692,"name":"逢帰ダム"}},{"type":"Feature","geometry":{"type":"Point","coordinates":[136.2592195,35.0053099]},"properties":{"id":716032255,"name":"日野川ダム"}},{"type":"Feature","geometry":{"type":"Point","coordinates":[133.0683358,34.5291786]},"properties":{"id":719060189,"name":"野間川ダム"}},{"type":"Feature","geometry":{"type":"Point","coordinates":[131.1540302,34.7701223]},"properties":{"id":719077006,"name":"見島ダム"}},{"type":"Feature","geometry":{"type":"Point","coordinates":[135.5284767,34.3975324]},"properties":{"id":724186161,"name":"滝畑ダム"}},{"type":"Feature","geometry":{"type":"Point","coordinates":[140.191304,35.1623763]},"properties":{"id":724690805,"name":"第二奥谷ダム"}},{"type":"Feature","geometry":{"type":"Point","coordinates":[131.2685229,34.3421128]},"properties":{"id":727000450,"name":"湯免ダム"}},{"type":"Feature","geometry":{"type":"Point","coordinates":[137.7184544,36.1326521]},"properties":{"id":727005863,"name":"奈川渡ダム"}},{"type":"Feature","geometry":{"type":"Point","coordinates":[138.6401509,35.9614141]},"properties":{"id":727105369,"name":"あちばけダム"}},{"type":"Feature","geometry":{"type":"Point","coordinates":[138.6431897,35.9599966]},"properties":{"id":727105370,"name":"秋山砂防ダム"}},{"type":"Feature","geometry":{"type":"Point","coordinates":[128.6805595,32.7174407]},"properties":{"id":731837731,"name":"大川原ダム"}},{"type":"Feature","geometry":{"type":"Point","coordinates":[128.7502917,32.6611129]},"properties":{"id":731837734,"name":"繁敷ダム"}},{"type":"Feature","geometry":{"type":"Point","coordinates":[128.8090889,32.7091943]},"properties":{"id":732230940,"name":"内闇ダム"}},{"type":"Feature","geometry":{"type":"Point","coordinates":[132.5910602,33.2419195]},"properties":{"id":732509385,"name":"須賀川ダム"}},{"type":"Feature","geometry":{"type":"Point","coordinates":[139.0496801,35.7925562]},"properties":{"id":734298232,"name":"小河内ダム"}},{"type":"Feature","geometry":{"type":"Point","coordinates":[141.5165917,40.291059]},"properties":{"id":734801118,"name":"雪谷川ダム"}},{"type":"Feature","geometry":{"type":"Point","coordinates":[141.0081382,40.2552578]},"properties":{"id":734808161,"name":"花木ダム"}},{"type":"Feature","geometry":{"type":"Point","coordinates":[141.6491063,40.2481943]},"properties":{"id":734824370,"name":"大野ダム"}},{"type":"Feature","geometry":{"type":"Point","coordinates":[129.9454682,33.431934]},"properties":{"id":736666479,"name":"平木場ダム"}},{"type":"Feature","geometry":{"type":"Point","coordinates":[135.1479968,34.7036785]},"properties":{"id":737065025,"name":"石井ダム減勢工"}},{"type":"Feature","geometry":{"type":"Point","coordinates":[135.1486681,34.7027858]},"properties":{"id":737065089,"name":"小部堰堤"}},{"type":"Feature","geometry":{"type":"Point","coordinates":[130.9403413,31.7342558]},"properties":{"id":750329076,"name":"谷川内ダム"}},{"type":"Feature","geometry":{"type":"Point","coordinates":[134.7974577,34.2497274]},"properties":{"id":750463316,"name":"諭鶴羽ダム"}},{"type":"Feature","geometry":{"type":"Point","coordinates":[131.4814769,32.4298334]},"properties":{"id":753539659,"name":"大内原ダム"}},{"type":"Feature","geometry":{"type":"Point","coordinates":[130.7899756,33.3166019]},"properties":{"id":753691091,"name":"藤波ダム"}},{"type":"Feature","geometry":{"type":"Point","coordinates":[128.755208,32.7164834]},"properties":{"id":753798340,"name":"浦ノ川ダム"}},{"type":"Feature","geometry":{"type":"Point","coordinates":[131.1222154,32.13567]},"properties":{"id":756534072,"name":"田代八重ダム"}},{"type":"Feature","geometry":{"type":"Point","coordinates":[131.4027259,32.4584278]},"properties":{"id":756631949,"name":"西郷ダム"}},{"type":"Feature","geometry":{"type":"Point","coordinates":[131.3000965,32.5053226]},"properties":{"id":757072031,"name":"塚原ダム"}},{"type":"Feature","geometry":{"type":"Point","coordinates":[131.6192123,32.5505355]},"properties":{"id":757973878,"name":"沖田ダム"}},{"type":"Feature","geometry":{"type":"Point","coordinates":[140.0358436,35.1508421]},"properties":{"id":760209844,"name":"川谷堰"}},{"type":"Feature","geometry":{"type":"Point","coordinates":[129.4196765,33.3576455]},"properties":{"id":761615605,"name":"神ノ川ダム"}},{"type":"Feature","geometry":{"type":"Point","coordinates":[129.409404,33.3566861]},"properties":{"id":761615607,"name":"桜川ダム"}},{"type":"Feature","geometry":{"type":"Point","coordinates":[136.0069435,34.5553256]},"properties":{"id":762145997,"name":"室生ダム"}},{"type":"Feature","geometry":{"type":"Point","coordinates":[137.4486168,36.489608]},"properties":{"id":762196650,"name":"有峰ダム"}},{"type":"Feature","geometry":{"type":"Point","coordinates":[135.2845606,34.7683506]},"properties":{"id":762582031,"name":"千谷堰堤"}},{"type":"Feature","geometry":{"type":"Point","coordinates":[135.2822658,34.7682889]},"properties":{"id":762582032,"name":"蛇谷堰堤"}},{"type":"Feature","geometry":{"type":"Point","coordinates":[135.2794465,34.7712493]},"properties":{"id":762582034,"name":"東蛇谷堰堤"}},{"type":"Feature","geometry":{"type":"Point","coordinates":[135.2815873,34.7720774]},"properties":{"id":762582035,"name":"滝ヶ谷堰堤"}},{"type":"Feature","geometry":{"type":"Point","coordinates":[138.4978656,35.858502]},"properties":{"id":763011375,"name":"塩川ダム"}},{"type":"Feature","geometry":{"type":"Point","coordinates":[134.9889207,34.5716537]},"properties":{"id":763922300,"name":"大谷ダム"}},{"type":"Feature","geometry":{"type":"Point","coordinates":[131.7244844,33.1448305]},"properties":{"id":766129169,"name":"末広ダム"}},{"type":"Feature","geometry":{"type":"Point","coordinates":[134.2666856,34.5382931]},"properties":{"id":767402995,"name":"山田ダム"}},{"type":"Feature","geometry":{"type":"Point","coordinates":[134.3340097,34.552525]},"properties":{"id":767402997,"name":"吉田ダム"}},{"type":"Feature","geometry":{"type":"Point","coordinates":[134.3218731,34.491628]},"properties":{"id":767403008,"name":"粟地ダム"}},{"type":"Feature","geometry":{"type":"Point","coordinates":[133.9910231,34.4570928]},"properties":{"id":767403835,"name":"直島ダム"}},{"type":"Feature","geometry":{"type":"Point","coordinates":[134.8793875,34.2889517]},"properties":{"id":767782985,"name":"猪鼻第二ダム"}},{"type":"Feature","geometry":{"type":"Point","coordinates":[134.843923,34.2972943]},"properties":{"id":767782992,"name":"鮎屋川ダム"}},{"type":"Feature","geometry":{"type":"Point","coordinates":[134.8313069,34.2947239]},"properties":{"id":767782994,"name":"初尾川ダム"}},{"type":"Feature","geometry":{"type":"Point","coordinates":[134.8156139,34.2743935]},"properties":{"id":767782998,"name":"成相ダム"}},{"type":"Feature","geometry":{"type":"Point","coordinates":[134.8178928,34.278138]},"properties":{"id":767783000,"name":"北富士ダム"}},{"type":"Feature","geometry":{"type":"Point","coordinates":[139.8890918,34.9599065]},"properties":{"id":767811633,"name":"作名ダム"}},{"type":"Feature","geometry":{"type":"Point","coordinates":[134.7898418,34.2509259]},"properties":{"id":767873036,"name":"牛内ダム"}},{"type":"Feature","geometry":{"type":"Point","coordinates":[134.7714949,34.2422457]},"properties":{"id":767873062,"name":"大日ダム"}},{"type":"Feature","geometry":{"type":"Point","coordinates":[134.778988,34.237981]},"properties":{"id":767873064,"name":"大日川ダム"}},{"type":"Feature","geometry":{"type":"Point","coordinates":[134.7673975,34.2210099]},"properties":{"id":767873067,"name":"本庄川ダム"}},{"type":"Feature","geometry":{"type":"Point","coordinates":[135.8951256,35.4322071]},"properties":{"id":768263282,"name":"河内川ダム"}},{"type":"Feature","geometry":{"type":"Point","coordinates":[140.8717545,40.8848479]},"properties":{"id":768793681,"name":"浅虫ダム"}},{"type":"Feature","geometry":{"type":"Point","coordinates":[140.9498075,39.2394458]},"properties":{"id":770846340,"name":"入畑ダム"}},{"type":"Feature","geometry":{"type":"Point","coordinates":[130.779813,33.1761889]},"properties":{"id":772145391,"name":"日向神ダム"}},{"type":"Feature","geometry":{"type":"Point","coordinates":[141.1057778,38.6831172]},"properties":{"id":775982378,"name":"滝沢副堤"}},{"type":"Feature","geometry":{"type":"Point","coordinates":[141.1010167,38.6877688]},"properties":{"id":775982379,"name":"梅ヶ沢副堤"}},{"type":"Feature","geometry":{"type":"Point","coordinates":[141.1578387,38.7340684]},"properties":{"id":776229376,"name":"南谷地転倒堰"}},{"type":"Feature","geometry":{"type":"Point","coordinates":[141.2046965,39.7109246]},"properties":{"id":779858461,"name":"綱取ダム"}},{"type":"Feature","geometry":{"type":"Point","coordinates":[140.1113221,40.5359284]},"properties":{"id":781282020,"name":"赤石ダム"}},{"type":"Feature","geometry":{"type":"Point","coordinates":[140.6899947,40.5973338]},"properties":{"id":781539049,"name":"浅瀬石川ダム"}},{"type":"Feature","geometry":{"type":"Point","coordinates":[135.2236033,35.1374509]},"properties":{"id":784360287,"name":"栗柄ダム"}},{"type":"Feature","geometry":{"type":"Point","coordinates":[140.5970286,39.0677806]},"properties":{"id":785550991,"name":"板戸ダム"}},{"type":"Feature","geometry":{"type":"Point","coordinates":[140.6291221,39.0563351]},"properties":{"id":785551000,"name":"皆瀬ダム"}},{"type":"Feature","geometry":{"type":"Point","coordinates":[137.7781731,35.5311966]},"properties":{"id":785756881,"name":"松川ダム"}},{"type":"Feature","geometry":{"type":"Point","coordinates":[135.517768,35.1477357]},"properties":{"id":786126584,"name":"日吉ダム"}},{"type":"Feature","geometry":{"type":"Point","coordinates":[135.6307388,35.4538333]},"properties":{"id":788205858,"name":"大津呂ダム"}},{"type":"Feature","geometry":{"type":"Point","coordinates":[140.1635246,38.9683774]},"properties":{"id":790236554,"name":"高坂ダム"}},{"type":"Feature","geometry":{"type":"Point","coordinates":[138.7077694,36.3533099]},"properties":{"id":790264427,"name":"坂本ダム"}},{"type":"Feature","geometry":{"type":"Point","coordinates":[140.5452968,40.4675312]},"properties":{"id":793099238,"name":"早瀬野ダム"}},{"type":"Feature","geometry":{"type":"Point","coordinates":[138.714274,36.5570989]},"properties":{"id":795509423,"name":"八ッ場ダム"}},{"type":"Feature","geometry":{"type":"Point","coordinates":[138.0753058,36.8574124]},"properties":{"id":801515986,"name":"笹ヶ峰ダム"}},{"type":"Feature","geometry":{"type":"Point","coordinates":[131.0114032,31.338577]},"properties":{"id":802324671,"name":"荒瀬ダム（農業水利ダム）"}},{"type":"Feature","geometry":{"type":"Point","coordinates":[138.3492449,36.5024374]},"properties":{"id":803418270,"name":"菅平ダム"}},{"type":"Feature","geometry":{"type":"Point","coordinates":[136.0276452,34.671682]},"properties":{"id":814828055,"name":"上津ダム"}},{"type":"Feature","geometry":{"type":"Point","coordinates":[136.0111385,34.7533846]},"properties":{"id":814842417,"name":"高山ダム"}},{"type":"Feature","geometry":{"type":"Point","coordinates":[135.9782303,34.7002313]},"properties":{"id":814842418,"name":"布目ダム"}},{"type":"Feature","geometry":{"type":"Point","coordinates":[135.8766787,34.5884601]},"properties":{"id":818050811,"name":"天理ダム"}},{"type":"Feature","geometry":{"type":"Point","coordinates":[136.6884248,35.8899387]},"properties":{"id":823021676,"name":"九頭竜ダム"}},{"type":"Feature","geometry":{"type":"Point","coordinates":[136.6725175,35.9033691]},"properties":{"id":823021679,"name":"鷲ダム"}},{"type":"Feature","geometry":{"type":"Point","coordinates":[140.3158027,40.1471303]},"properties":{"id":825361400,"name":"砂防ダム"}},{"type":"Feature","geometry":{"type":"Point","coordinates":[130.9659076,33.7762193]},"properties":{"id":826008335,"name":"殿川ダム"}},{"type":"Feature","geometry":{"type":"Point","coordinates":[133.5538129,35.2931094]},"properties":{"id":826351958,"name":"下蚊屋ダム"}},{"type":"Feature","geometry":{"type":"Point","coordinates":[140.2850737,36.5566396]},"properties":{"id":829724100,"name":"御前山ダム"}},{"type":"Feature","geometry":{"type":"Point","coordinates":[138.2465413,35.4986946]},"properties":{"id":830251791,"name":"田代調整池第二ダム"}},{"type":"Feature","geometry":{"type":"Point","coordinates":[140.0731986,38.4346907]},"properties":{"id":830255482,"name":"新水ヶ瀞ダム"}},{"type":"Feature","geometry":{"type":"Point","coordinates":[136.8222981,36.1412861]},"properties":{"id":831118360,"name":"大白川ダム"}},{"type":"Feature","geometry":{"type":"Point","coordinates":[140.2393085,40.1775997]},"properties":{"id":832258456,"name":"砂防ダム"}},{"type":"Feature","geometry":{"type":"Point","coordinates":[140.2203727,40.1765403]},"properties":{"id":832460948,"name":"砂防ダム"}},{"type":"Feature","geometry":{"type":"Point","coordinates":[129.8714518,32.7945222]},"properties":{"id":832848103,"name":"浦上ダム"}},{"type":"Feature","geometry":{"type":"Point","coordinates":[140.7240916,39.1023053]},"properties":{"id":833187205,"name":"砂防ダム"}},{"type":"Feature","geometry":{"type":"Point","coordinates":[140.7225262,39.1063968]},"properties":{"id":833195148,"name":"砂防ダム"}},{"type":"Feature","geometry":{"type":"Point","coordinates":[134.4233971,34.9275374]},"properties":{"id":833374159,"name":"金出地ダム"}},{"type":"Feature","geometry":{"type":"Point","coordinates":[133.7098664,34.8635632]},"properties":{"id":835179734,"name":"竹谷ダム"}},{"type":"Feature","geometry":{"type":"Point","coordinates":[141.7816469,43.1813573]},"properties":{"id":836773865,"name":"大正池ダム"}},{"type":"Feature","geometry":{"type":"Point","coordinates":[139.1334427,35.5504732]},"properties":{"id":837588070,"name":"道志ダム"}},{"type":"Feature","geometry":{"type":"Point","coordinates":[140.3296383,40.7675297]},"properties":{"id":837812148,"name":"新小戸六ダム"}},{"type":"Feature","geometry":{"type":"Point","coordinates":[135.2484237,34.742782]},"properties":{"id":838580614,"name":"千丈谷堰堤"}},{"type":"Feature","geometry":{"type":"Point","coordinates":[135.2522156,34.7422902]},"properties":{"id":838580617,"name":"焼ヶ原堰堤"}},{"type":"Feature","geometry":{"type":"Point","coordinates":[132.3306904,34.4267922]},"properties":{"id":840156173,"name":"魚切ダム"}},{"type":"Feature","geometry":{"type":"Point","coordinates":[137.1781931,35.0459925]},"properties":{"id":842294259,"name":"水源ダム"}},{"type":"Feature","geometry":{"type":"Point","coordinates":[137.857614,35.6210408]},"properties":{"id":843356836,"name":"片桐ダム"}},{"type":"Feature","geometry":{"type":"Point","coordinates":[132.8160783,33.0122454]},"properties":{"id":844460412,"name":"横瀬川ダム"}},{"type":"Feature","geometry":{"type":"Point","coordinates":[130.4893546,33.4066708]},"properties":{"id":850312632,"name":"河内ダム"}},{"type":"Feature","geometry":{"type":"Point","coordinates":[138.1050351,36.4486891]},"properties":{"id":854918117,"name":"永井砂防ダム"}},{"type":"Feature","geometry":{"type":"Point","coordinates":[137.7893443,35.2986421]},"properties":{"id":856578147,"name":"和知野ダム"}},{"type":"Feature","geometry":{"type":"Point","coordinates":[137.9335378,35.4495532]},"properties":{"id":856612872,"name":"矢筈砂防ダム"}},{"type":"Feature","geometry":{"type":"Point","coordinates":[140.17104,39.76854]},"properties":{"id":856617302,"name":"砂防ダム"}},{"type":"Feature","geometry":{"type":"Point","coordinates":[137.4196811,35.2366566]},"properties":{"id":858383546,"name":"矢作ダム"}},{"type":"Feature","geometry":{"type":"Point","coordinates":[133.1116296,35.095144]},"properties":{"id":858552560,"name":"坂根ダム"}},{"type":"Feature","geometry":{"type":"Point","coordinates":[137.3907538,35.2402882]},"properties":{"id":858597197,"name":"矢作第二ダム"}},{"type":"Feature","geometry":{"type":"Point","coordinates":[140.7374992,38.3569552]},"properties":{"id":865656157,"name":"七北田川ダム"}},{"type":"Feature","geometry":{"type":"Point","coordinates":[131.2301753,31.8187646]},"properties":{"id":865935472,"name":"天神ダム"}},{"type":"Feature","geometry":{"type":"Point","coordinates":[133.0965082,34.2879178]},"properties":{"id":866657721,"name":"中野ダム"}},{"type":"Feature","geometry":{"type":"Point","coordinates":[129.6738007,28.48379]},"properties":{"id":874995102,"name":"宇津川ダム"}},{"type":"Feature","geometry":{"type":"Point","coordinates":[138.0937478,34.9714]},"properties":{"id":884271930,"name":"笹間川ダム"}},{"type":"Feature","geometry":{"type":"Point","coordinates":[138.1988254,35.4120318]},"properties":{"id":884283651,"name":"赤石ダム"}},{"type":"Feature","geometry":{"type":"Point","coordinates":[137.9956881,34.9055433]},"properties":{"id":884288118,"name":"太田川ダム"}},{"type":"Feature","geometry":{"type":"Point","coordinates":[138.5696213,35.3028476]},"properties":{"id":884291591,"name":"大倉川ダム"}},{"type":"Feature","geometry":{"type":"Point","coordinates":[138.0626441,34.872573]},"properties":{"id":884292356,"name":"大代川農地防災ダム"}},{"type":"Feature","geometry":{"type":"Point","coordinates":[138.1299035,34.7301165]},"properties":{"id":884296898,"name":"丹野ダム"}},{"type":"Feature","geometry":{"type":"Point","coordinates":[138.1107727,36.2924047]},"properties":{"id":884428972,"name":"内村ダム"}},{"type":"Feature","geometry":{"type":"Point","coordinates":[141.1669845,43.1320961]},"properties":{"id":885506270,"name":"団地沢川1号ダム"}},{"type":"Feature","geometry":{"type":"Point","coordinates":[141.1660645,43.1306515]},"properties":{"id":885506271,"name":"団地沢川2号ダム"}},{"type":"Feature","geometry":{"type":"Point","coordinates":[141.1813044,43.1302224]},"properties":{"id":885506272,"name":"キライチ川ダム"}},{"type":"Feature","geometry":{"type":"Point","coordinates":[129.7112846,33.2370655]},"properties":{"id":888030867,"name":"菰田ダム"}},{"type":"Feature","geometry":{"type":"Point","coordinates":[139.1998919,35.8226066]},"properties":{"id":891889726,"name":"平溝川砂防ダム"}},{"type":"Feature","geometry":{"type":"Point","coordinates":[133.0278794,34.2520963]},"properties":{"id":892706409,"name":"上浦ダム"}},{"type":"Feature","geometry":{"type":"Point","coordinates":[128.9475189,27.789414]},"properties":{"id":894497104,"name":"南部ダム"}},{"type":"Feature","geometry":{"type":"Point","coordinates":[138.031451,35.5787301]},"properties":{"id":895094089,"name":"生田ダム"}},{"type":"Feature","geometry":{"type":"Point","coordinates":[135.25827,34.7448864]},"properties":{"id":896971467,"name":"小峰ヶ原堰堤"}},{"type":"Feature","geometry":{"type":"Point","coordinates":[135.2597043,34.7471]},"properties":{"id":896971468,"name":"小峰ヶ原第二堰堤"}},{"type":"Feature","geometry":{"type":"Point","coordinates":[135.2628879,34.7519122]},"properties":{"id":896971470,"name":"五助第三堰堤"}},{"type":"Feature","geometry":{"type":"Point","coordinates":[135.2688258,34.7655246]},"properties":{"id":896971472,"name":"本庄第三堰堤"}},{"type":"Feature","geometry":{"type":"Point","coordinates":[135.2697931,34.768582]},"properties":{"id":896971474,"name":"本庄堰堤"}},{"type":"Feature","geometry":{"type":"Point","coordinates":[135.2710028,34.7726361]},"properties":{"id":896971476,"name":"黒岩谷堰堤"}},{"type":"Feature","geometry":{"type":"Point","coordinates":[135.2590056,34.7383905]},"properties":{"id":898497768,"name":"神楽岩堰堤"}},{"type":"Feature","geometry":{"type":"Point","coordinates":[131.0323795,33.1821815]},"properties":{"id":899320347,"name":"フラン谷川砂防堰堤"}},{"type":"Feature","geometry":{"type":"Point","coordinates":[135.2599677,34.7348876]},"properties":{"id":899890283,"name":"大谷堰堤"}},{"type":"Feature","geometry":{"type":"Point","coordinates":[135.2686084,34.7678737]},"properties":{"id":899890290,"name":"田辺谷堰堤"}},{"type":"Feature","geometry":{"type":"Point","coordinates":[135.267041,34.768899]},"properties":{"id":899890292,"name":"田辺谷第二堰堤"}},{"type":"Feature","geometry":{"type":"Point","coordinates":[135.2654076,34.7699638]},"properties":{"id":899890294,"name":"田辺谷第三堰堤"}},{"type":"Feature","geometry":{"type":"Point","coordinates":[135.2687489,34.7700791]},"properties":{"id":899890299,"name":"三条谷堰堤"}},{"type":"Feature","geometry":{"type":"Point","coordinates":[135.2673753,34.7712926]},"properties":{"id":899890300,"name":"三条谷第二堰堤"}},{"type":"Feature","geometry":{"type":"Point","coordinates":[135.2678552,34.7631406]},"properties":{"id":899897211,"name":"本庄第二堰堤"}},{"type":"Feature","geometry":{"type":"Point","coordinates":[135.2614407,34.7495163]},"properties":{"id":899897213,"name":"五助堰堤"}},{"type":"Feature","geometry":{"type":"Point","coordinates":[135.2598025,34.7443028]},"properties":{"id":899897216,"name":"東谷第二堰堤"}},{"type":"Feature","geometry":{"type":"Point","coordinates":[135.2610786,34.7402583]},"properties":{"id":899897217,"name":"神楽岩第二堰堤"}},{"type":"Feature","geometry":{"type":"Point","coordinates":[135.2622255,34.7413042]},"properties":{"id":899897218,"name":"神楽岩上流堰堤"}},{"type":"Feature","geometry":{"type":"Point","coordinates":[135.2590397,34.7424871]},"properties":{"id":899897219,"name":"東谷堰堤"}},{"type":"Feature","geometry":{"type":"Point","coordinates":[135.2649321,34.7487452]},"properties":{"id":899900235,"name":"黒五谷堰堤"}},{"type":"Feature","geometry":{"type":"Point","coordinates":[135.2692823,34.7518599]},"properties":{"id":899900236,"name":"黒五谷第二堰堤"}},{"type":"Feature","geometry":{"type":"Point","coordinates":[135.2552655,34.7445888]},"properties":{"id":899900238,"name":"荒神山第二堰堤"}},{"type":"Feature","geometry":{"type":"Point","coordinates":[135.2552011,34.7443946]},"properties":{"id":899900239,"name":"荒神山堰堤"}},{"type":"Feature","geometry":{"type":"Point","coordinates":[135.2539605,34.7480693]},"properties":{"id":899900241,"name":"荒神山第三堰堤"}},{"type":"Feature","geometry":{"type":"Point","coordinates":[135.2543473,34.7495625]},"properties":{"id":899900242,"name":"荒神山第四堰堤"}},{"type":"Feature","geometry":{"type":"Point","coordinates":[135.2560529,34.750932]},"properties":{"id":899900244,"name":"紅葉谷堰堤"}},{"type":"Feature","geometry":{"type":"Point","coordinates":[135.2549725,34.7528673]},"properties":{"id":899900245,"name":"紅葉谷第四堰堤"}},{"type":"Feature","geometry":{"type":"Point","coordinates":[135.2533751,34.7535796]},"properties":{"id":899900246,"name":"紅葉谷第二堰堤"}},{"type":"Feature","geometry":{"type":"Point","coordinates":[135.2464508,34.7442308]},"properties":{"id":899900247,"name":"千丈谷第二堰堤"}},{"type":"Feature","geometry":{"type":"Point","coordinates":[135.2453292,34.7449574]},"properties":{"id":899900248,"name":"千丈谷第三堰堤"}},{"type":"Feature","geometry":{"type":"Point","coordinates":[135.2451324,34.7469967]},"properties":{"id":899900249,"name":"千丈谷第五堰堤"}},{"type":"Feature","geometry":{"type":"Point","coordinates":[135.25435,34.7370843]},"properties":{"id":900232317,"name":"赤塚堰堤"}},{"type":"Feature","geometry":{"type":"Point","coordinates":[135.2600226,34.7515371]},"properties":{"id":900232318,"name":"五助上流堰堤"}},{"type":"Feature","geometry":{"type":"Point","coordinates":[135.2587902,34.7528232]},"properties":{"id":900232320,"name":"五助上流第二堰堤"}},{"type":"Feature","geometry":{"type":"Point","coordinates":[135.2563539,34.7562902]},"properties":{"id":900232322,"name":"五助谷堰堤"}},{"type":"Feature","geometry":{"type":"Point","coordinates":[135.2543399,34.7587287]},"properties":{"id":900232323,"name":"五助谷第二堰堤"}},{"type":"Feature","geometry":{"type":"Point","coordinates":[135.2534117,34.7587017]},"properties":{"id":900232324,"name":"五助谷第三堰堤"}},{"type":"Feature","geometry":{"type":"Point","coordinates":[135.2535692,34.7493196]},"properties":{"id":900329933,"name":"大西谷堰堤"}},{"type":"Feature","geometry":{"type":"Point","coordinates":[135.2511363,34.751294]},"properties":{"id":900329934,"name":"大西谷第三堰堤"}},{"type":"Feature","geometry":{"type":"Point","coordinates":[135.2499211,34.7450229]},"properties":{"id":900329936,"name":"大月山第三堰堤"}},{"type":"Feature","geometry":{"type":"Point","coordinates":[135.2497333,34.7439781]},"properties":{"id":900329937,"name":"大月山第二堰堤"}},{"type":"Feature","geometry":{"type":"Point","coordinates":[135.2527641,34.7506362]},"properties":{"id":900329940,"name":"大西谷第二堰堤"}},{"type":"Feature","geometry":{"type":"Point","coordinates":[135.263006,34.75854]},"properties":{"id":900598462,"name":"水晶谷堰堤"}},{"type":"Feature","geometry":{"type":"Point","coordinates":[135.2643864,34.7569972]},"properties":{"id":900598470,"name":"西滝ケ谷堰堤"}},{"type":"Feature","geometry":{"type":"Point","coordinates":[135.2648385,34.7569525]},"properties":{"id":900598471,"name":"西滝ヶ谷低ダム群　7号"}},{"type":"Feature","geometry":{"type":"Point","coordinates":[135.2657188,34.7565509]},"properties":{"id":900598472,"name":"西滝ヶ谷低ダム群　6号"}},{"type":"Feature","geometry":{"type":"Point","coordinates":[135.2658218,34.7560858]},"properties":{"id":900598473,"name":"西滝ヶ谷低ダム群　5号"}},{"type":"Feature","geometry":{"type":"Point","coordinates":[135.2512244,34.7538338]},"properties":{"id":901153612,"name":"紅葉谷第三堰堤"}},{"type":"Feature","geometry":{"type":"Point","coordinates":[135.2411383,34.7523983]},"properties":{"id":901153613,"name":"千丈谷第七堰堤"}},{"type":"Feature","geometry":{"type":"Point","coordinates":[135.2420459,34.7501239]},"properties":{"id":901170121,"name":"千丈谷第六堰堤"}},{"type":"Feature","geometry":{"type":"Point","coordinates":[135.2425365,34.7487941]},"properties":{"id":901170122,"name":"千丈谷第四堰堤"}},{"type":"Feature","geometry":{"type":"Point","coordinates":[135.2678151,34.7657521]},"properties":{"id":901170129,"name":"本庄第四堰堤"}},{"type":"Feature","geometry":{"type":"Point","coordinates":[135.2574333,34.7636572]},"properties":{"id":901170130,"name":"水晶谷第三堰堤"}},{"type":"Feature","geometry":{"type":"Point","coordinates":[135.260582,34.7609402]},"properties":{"id":901170132,"name":"水晶谷第二堰堤"}},{"type":"Feature","geometry":{"type":"Point","coordinates":[135.2647445,34.7543255]},"properties":{"id":901170134,"name":"西滝ヶ谷低ダム群　1号"}},{"type":"Feature","geometry":{"type":"Point","coordinates":[135.2646757,34.7548637]},"properties":{"id":901170135,"name":"西滝ヶ谷低ダム群　２号"}},{"type":"Feature","geometry":{"type":"Point","coordinates":[135.2652215,34.7550528]},"properties":{"id":901170136,"name":"西滝ヶ谷低ダム群　3号"}},{"type":"Feature","geometry":{"type":"Point","coordinates":[135.2657145,34.7555524]},"properties":{"id":901170137,"name":"西滝ヶ谷低ダム群　4号"}},{"type":"Feature","geometry":{"type":"Point","coordinates":[135.2635204,34.7547589]},"properties":{"id":901170138,"name":"五助第二堰堤"}},{"type":"Feature","geometry":{"type":"Point","coordinates":[134.281174,34.8743103]},"properties":{"id":902273473,"name":"安室ダム"}},{"type":"Feature","geometry":{"type":"Point","coordinates":[135.2539689,34.7637735]},"properties":{"id":904631581,"name":"水晶谷第四堰堤"}},{"type":"Feature","geometry":{"type":"Point","coordinates":[137.7607827,35.5773024]},"properties":{"id":906556497,"name":"松川入ダム取水"}},{"type":"Feature","geometry":{"type":"Point","coordinates":[129.8997961,32.8381191]},"properties":{"id":908024956,"name":"長与ダム"}},{"type":"Feature","geometry":{"type":"Point","coordinates":[136.7465185,36.4307031]},"properties":{"id":909015696,"name":"犀川ダム"}},{"type":"Feature","geometry":{"type":"Point","coordinates":[136.7195724,36.4626749]},"properties":{"id":909940877,"name":"上寺津ダム"}},{"type":"Feature","geometry":{"type":"Point","coordinates":[133.7303759,33.6383344]},"properties":{"id":913784564,"name":"杉田ダム"}},{"type":"Feature","geometry":{"type":"Point","coordinates":[139.0639597,37.6394655]},"properties":{"id":914652750,"name":"下条川ダム"}},{"type":"Feature","geometry":{"type":"Point","coordinates":[136.7138259,36.4982812]},"properties":{"id":916889761,"name":"辰巳ダム"}},{"type":"Feature","geometry":{"type":"Point","coordinates":[135.260204,34.7439537]},"properties":{"id":917266385,"name":"東谷第三堰堤"}},{"type":"Feature","geometry":{"type":"Point","coordinates":[135.2557132,34.7520854]},"properties":{"id":917348645,"name":"紅葉谷第五堰堤"}},{"type":"Feature","geometry":{"type":"Point","coordinates":[135.2526312,34.7398484]},"properties":{"id":917419885,"name":"西谷上流堰堤"}},{"type":"Feature","geometry":{"type":"Point","coordinates":[130.1832369,32.2029864]},"properties":{"id":919985251,"name":"鷹巣ダム"}},{"type":"Feature","geometry":{"type":"Point","coordinates":[127.8050814,26.3889011]},"properties":{"id":922872816,"name":"倉敷ダム"}},{"type":"Feature","geometry":{"type":"Point","coordinates":[135.2495513,34.7407394]},"properties":{"id":925799456,"name":"寒天山堰堤"}},{"type":"Feature","geometry":{"type":"Point","coordinates":[139.8960438,38.5831547]},"properties":{"id":925844508,"name":"月山ダム"}},{"type":"Feature","geometry":{"type":"Point","coordinates":[140.3374813,37.4787747]},"properties":{"id":925896397,"name":"岩色堰"}},{"type":"Feature","geometry":{"type":"Point","coordinates":[135.2570175,34.73421]},"properties":{"id":927255120,"name":"安場堰堤"}},{"type":"Feature","geometry":{"type":"Point","coordinates":[135.2535153,34.7389657]},"properties":{"id":927255121,"name":"西谷堰堤"}},{"type":"Feature","geometry":{"type":"Point","coordinates":[135.249664,34.7424108]},"properties":{"id":927255122,"name":"大月山堰堤"}},{"type":"Feature","geometry":{"type":"Point","coordinates":[135.2541581,34.7307386]},"properties":{"id":927450782,"name":"鴨子ヶ原堰堤"}},{"type":"Feature","geometry":{"type":"Point","coordinates":[135.2406001,34.7347651]},"properties":{"id":927450783,"name":"一王第二堰堤"}},{"type":"Feature","geometry":{"type":"Point","coordinates":[135.2405599,34.7320625]},"properties":{"id":927450784,"name":"一王堰堤"}},{"type":"Feature","geometry":{"type":"Point","coordinates":[135.2398875,34.7302559]},"properties":{"id":927450785,"name":"十善堰堤"}},{"type":"Feature","geometry":{"type":"Point","coordinates":[135.2407184,34.7292772]},"properties":{"id":927450786,"name":"墓ノ平堰堤"}},{"type":"Feature","geometry":{"type":"Point","coordinates":[130.0689644,32.3353115]},"properties":{"id":928883081,"name":"八久保ダム"}},{"type":"Feature","geometry":{"type":"Point","coordinates":[135.2602473,34.7377298]},"properties":{"id":929490651,"name":"十文字堰堤"}},{"type":"Feature","geometry":{"type":"Point","coordinates":[135.2606704,34.7376302]},"properties":{"id":929490652,"name":"十文字鋼製枠堰堤"}},{"type":"Feature","geometry":{"type":"Point","coordinates":[130.0613108,32.4617409]},"properties":{"id":930680894,"name":"都呂々ダム"}},{"type":"Feature","geometry":{"type":"Point","coordinates":[130.0648665,32.4757915]},"properties":{"id":930943469,"name":"年柄ダム"}},{"type":"Feature","geometry":{"type":"Point","coordinates":[130.0693023,32.4843745]},"properties":{"id":930943481,"name":"志岐ダム"}},{"type":"Feature","geometry":{"type":"Point","coordinates":[130.1250503,32.4835724]},"properties":{"id":931337602,"name":"五和ダム"}},{"type":"Feature","geometry":{"type":"Point","coordinates":[130.1457075,32.4828454]},"properties":{"id":931337604,"name":"五和東部ダム"}},{"type":"Feature","geometry":{"type":"Point","coordinates":[130.1725738,32.4035057]},"properties":{"id":934516110,"name":"楠浦ダム"}},{"type":"Feature","geometry":{"type":"Point","coordinates":[130.0870748,32.2820163]},"properties":{"id":934948479,"name":"路木ダム"}},{"type":"Feature","geometry":{"type":"Point","coordinates":[130.1350486,32.4318691]},"properties":{"id":935750495,"name":"亀川ダム"}},{"type":"Feature","geometry":{"type":"Point","coordinates":[136.6361432,35.0367703]},"properties":{"id":936536627,"name":"山村ダム"}},{"type":"Feature","geometry":{"type":"Point","coordinates":[130.0943745,32.2582014]},"properties":{"id":936696588,"name":"深海ダム"}},{"type":"Feature","geometry":{"type":"Point","coordinates":[130.0724793,32.2479056]},"properties":{"id":937036772,"name":"浅海ダム"}},{"type":"Feature","geometry":{"type":"Point","coordinates":[130.0281715,32.2482696]},"properties":{"id":938336273,"name":"第1ヤイラギダム"}},{"type":"Feature","geometry":{"type":"Point","coordinates":[130.0331602,32.2457773]},"properties":{"id":938336277,"name":"第2ヤイラギダム"}},{"type":"Feature","geometry":{"type":"Point","coordinates":[130.0420303,32.2381725]},"properties":{"id":938409053,"name":"内の原ダム"}},{"type":"Feature","geometry":{"type":"Point","coordinates":[130.028752,32.2542771]},"properties":{"id":938464830,"name":"姫の河内ダム"}},{"type":"Feature","geometry":{"type":"Point","coordinates":[130.1062817,32.3241088]},"properties":{"id":939352642,"name":"赤木川砂防堰堤"}},{"type":"Feature","geometry":{"type":"Point","coordinates":[130.3248665,32.4769616]},"properties":{"id":940954333,"name":"上津浦ダム"}},{"type":"Feature","geometry":{"type":"Point","coordinates":[130.3287318,32.4794341]},"properties":{"id":940954335,"name":"中野河内ダム"}},{"type":"Feature","geometry":{"type":"Point","coordinates":[142.5943023,43.5111008]},"properties":{"id":941801122,"name":"美瑛川第6号堰堤"}},{"type":"Feature","geometry":{"type":"Point","coordinates":[142.5891125,43.5136136]},"properties":{"id":941801814,"name":"美瑛川第7堰堤"}},{"type":"Feature","geometry":{"type":"Point","coordinates":[142.5844149,43.5159974]},"properties":{"id":941802610,"name":"美瑛川第8号堰堤"}},{"type":"Feature","geometry":{"type":"Point","coordinates":[142.5796929,43.5168339]},"properties":{"id":941805555,"name":"美瑛川第9号床固工"}},{"type":"Feature","geometry":{"type":"Point","coordinates":[130.3562114,32.4916176]},"properties":{"id":942554897,"name":"楠甫ダム"}},{"type":"Feature","geometry":{"type":"Point","coordinates":[137.9574461,35.7031833]},"properties":{"id":942745687,"name":"南向ダム"}},{"type":"Feature","geometry":{"type":"Point","coordinates":[130.3700276,32.4593916]},"properties":{"id":943311992,"name":"教良木ダム"}},{"type":"Feature","geometry":{"type":"Point","coordinates":[130.3884765,32.4218942]},"properties":{"id":944918129,"name":"西河内ダム"}},{"type":"Feature","geometry":{"type":"Point","coordinates":[143.9870745,43.9256014]},"properties":{"id":945752442,"name":"オンネシルクタウシナイ川砂防ダム"}},{"type":"Feature","geometry":{"type":"Point","coordinates":[140.8423668,38.1785581]},"properties":{"id":946000526,"name":"樽水ダム"}},{"type":"Feature","geometry":{"type":"Point","coordinates":[138.658337,35.8013875]},"properties":{"id":955938802,"name":"琴川ダム"}},{"type":"Feature","geometry":{"type":"Point","coordinates":[131.5674836,33.5657153]},"properties":{"id":957852515,"name":"並石ダム"}},{"type":"Feature","geometry":{"type":"Point","coordinates":[138.6341683,36.6282011]},"properties":{"id":958339795,"name":"品木ダム"}},{"type":"Feature","geometry":{"type":"Point","coordinates":[129.8632774,32.6974152]},"properties":{"id":962090157,"name":"鹿尾ダム"}},{"type":"Feature","geometry":{"type":"Point","coordinates":[129.9271071,32.8392893]},"properties":{"id":962098561,"name":"伊木力ダム"}},{"type":"Feature","geometry":{"type":"Point","coordinates":[129.8109372,32.8527538]},"properties":{"id":962098567,"name":"中山ダム"}},{"type":"Feature","geometry":{"type":"Point","coordinates":[130.7637883,33.4676219]},"properties":{"id":962976122,"name":"小石原川ダム"}},{"type":"Feature","geometry":{"type":"Point","coordinates":[140.3889983,40.6799814]},"properties":{"id":971567218,"name":"鬼楢ダム"}},{"type":"Feature","geometry":{"type":"Point","coordinates":[131.7685573,33.165384]},"properties":{"id":972704934,"name":"中ノ川ダム"}},{"type":"Feature","geometry":{"type":"Point","coordinates":[131.923827,34.6540761]},"properties":{"id":974361302,"name":"笹倉ダム"}},{"type":"Feature","geometry":{"type":"Point","coordinates":[140.382741,41.716114]},"properties":{"id":981112698,"name":"瓜谷砂防ダム"}},{"type":"Feature","geometry":{"type":"Point","coordinates":[131.7616331,32.9805407]},"properties":{"id":983582035,"name":"野津ダム"}},{"type":"Feature","geometry":{"type":"Point","coordinates":[136.208745,34.3772271]},"properties":{"id":988821383,"name":"蓮ダム"}},{"type":"Feature","geometry":{"type":"Point","coordinates":[133.4915155,35.2623729]},"properties":{"id":988882728,"name":"俣野川ダム"}},{"type":"Feature","geometry":{"type":"Point","coordinates":[132.7239497,35.0873732]},"properties":{"id":988967518,"name":"来島ダム"}},{"type":"Feature","geometry":{"type":"Point","coordinates":[133.400716,34.8225603]},"properties":{"id":989024415,"name":"新成羽川ダム"}},{"type":"Feature","geometry":{"type":"Point","coordinates":[133.5309707,34.9804421]},"properties":{"id":989024885,"name":"小阪部川ダム"}},{"type":"Feature","geometry":{"type":"Point","coordinates":[129.9373855,32.7746236]},"properties":{"id":993652073,"name":"中尾ダム"}},{"type":"Feature","geometry":{"type":"Point","coordinates":[130.0527952,32.8215378]},"properties":{"id":993666149,"name":"小ヶ倉ダム"}},{"type":"Feature","geometry":{"type":"Point","coordinates":[130.1908476,32.6215304]},"properties":{"id":993971368,"name":"貝瀬川ダム"}},{"type":"Feature","geometry":{"type":"Point","coordinates":[131.4985373,33.127466]},"properties":{"id":1008258735,"name":"ななせダム"}},{"type":"Feature","geometry":{"type":"Point","coordinates":[142.2064975,42.5284444]},"properties":{"id":1009015020,"name":"波恵ダム"}},{"type":"Feature","geometry":{"type":"Point","coordinates":[138.1933709,36.4794553]},"properties":{"id":1013743654,"name":"北日名砂防ダム"}},{"type":"Feature","geometry":{"type":"Point","coordinates":[138.2014386,36.4704018]},"properties":{"id":1013752617,"name":"菊平砂防ダム"}},{"type":"Feature","geometry":{"type":"Point","coordinates":[141.0759368,40.8110944]},"properties":{"id":1017530667,"name":"清水目ダム"}},{"type":"Feature","geometry":{"type":"Point","coordinates":[136.2575,35.7139511]},"properties":{"id":1018937674,"name":"広野ダム"}},{"type":"Feature","geometry":{"type":"Point","coordinates":[136.2479299,35.7408238]},"properties":{"id":1018946178,"name":"桝谷ダム"}},{"type":"Feature","geometry":{"type":"Point","coordinates":[139.8236634,38.0367193]},"properties":{"id":1019876395,"name":"横川ダム"}},{"type":"Feature","geometry":{"type":"Point","coordinates":[140.807662,38.4794313]},"properties":{"id":1029451745,"name":"牛野ダム"}},{"type":"Feature","geometry":{"type":"Point","coordinates":[130.1379678,33.3137787]},"properties":{"id":1035592206,"name":"岸川防災ダム"}},{"type":"Feature","geometry":{"type":"Point","coordinates":[130.1454566,33.3123316]},"properties":{"id":1035592495,"name":"八丁ダム"}},{"type":"Feature","geometry":{"type":"Point","coordinates":[139.1736247,37.5050742]},"properties":{"id":1036289218,"name":"笠堀ダム"}},{"type":"Feature","geometry":{"type":"Point","coordinates":[140.2838645,35.2464641]},"properties":{"id":1038767864,"name":"荒木根ダム"}},{"type":"Feature","geometry":{"type":"Point","coordinates":[135.1871807,34.7250407]},"properties":{"id":1041941912,"name":"高雄山砂防ダム"}},{"type":"Feature","geometry":{"type":"Point","coordinates":[129.9831433,33.068014]},"properties":{"id":1044127743,"name":"岩屋川内ダム"}},{"type":"Feature","geometry":{"type":"Point","coordinates":[140.6925428,40.4424704]},"properties":{"id":1046220089,"name":"久吉ダム"}},{"type":"Feature","geometry":{"type":"Point","coordinates":[129.484391,33.2545438]},"properties":{"id":1046761353,"name":"阿奈田ダム"}},{"type":"Feature","geometry":{"type":"Point","coordinates":[129.5143566,33.3523409]},"properties":{"id":1046770734,"name":"神曽根ダム"}},{"type":"Feature","geometry":{"type":"Point","coordinates":[129.4888667,33.3515151]},"properties":{"id":1046770736,"name":"箕坪ダム"}},{"type":"Feature","geometry":{"type":"Point","coordinates":[129.9022539,33.5076564]},"properties":{"id":1046851652,"name":"打上ダム"}},{"type":"Feature","geometry":{"type":"Point","coordinates":[137.9471751,35.5256378]},"properties":{"id":1047076202,"name":"日向山砂防ダム"}},{"type":"Feature","geometry":{"type":"Point","coordinates":[140.9444337,37.3830962]},"properties":{"id":1052245565,"name":"坂下ダム"}},{"type":"Feature","geometry":{"type":"Point","coordinates":[131.4688544,34.2035063]},"properties":{"id":1053474543,"name":"一の坂ダム"}},{"type":"Feature","geometry":{"type":"Point","coordinates":[133.0745214,34.902563]},"properties":{"id":1058316880,"name":"庄原ダム"}},{"type":"Feature","geometry":{"type":"Point","coordinates":[139.9615804,35.0752328]},"properties":{"id":1060343790,"name":"安房中央ダム"}},{"type":"Feature","geometry":{"type":"Point","coordinates":[131.0319252,30.7645368]},"properties":{"id":1064494367,"name":"西京ダム"}},{"type":"Feature","geometry":{"type":"Point","coordinates":[140.6386551,38.696472]},"properties":{"id":1071786240,"name":"岩堂沢ダム"}},{"type":"Feature","geometry":{"type":"Point","coordinates":[140.6563738,38.6370032]},"properties":{"id":1071788956,"name":"二ツ石ダム"}},{"type":"Feature","geometry":{"type":"Point","coordinates":[140.6416794,38.5706662]},"properties":{"id":1071793366,"name":"漆沢ダム"}},{"type":"Feature","geometry":{"type":"Point","coordinates":[139.92313,37.9727467]},"properties":{"id":1071967275,"name":"白川ダム"}},{"type":"Feature","geometry":{"type":"Point","coordinates":[130.369323,33.5315056]},"properties":{"id":1073569501,"name":"片江川砂防ダム"}},{"type":"Feature","geometry":{"type":"Point","coordinates":[133.0326869,33.7177724]},"properties":{"id":1075280668,"name":"面河ダム"}},{"type":"Feature","geometry":{"type":"Point","coordinates":[135.3567714,35.0654122]},"properties":{"id":1076274894,"name":"八幡谷ダム"}},{"type":"Feature","geometry":{"type":"Point","coordinates":[135.3487013,35.1042836]},"properties":{"id":1076460169,"name":"みくまりダム"}},{"type":"Feature","geometry":{"type":"Point","coordinates":[134.8887362,35.2750386]},"properties":{"id":1077707509,"name":"与布土ダム"}},{"type":"Feature","geometry":{"type":"Point","coordinates":[133.6448595,35.4419563]},"properties":{"id":1077997269,"name":"小田股ダム"}},{"type":"Feature","geometry":{"type":"Point","coordinates":[132.6291949,33.3591269]},"properties":{"id":1079135073,"name":"野村ダム"}},{"type":"Feature","geometry":{"type":"Point","coordinates":[137.1851836,35.5635917]},"properties":{"id":1080679250,"name":"上麻生ダム"}},{"type":"Feature","geometry":{"type":"Point","coordinates":[132.6123592,33.317039]},"properties":{"id":1083186279,"name":"ヒネン谷川ダム"}},{"type":"Feature","geometry":{"type":"Point","coordinates":[132.6074488,33.3195942]},"properties":{"id":1083186280,"name":"栗実川ダム"}},{"type":"Feature","geometry":{"type":"Point","coordinates":[132.1126613,33.9944635]},"properties":{"id":1085388519,"name":"石井ダム"}},{"type":"Feature","geometry":{"type":"Point","coordinates":[132.0952518,33.9923424]},"properties":{"id":1085452321,"name":"黒杭川ダム"}},{"type":"Feature","geometry":{"type":"Point","coordinates":[130.5917157,30.3373447]},"properties":{"id":1085747137,"name":"尾立ダム"}},{"type":"Feature","geometry":{"type":"Point","coordinates":[133.3634804,35.3960188]},"properties":{"id":1086766650,"name":"洗川排水樋門"}},{"type":"Feature","geometry":{"type":"Point","coordinates":[138.0731464,36.9805905]},"properties":{"id":1088959385,"name":"西飛山ダム"}},{"type":"Feature","geometry":{"type":"Point","coordinates":[138.7595565,36.8829987]},"properties":{"id":1089622229,"name":"カッサ川ダム"}},{"type":"Feature","geometry":{"type":"Point","coordinates":[137.556441,35.0911361]},"properties":{"id":1092239356,"name":"設楽ダム"}},{"type":"Feature","geometry":{"type":"Point","coordinates":[140.078777,37.1846173]},"properties":{"id":1093145615,"name":"西郷ダム"}},{"type":"Feature","geometry":{"type":"Point","coordinates":[130.1033316,33.138244]},"properties":{"id":1095558781,"name":"深浦ダム"}},{"type":"Feature","geometry":{"type":"Point","coordinates":[140.7787914,40.6921813]},"properties":{"id":1097551349,"name":"下湯ダム"}},{"type":"Feature","geometry":{"type":"Point","coordinates":[139.5668761,38.0310059]},"properties":{"id":1098990755,"name":"大石ダム"}},{"type":"Feature","geometry":{"type":"Point","coordinates":[140.0450032,37.840954]},"properties":{"id":1098991117,"name":"綱木川ダム"}},{"type":"Feature","geometry":{"type":"Point","coordinates":[139.5505137,37.9191193]},"properties":{"id":1098991118,"name":"奥胎内ダム"}},{"type":"Feature","geometry":{"type":"Point","coordinates":[140.3538478,36.4357083]},"properties":{"id":1099371767,"name":"藤井川ダム　洪水吐"}},{"type":"Feature","geometry":{"type":"Point","coordinates":[133.3635511,35.4000075]},"properties":{"id":1104402621,"name":"背割堤"}},{"type":"Feature","geometry":{"type":"Point","coordinates":[139.6697865,38.5932423]},"properties":{"id":1104620594,"name":"温海川ダム"}},{"type":"Feature","geometry":{"type":"Point","coordinates":[131.6738096,32.603036]},"properties":{"id":1105216840,"name":"下堰堤"}},{"type":"Feature","geometry":{"type":"Point","coordinates":[131.6386819,32.6090781]},"properties":{"id":1107305346,"name":"中堰堤"}},{"type":"Feature","geometry":{"type":"Point","coordinates":[137.4299023,35.4255105]},"properties":{"id":1110154005,"name":"阿木川ダム"}},{"type":"Feature","geometry":{"type":"Point","coordinates":[139.8464187,35.1518924]},"properties":{"id":1113722962,"name":"鋸山ダム"}},{"type":"Feature","geometry":{"type":"Point","coordinates":[139.536742,37.9606685]},"properties":{"id":1117026319,"name":"胎内川ダム"}},{"type":"Feature","geometry":{"type":"Point","coordinates":[139.5122304,38.0060902]},"properties":{"id":1117027292,"name":"胎内第2ダム"}},{"type":"Feature","geometry":{"type":"Point","coordinates":[136.2820577,34.8885464]},"properties":{"id":1120328253,"name":"櫟野ダム"}},{"type":"Feature","geometry":{"type":"Point","coordinates":[141.4681312,38.7311784]},"properties":{"id":1120772588,"name":"払川ダム"}},{"type":"Feature","geometry":{"type":"Point","coordinates":[135.6720584,34.6053951]},"properties":{"id":1121138380,"name":"大門ダム"}},{"type":"Feature","geometry":{"type":"Point","coordinates":[131.6404992,32.507839]},"properties":{"id":1122261344,"name":"門川防災ダム"}},{"type":"Feature","geometry":{"type":"Point","coordinates":[140.7286714,40.5881411]},"properties":{"id":1123503676,"name":"二庄内ダム"}},{"type":"Feature","geometry":{"type":"Point","coordinates":[140.6493268,40.4272964]},"properties":{"id":1123503973,"name":"遠部ダム"}},{"type":"Feature","geometry":{"type":"Point","coordinates":[134.2484372,34.2363227]},"properties":{"id":1126592701,"name":"大川ダム"}},{"type":"Feature","geometry":{"type":"Point","coordinates":[135.161945,35.1183092]},"properties":{"id":1127676871,"name":"佐仲ダム"}},{"type":"Feature","geometry":{"type":"Point","coordinates":[135.811515,34.1216174]},"properties":{"id":1128008368,"name":"旭ダム"}},{"type":"Feature","geometry":{"type":"Point","coordinates":[140.1964291,35.1605788]},"properties":{"id":1131763388,"name":"第一奥谷ダム"}},{"type":"Feature","geometry":{"type":"Point","coordinates":[131.8387029,32.850748]},"properties":{"id":1134726616,"name":"黒沢ダム"}},{"type":"Feature","geometry":{"type":"Point","coordinates":[140.8847277,37.5153995]},"properties":{"id":1135579193,"name":"大柿ダム"}},{"type":"Feature","geometry":{"type":"Point","coordinates":[139.5665664,37.6964981]},"properties":{"id":1135958551,"name":"豊実ダム"}},{"type":"Feature","geometry":{"type":"Point","coordinates":[130.0130621,33.2265861]},"properties":{"id":1136680746,"name":"繁昌ダム"}},{"type":"Feature","geometry":{"type":"Point","coordinates":[130.0096091,33.2668379]},"properties":{"id":1136680750,"name":"本部ダム"}},{"type":"Feature","geometry":{"type":"Point","coordinates":[129.9901227,33.2892989]},"properties":{"id":1136680751,"name":"井手口川ダム"}},{"type":"Feature","geometry":{"type":"Point","coordinates":[130.0382626,33.0594858]},"properties":{"id":1136680753,"name":"横竹ダム"}},{"type":"Feature","geometry":{"type":"Point","coordinates":[130.1684373,32.9675846]},"properties":{"id":1136680754,"name":"大浦ダム"}},{"type":"Feature","geometry":{"type":"Point","coordinates":[140.3307185,36.480237]},"properties":{"id":1137270134,"name":"小坂ダム"}},{"type":"Feature","geometry":{"type":"Point","coordinates":[130.3366302,32.7913591]},"properties":{"id":1146159340,"name":"中尾川4号堰堤"}},{"type":"Feature","geometry":{"type":"Point","coordinates":[137.340289,35.5288877]},"properties":{"id":1149823556,"name":"中野方ダム"}},{"type":"Feature","geometry":{"type":"Point","coordinates":[142.3871143,42.6799693]},"properties":{"id":1151897476,"name":"平取ダム"}},{"type":"Feature","geometry":{"type":"Point","coordinates":[133.3728701,33.7385311]},"properties":{"id":1154904856,"name":"稲村ダム"}},{"type":"Feature","geometry":{"type":"Point","coordinates":[130.1251745,33.3168635]},"properties":{"id":1156551212,"name":"岸川ダム"}},{"type":"Feature","geometry":{"type":"Point","coordinates":[135.9546652,35.4457933]},"properties":{"id":1157239451,"name":"石田川ダム"}},{"type":"Feature","geometry":{"type":"Point","coordinates":[136.1856763,34.6562869]},"properties":{"id":1158880298,"name":"川上ダム"}},{"type":"Feature","geometry":{"type":"Point","coordinates":[132.1692542,34.6514674]},"properties":{"id":1160433309,"name":"樽床ダム"}},{"type":"Feature","geometry":{"type":"Point","coordinates":[132.3001112,34.6339295]},"properties":{"id":1160444816,"name":"温井ダム"}},{"type":"Feature","geometry":{"type":"Point","coordinates":[139.1090909,36.1626714]},"properties":{"id":1167702026,"name":"間瀬ダム"}},{"type":"Feature","geometry":{"type":"Point","coordinates":[126.7861315,26.344951]},"properties":{"id":1169517524,"name":"儀間ダム"}},{"type":"Feature","geometry":{"type":"Point","coordinates":[132.5620043,34.3068399]},"properties":{"id":1172716124,"name":"本庄水源地堰堤"}},{"type":"Feature","geometry":{"type":"Point","coordinates":[134.105909,34.1537698]},"properties":{"id":1175927772,"name":"椛川ダム"}},{"type":"Feature","geometry":{"type":"Point","coordinates":[140.3428143,39.7454201]},"properties":{"id":1187542374,"name":"岩見ダム"}},{"type":"Feature","geometry":{"type":"Point","coordinates":[137.0910313,35.2939877]},"properties":{"id":1193225839,"name":"廃棄物貯留ダム２"}},{"type":"Feature","geometry":{"type":"Point","coordinates":[137.0911172,35.2936589]},"properties":{"id":1193225841,"name":"浸出水調整池ダム１"}},{"type":"Feature","geometry":{"type":"Point","coordinates":[137.0925125,35.294082]},"properties":{"id":1193225843,"name":"防災調整池ダム１"}},{"type":"Feature","geometry":{"type":"Point","coordinates":[137.0890601,35.2935387]},"properties":{"id":1193225846,"name":"廃棄物貯留ダム３"}},{"type":"Feature","geometry":{"type":"Point","coordinates":[137.0897102,35.2932342]},"properties":{"id":1193225847,"name":"防火調整池ダム２"}},{"type":"Feature","geometry":{"type":"Point","coordinates":[137.4739644,35.3631542]},"properties":{"id":1195157295,"name":"岩村ダム"}},{"type":"Feature","geometry":{"type":"Point","coordinates":[138.3617053,37.9097859]},"properties":{"id":1197431636,"name":"帰流川ダム"}},{"type":"Feature","geometry":{"type":"Point","coordinates":[135.9626586,34.9295928]},"properties":{"id":1204846822,"name":"鎧ダム"}},{"type":"Feature","geometry":{"type":"Point","coordinates":[135.8587741,34.7724166]},"properties":{"id":1207114650,"name":"デレーケ堰堤"}},{"type":"Feature","geometry":{"type":"Point","coordinates":[139.576543,36.7468697]},"properties":{"id":1209023505,"name":"大谷川ダム"}},{"type":"Feature","geometry":{"type":"Point","coordinates":[129.8479465,33.2745166]},"properties":{"id":1209125151,"name":"長浜ダム"}},{"type":"Feature","geometry":{"type":"Point","coordinates":[140.2555567,39.4368738]},"properties":{"id":1214354360,"name":"大内ダム"}},{"type":"Feature","geometry":{"type":"Point","coordinates":[135.9341363,34.7277366]},"properties":{"id":1215353358,"name":"白砂川取水堰"}},{"type":"Feature","geometry":{"type":"Point","coordinates":[138.7853716,36.6722875]},"properties":{"id":1217216928,"name":"四万取水ダム"}},{"type":"Feature","geometry":{"type":"Point","coordinates":[140.5870017,39.3788374]},"properties":{"id":1220701403,"name":"金沢ダム"}},{"type":"Feature","geometry":{"type":"Point","coordinates":[129.9057874,33.2602166]},"properties":{"id":1222291653,"name":"都川内ダム"}},{"type":"Feature","geometry":{"type":"Point","coordinates":[138.0776855,35.8168185]},"properties":{"id":1225371791,"name":"排砂トンネル"}},{"type":"Feature","geometry":{"type":"Point","coordinates":[129.8877303,33.0844407]},"properties":{"id":1228570404,"name":"石木ダム"}},{"type":"Feature","geometry":{"type":"Point","coordinates":[138.0574026,35.5428513]},"properties":{"id":1231617400,"name":"上蔵砂防堰堤"}},{"type":"Feature","geometry":{"type":"Point","coordinates":[137.0442282,37.2242059]},"properties":{"id":1238536020,"name":"宮田ダム"}},{"type":"Feature","geometry":{"type":"Point","coordinates":[138.165475,36.5418954]},"properties":{"id":1239339840,"name":"石原堰堤"}},{"type":"Feature","geometry":{"type":"Point","coordinates":[137.0426832,37.3776473]},"properties":{"id":1239777761,"name":"北河内ダム"}},{"type":"Feature","geometry":{"type":"Point","coordinates":[140.4240382,38.9106515]},"properties":{"id":1240622285,"name":"神室ダム"}},{"type":"Feature","geometry":{"type":"Point","coordinates":[138.0696509,36.5186051]},"properties":{"id":1240756227,"name":"佐野ダム"}},{"type":"Feature","geometry":{"type":"Point","coordinates":[136.832045,37.2623587]},"properties":{"id":1240771237,"name":"八ヶ川ダム"}},{"type":"Feature","geometry":{"type":"Point","coordinates":[138.0677958,36.5107561]},"properties":{"id":1243071604,"name":"中原砂防ダム"}},{"type":"Feature","geometry":{"type":"Point","coordinates":[136.964716,36.9838365]},"properties":{"id":1243072500,"name":"多根ダム"}},{"type":"Feature","geometry":{"type":"Point","coordinates":[138.0613138,36.5062066]},"properties":{"id":1243073957,"name":"中原砂防堰堤"}},{"type":"Feature","geometry":{"type":"Point","coordinates":[136.7877832,36.7983147]},"properties":{"id":1243461777,"name":"籾川谷ダム"}},{"type":"Feature","geometry":{"type":"Point","coordinates":[137.177589,37.3914832]},"properties":{"id":1251402315,"name":"小屋ダム"}},{"type":"Feature","geometry":{"type":"Point","coordinates":[137.0511899,37.3002731]},"properties":{"id":1251458189,"name":"寺田川ダム"}},{"type":"Feature","geometry":{"type":"Point","coordinates":[137.1866695,37.35621]},"properties":{"id":1251458238,"name":"福光ダム"}},{"type":"Feature","geometry":{"type":"Point","coordinates":[137.2633484,37.4712265]},"properties":{"id":1252017703,"name":"岩坂ダム"}},{"type":"Feature","geometry":{"type":"Point","coordinates":[138.1360763,36.4707079]},"properties":{"id":1254349620,"name":"宮沢川砂防堰堤"}},{"type":"Feature","geometry":{"type":"Point","coordinates":[138.2441468,35.4987838]},"properties":{"id":1257111058,"name":"大井川取水ダム"}},{"type":"Feature","geometry":{"type":"Point","coordinates":[138.2441184,35.4991628]},"properties":{"id":1257111059,"name":"田代調整池第一ダム"}},{"type":"Feature","geometry":{"type":"Point","coordinates":[132.7997712,35.2827968]},"properties":{"id":1258819123,"name":"稗原ダム"}},{"type":"Feature","geometry":{"type":"Point","coordinates":[132.9518015,35.2246383]},"properties":{"id":1263581923,"name":"尾原ダム"}},{"type":"Feature","geometry":{"type":"Point","coordinates":[138.1695645,36.5053897]},"properties":{"id":1264100760,"name":"山の神ダム"}},{"type":"Feature","geometry":{"type":"Point","coordinates":[129.6987895,28.4728961]},"properties":{"id":1265405870,"name":"須野ダム"}},{"type":"Feature","geometry":{"type":"Point","coordinates":[138.1824599,36.5249794]},"properties":{"id":1265523107,"name":"杉山ダム"}},{"type":"Feature","geometry":{"type":"Point","coordinates":[138.1635486,36.5466891]},"properties":{"id":1265523124,"name":"生萱堰堤"}},{"type":"Feature","geometry":{"type":"Point","coordinates":[132.9619195,35.1927975]},"properties":{"id":1266597231,"name":"阿井川ダム"}},{"type":"Feature","geometry":{"type":"Point","coordinates":[130.9734975,32.8750422]},"properties":{"id":1270746369,"name":"阿蘇立野ダム"}},{"type":"Feature","geometry":{"type":"Point","coordinates":[135.5597266,34.8708839]},"properties":{"id":1280434733,"name":"安威川ダム"}},{"type":"Feature","geometry":{"type":"Point","coordinates":[134.125633,34.8599058]},"properties":{"id":1285025578,"name":"砂防堰堤"}},{"type":"Feature","geometry":{"type":"Point","coordinates":[134.1520694,34.8644704]},"properties":{"id":1285025580,"name":"砂防堰堤"}},{"type":"Feature","geometry":{"type":"Point","coordinates":[134.1560108,34.8652976]},"properties":{"id":1285025581,"name":"砂防堰堤"}},{"type":"Feature","geometry":{"type":"Point","coordinates":[140.8396916,38.755318]},"properties":{"id":1286725380,"name":"小田ダム"}},{"type":"Feature","geometry":{"type":"Point","coordinates":[137.7938931,35.0994531]},"properties":{"id":1289135788,"name":"佐久間ダム"}},{"type":"Feature","geometry":{"type":"Point","coordinates":[132.3438903,35.0335488]},"properties":{"id":1291366720,"name":"波積ダム"}},{"type":"Feature","geometry":{"type":"Point","coordinates":[132.3021071,34.8999955]},"properties":{"id":1292696816,"name":"八戸ダム"}},{"type":"Feature","geometry":{"type":"Point","coordinates":[135.6770754,34.8953263]},"properties":{"id":1296588092,"name":"西谷川　都市対策砂防堰堤"}},{"type":"Feature","geometry":{"type":"Point","coordinates":[132.2117847,34.9480487]},"properties":{"id":1297158921,"name":"加志岐ダム"}},{"type":"Feature","geometry":{"type":"Point","coordinates":[132.115997,34.880493]},"properties":{"id":1300719025,"name":"第二浜田鞍部ダム"}},{"type":"Feature","geometry":{"type":"Point","coordinates":[136.2148573,34.7172247]},"properties":{"id":1301754642,"name":"滝川ダム"}},{"type":"Feature","geometry":{"type":"Point","coordinates":[131.4170165,32.2134056]},"properties":{"id":1301804649,"name":"川原ダム"}},{"type":"Feature","geometry":{"type":"Point","coordinates":[132.0964403,34.8325677]},"properties":{"id":1302089055,"name":"大長見ダム"}},{"type":"Feature","geometry":{"type":"Point","coordinates":[140.3381147,41.1290221]},"properties":{"id":1302413371,"name":"小泊ダム"}},{"type":"Feature","geometry":{"type":"Point","coordinates":[140.7058329,38.321577]},"properties":{"id":1302442442,"name":"大倉ダム"}},{"type":"Feature","geometry":{"type":"Point","coordinates":[134.4821433,34.9852625]},"properties":{"id":1312555761,"name":"栗栖池ダム"}},{"type":"Feature","geometry":{"type":"Point","coordinates":[136.501862,35.5617054]},"properties":{"id":1315275969,"name":"久瀬ダム"}},{"type":"Feature","geometry":{"type":"Point","coordinates":[136.9352149,34.8897804]},"properties":{"id":1329375299,"name":"半田水門"}},{"type":"Feature","geometry":{"type":"Point","coordinates":[135.8991435,34.2191478]},"properties":{"id":1330832874,"name":"川迫ダム"}},{"type":"Feature","geometry":{"type":"Point","coordinates":[136.3783289,36.2065776]},"properties":{"id":1338910356,"name":"九谷ダム"}},{"type":"Feature","geometry":{"type":"Point","coordinates":[136.3495423,36.2108906]},"properties":{"id":1338910366,"name":"我谷ダム"}},{"type":"Feature","geometry":{"type":"Point","coordinates":[130.6407116,32.358674]},"properties":{"id":1340224140,"name":"瀬戸石ダム"}},{"type":"Feature","geometry":{"type":"Point","coordinates":[139.8845454,36.9516726]},"properties":{"id":1344695423,"name":"塩原ダム"}},{"type":"Feature","geometry":{"type":"Point","coordinates":[139.4673563,37.817499]},"properties":{"id":1346747521,"name":"飯豊川第１ダム"}},{"type":"Feature","geometry":{"type":"Point","coordinates":[137.1985975,35.1217188]},"properties":{"id":1347733809,"name":"越戸ダム"}},{"type":"Feature","geometry":{"type":"Point","coordinates":[137.7283797,35.5396622]},"properties":{"id":1354138320,"name":"太平黒川堰堤"}},{"type":"Feature","geometry":{"type":"Point","coordinates":[137.7032767,35.5255348]},"properties":{"id":1354138322,"name":"小黒川堰堤"}},{"type":"Feature","geometry":{"type":"Point","coordinates":[133.2867893,34.6405899]},"properties":{"id":1354381645,"name":"藤尾ダム"}},{"type":"Feature","geometry":{"type":"Point","coordinates":[132.4913641,34.4086756]},"properties":{"id":1360502679,"name":"砂防ダム"}},{"type":"Feature","geometry":{"type":"Point","coordinates":[132.4967427,34.4030579]},"properties":{"id":1363266787,"name":"砂防ダム"}},{"type":"Feature","geometry":{"type":"Point","coordinates":[130.6882442,32.5541026]},"properties":{"id":1368856033,"name":"氷川大堰"}},{"type":"Feature","geometry":{"type":"Point","coordinates":[135.5331987,34.9221052]},"properties":{"id":1369642031,"name":"見立ダム"}},{"type":"Feature","geometry":{"type":"Point","coordinates":[138.9203018,35.5751712]},"properties":{"id":1370635523,"name":"川茂ダム"}},{"type":"Feature","geometry":{"type":"Point","coordinates":[138.328982,35.4872463]},"properties":{"id":1372530478,"name":"早川第一発電所取水堰"}},{"type":"Feature","geometry":{"type":"Point","coordinates":[138.4499057,35.3771504]},"properties":{"id":1372652562,"name":"塩之沢堰"}},{"type":"Feature","geometry":{"type":"Point","coordinates":[138.7954773,36.6217252]},"properties":{"id":1375973471,"name":"中之条ダム"}},{"type":"Feature","geometry":{"type":"Point","coordinates":[139.0601854,35.6195838]},"properties":{"id":1377142333,"name":"大野ダム"}},{"type":"Feature","geometry":{"type":"Point","coordinates":[135.2076371,34.9336291]},"properties":{"id":1382903196,"name":"青野ダム"}},{"type":"Feature","geometry":{"type":"Point","coordinates":[135.0722882,34.930008]},"properties":{"id":1382903480,"name":"鴨川ダム"}},{"type":"Feature","geometry":{"type":"Point","coordinates":[135.1076111,35.0466387]},"properties":{"id":1382903757,"name":"黒石ダム"}},{"type":"Feature","geometry":{"type":"Point","coordinates":[135.2097171,35.0145985]},"properties":{"id":1382904552,"name":"母子大池堰堤"}},{"type":"Feature","geometry":{"type":"Point","coordinates":[135.8292237,34.9629261]},"properties":{"id":1382963868,"name":"高川調整ダム"}},{"type":"Feature","geometry":{"type":"Point","coordinates":[142.5462653,42.4179236]},"properties":{"id":1385324561,"name":"双川ダム"}},{"type":"Feature","geometry":{"type":"Point","coordinates":[142.5670384,42.4138868]},"properties":{"id":1385339478,"name":"静内ダム"}},{"type":"Feature","geometry":{"type":"Point","coordinates":[142.636444,42.4580177]},"properties":{"id":1385373194,"name":"高見ダム"}},{"type":"Feature","geometry":{"type":"Point","coordinates":[140.8945096,41.2747374]},"properties":{"id":1385495938,"name":"川内ダム"}},{"type":"Feature","geometry":{"type":"Point","coordinates":[142.5921355,42.5465333]},"properties":{"id":1385509205,"name":"春別ダム"}},{"type":"Feature","geometry":{"type":"Point","coordinates":[142.7743337,42.4744828]},"properties":{"id":1385586661,"name":"東の沢ダム"}},{"type":"Feature","geometry":{"type":"Point","coordinates":[142.6952925,42.3811432]},"properties":{"id":1385621411,"name":"三石ダム"}},{"type":"Feature","geometry":{"type":"Point","coordinates":[142.6777111,42.6740366]},"properties":{"id":1386516723,"name":"奥新冠ダム"}},{"type":"Feature","geometry":{"type":"Point","coordinates":[142.5562958,42.6063972]},"properties":{"id":1386597201,"name":"新冠ダム"}},{"type":"Feature","geometry":{"type":"Point","coordinates":[142.5358505,42.5664327]},"properties":{"id":1386635739,"name":"下新冠ダム"}},{"type":"Feature","geometry":{"type":"Point","coordinates":[142.537155,42.5435331]},"properties":{"id":1386939498,"name":"岩清水ダム"}},{"type":"Feature","geometry":{"type":"Point","coordinates":[143.052407,42.1082335]},"properties":{"id":1390209777,"name":"幌満川第二発電所堰堤"}},{"type":"Feature","geometry":{"type":"Point","coordinates":[137.3153673,35.2058284]},"properties":{"id":1390661164,"name":"百月ダム"}},{"type":"Feature","geometry":{"type":"Point","coordinates":[139.8118018,38.4237973]},"properties":{"id":1392650521,"name":"左京渕ダム"}},{"type":"Feature","geometry":{"type":"Point","coordinates":[139.8023024,38.4008369]},"properties":{"id":1392650523,"name":"泡滝ダム"}},{"type":"Feature","geometry":{"type":"Point","coordinates":[133.0423602,36.0887222]},"properties":{"id":1395514127,"name":"大山ダム"}},{"type":"Feature","geometry":{"type":"Point","coordinates":[133.022385,36.0967083]},"properties":{"id":1395708774,"name":"美田ダム"}},{"type":"Feature","geometry":{"type":"Point","coordinates":[140.5863917,37.2794867]},"properties":{"id":1409361969,"name":"こまちダム"}},{"type":"Feature","geometry":{"type":"Point","coordinates":[131.4836403,33.272414]},"properties":{"id":1415002957,"name":"乙原貯水池 堰堤"}},{"type":"Feature","geometry":{"type":"Point","coordinates":[133.8797152,34.1366854]},"properties":{"id":1418236617,"name":"野口ダム"}},{"type":"Feature","geometry":{"type":"Point","coordinates":[131.9374702,34.2539548]},"properties":{"id":1418866131,"name":"平瀬ダム"}},{"type":"Feature","geometry":{"type":"Point","coordinates":[138.5337666,37.245525]},"properties":{"id":1422918664,"name":"市野新田ダム"}},{"type":"Feature","geometry":{"type":"Point","coordinates":[138.504028,37.3106497]},"properties":{"id":1422934301,"name":"谷根ダム"}},{"type":"Feature","geometry":{"type":"Point","coordinates":[140.297751,39.4371938]},"properties":{"id":1441605212,"name":"南外ダム"}},{"type":"Feature","geometry":{"type":"Point","coordinates":[134.4211298,34.170265]},"properties":{"id":1450155267,"name":"川股ダム"}},{"type":"Feature","geometry":{"type":"Point","coordinates":[135.6707393,34.6042961]},"properties":{"id":1452155163,"name":"とっくりダム"}},{"type":"Feature","geometry":{"type":"Point","coordinates":[140.9892102,38.3433334]},"properties":{"id":1453072030,"name":"惣の関ダム"}},{"type":"Feature","geometry":{"type":"Point","coordinates":[136.2964625,36.0202282]},"properties":{"id":1457796372,"name":"足羽川頭首工"}},{"type":"Feature","geometry":{"type":"Point","coordinates":[138.0396454,36.3505579]},"properties":{"id":1462893398,"name":"水上ダム"}},{"type":"Feature","geometry":{"type":"Point","coordinates":[136.6918536,35.7356716]},"properties":{"id":1464756013,"name":"川浦ダム"}},{"type":"Feature","geometry":{"type":"Point","coordinates":[136.683044,35.7341367]},"properties":{"id":1464756017,"name":"川浦鞍部ダム"}},{"type":"Feature","geometry":{"type":"Point","coordinates":[134.4871129,33.9234797]},"properties":{"id":1466960696,"name":"棚野ダム"}},{"type":"Feature","geometry":{"type":"Point","coordinates":[138.6274843,36.5515361]},"properties":{"id":1474935947,"name":"大津ダム"}},{"type":"Feature","geometry":{"type":"Point","coordinates":[133.3367409,33.7699571]},"properties":{"id":1476376567,"name":"大橋ダム"}},{"type":"Feature","geometry":{"type":"Point","coordinates":[135.555582,35.1335597]},"properties":{"id":1485547469,"name":"世木ダム"}},{"type":"Feature","geometry":{"type":"Point","coordinates":[133.9165122,35.2191604]},"properties":{"id":1495901638,"name":"吉井川取水ダム"}},{"type":"Feature","geometry":{"type":"Point","coordinates":[133.5503283,33.7568698]},"properties":{"id":2122866,"name":"早明浦ダム"}},{"type":"Feature","geometry":{"type":"Point","coordinates":[133.8656643,34.1649749]},"properties":{"id":2304893,"name":"満濃池堰堤"}},{"type":"Feature","geometry":{"type":"Point","coordinates":[133.6957881,34.043074]},"properties":{"id":2460671,"name":"五郷ダム"}},{"type":"Feature","geometry":{"type":"Point","coordinates":[132.8435406,34.3769799]},"properties":{"id":5152594,"name":"仁賀ダム"}},{"type":"Feature","geometry":{"type":"Point","coordinates":[128.1470959,26.652481]},"properties":{"id":6180114,"name":"大保ダム"}},{"type":"Feature","geometry":{"type":"Point","coordinates":[128.1489203,26.6477571]},"properties":{"id":6180115,"name":"大保ダム(脇ダム)"}},{"type":"Feature","geometry":{"type":"Point","coordinates":[128.1744946,26.6470573]},"properties":{"id":6182317,"name":"福地ダム-"}},{"type":"Feature","geometry":{"type":"Point","coordinates":[128.2567951,26.786131]},"properties":{"id":6189324,"name":"辺野喜ダム"}},{"type":"Feature","geometry":{"type":"Point","coordinates":[128.0370575,26.623163]},"properties":{"id":6433958,"name":"真喜屋ダム"}},{"type":"Feature","geometry":{"type":"Point","coordinates":[128.0224017,26.6070271]},"properties":{"id":6447119,"name":"羽地ダム"}},{"type":"Feature","geometry":{"type":"Point","coordinates":[140.232845,38.1244427]},"properties":{"id":6484943,"name":"前川ダム"}},{"type":"Feature","geometry":{"type":"Point","coordinates":[134.2409522,35.4652435]},"properties":{"id":6523582,"name":"越流堰"}},{"type":"Feature","geometry":{"type":"Point","coordinates":[134.2452581,35.4648071]},"properties":{"id":6523609,"name":"越流堰"}},{"type":"Feature","geometry":{"type":"Point","coordinates":[136.0605516,34.9278432]},"properties":{"id":6731931,"name":"大鳥居発電所 取水堰堤"}},{"type":"Feature","geometry":{"type":"Point","coordinates":[137.6252696,35.8390983]},"properties":{"id":6903369,"name":"常盤ダム"}},{"type":"Feature","geometry":{"type":"Point","coordinates":[130.6957257,32.4214502]},"properties":{"id":6909442,"name":"油谷ダム"}},{"type":"Feature","geometry":{"type":"Point","coordinates":[132.1194641,34.866086]},"properties":{"id":7078069,"name":"浜田ダム"}},{"type":"Feature","geometry":{"type":"Point","coordinates":[132.1139823,34.8784223]},"properties":{"id":7078071,"name":"第二浜田ダム"}},{"type":"Feature","geometry":{"type":"Point","coordinates":[136.0504159,34.090729]},"properties":{"id":7129595,"name":"坂本ダム"}},{"type":"Feature","geometry":{"type":"Point","coordinates":[133.5459396,35.2313745]},"properties":{"id":7296775,"name":"土用ダム"}},{"type":"Feature","geometry":{"type":"Point","coordinates":[136.1551858,34.6137443]},"properties":{"id":7364594,"name":"比奈地ダム"}},{"type":"Feature","geometry":{"type":"Point","coordinates":[136.8520298,34.9132058]},"properties":{"id":7433878,"name":"前山ダム"}},{"type":"Feature","geometry":{"type":"Point","coordinates":[137.495538,34.8406535]},"properties":{"id":7503876,"name":"大原調整池ダム"}},{"type":"Feature","geometry":{"type":"Point","coordinates":[132.5988604,35.0411167]},"properties":{"id":7574464,"name":"浜原ダム"}},{"type":"Feature","geometry":{"type":"Point","coordinates":[137.3979355,35.0349146]},"properties":{"id":7691019,"name":"羽布ダム"}},{"type":"Feature","geometry":{"type":"Point","coordinates":[137.4763206,35.1869703]},"properties":{"id":8648382,"name":"黒田ダム"}},{"type":"Feature","geometry":{"type":"Point","coordinates":[134.8318878,35.2371481]},"properties":{"id":8807389,"name":"多々良木ダム"}},{"type":"Feature","geometry":{"type":"Point","coordinates":[142.6313664,44.3304332]},"properties":{"id":10116527,"name":"サンルダム"}},{"type":"Feature","geometry":{"type":"Point","coordinates":[138.6520206,36.004968]},"properties":{"id":10540170,"name":"南相木ダム"}},{"type":"Feature","geometry":{"type":"Point","coordinates":[137.3992194,36.4894837]},"properties":{"id":10581560,"name":"佑延ダム"}},{"type":"Feature","geometry":{"type":"Point","coordinates":[138.7403441,36.8590135]},"properties":{"id":11002227,"name":"カッサダム"}},{"type":"Feature","geometry":{"type":"Point","coordinates":[138.3318288,35.4086418]},"properties":{"id":11043334,"name":"雨畑ダム"}},{"type":"Feature","geometry":{"type":"Point","coordinates":[130.3440025,32.7953746]},"properties":{"id":15555242,"name":"中尾川5号堰堤"}},{"type":"Feature","geometry":{"type":"Point","coordinates":[140.0267593,36.0428057]},"properties":{"id":17366619,"name":"福岡堰"}},{"type":"Feature","geometry":{"type":"Point","coordinates":[134.2480092,34.5020185]},"properties":{"id":18381763,"name":"殿川ダム"}},{"type":"Feature","geometry":{"type":"Point","coordinates":[138.9297904,35.7185631]},"properties":{"id":18712642,"name":"葛野川ダム"}},{"type":"Feature","geometry":{"type":"Point","coordinates":[136.455552,35.5928644]},"properties":{"id":19152467,"name":"横山ダム"}},{"type":"Feature","geometry":{"type":"Point","coordinates":[138.8327099,35.7159536]},"properties":{"id":19974102,"name":"上日川ダム"}}]}