{"type":"FeatureCollection","features":[{"type":"Feature","geometry":{"type":"MultiPolygon","coordinates":[[[[129.6857,34.4155],[129.731,34.5967],[129.7389,34.6342],[129.7427,34.6593],[129.7418,34.6924],[129.7379,34.7125],[129.7286,34.7418],[129.7206,34.7602],[129.7059,34.7845],[129.6534,34.8487],[129.6338,34.8677],[129.6114,34.8844],[129.5995,34.8917],[129.2685,34.6795],[129.2286,34.5836],[128.9979,33.9475],[129.032,33.9255],[129.071,33.9083],[129.2388,34.0382],[129.2761,34.0545],[129.2831,34.059],[129.3279,34.0973],[129.3452,34.1203],[129.393,34.1571],[129.6857,34.4155]]],[[[130.0761,32.9876],[130.0612,32.9859],[130.0585,32.9875],[130.0513,32.9926],[130.0517,32.9946],[130.0493,32.9979],[130.0468,32.9984],[130.0471,33.0015],[130.0446,33.004],[130.0421,33.0041],[130.0382,33.0086],[130.028,33.0124],[130.0291,33.0187],[130.0274,33.0203],[130.0243,33.0212],[130.0153,33.0174],[130.0083,33.0197],[130.0059,33.0249],[130.0008,33.0259],[129.9995,33.0321],[129.9936,33.0388],[129.9938,33.0416],[129.9964,33.0445],[129.9943,33.0479],[129.9927,33.0475],[129.9903,33.0508],[129.9876,33.0513],[129.9825,33.0573],[129.978,33.0574],[129.9735,33.0609],[129.9719,33.0602],[129.9643,33.0643],[129.9547,33.066],[129.9473,33.0696],[129.946,33.0718],[129.9396,33.0729],[129.9397,33.0778],[129.9351,33.0811],[129.9333,33.0881],[129.9224,33.0905],[129.9263,33.0981],[129.9268,33.102],[129.9252,33.1057],[129.9266,33.1076],[129.9289,33.1072],[129.9328,33.1111],[129.9387,33.1127],[129.9514,33.11],[129.9567,33.118],[129.9563,33.1286],[129.9534,33.1324],[129.9514,33.132],[129.9489,33.1339],[129.9476,33.143],[129.9449,33.1463],[129.9415,33.1576],[129.9433,33.1645],[129.9386,33.1654],[129.9346,33.1633],[129.9276,33.164],[129.9174,33.16],[129.9142,33.1626],[129.9121,33.1623],[129.9058,33.1581],[129.8985,33.1579],[129.8954,33.1598],[129.8879,33.1562],[129.8854,33.1619],[129.879,33.162],[129.8771,33.1648],[129.8727,33.1652],[129.8694,33.1691],[129.8633,33.171],[129.858,33.1708],[129.8527,33.1769],[129.8432,33.1769],[129.8378,33.1733],[129.8171,33.1845],[129.8175,33.1868],[129.8156,33.1884],[129.8167,33.1977],[129.8101,33.2018],[129.8109,33.2032],[129.8081,33.207],[129.809,33.209],[129.8069,33.2112],[129.8081,33.2146],[129.8094,33.2147],[129.8097,33.2188],[129.8131,33.2209],[129.8099,33.2302],[129.8136,33.2332],[129.8154,33.2391],[129.8145,33.2423],[129.8097,33.2428],[129.7984,33.2533],[129.7905,33.2577],[129.7785,33.2692],[129.7683,33.2858],[129.7662,33.2862],[129.7633,33.2904],[129.759,33.2909],[129.764,33.306],[129.7669,33.3074],[129.7662,33.3113],[129.7699,33.3171],[129.7692,33.3194],[129.7766,33.333],[129.7894,33.3405],[129.827,33.3442],[129.8386,33.3545],[129.8461,33.3642],[129.8561,33.3701],[129.8601,33.3754],[129.8625,33.3815],[129.8612,33.3917],[129.852,33.3999],[129.8387,33.4029],[129.8319,33.4099],[129.8229,33.4108],[129.8097,33.4207],[129.7961,33.4342],[129.7842,33.4399],[129.7789,33.4467],[129.7779,33.4664],[129.7745,33.4709],[129.7617,33.479],[129.7584,33.484],[129.7264,33.5024],[129.713,33.5185],[129.6666,33.5265],[129.64,33.5617],[129.6553,33.6212],[129.6728,33.632],[129.7514,33.6467],[129.7807,33.6543],[129.7873,33.6613],[129.8073,33.6731],[129.8124,33.6747],[129.8781,33.6768],[129.9032,33.6883],[129.9325,33.7049],[130.0062,33.7238],[130.0089,33.7265],[130.0003,33.7533],[129.9071,33.8447],[129.903,33.8533],[129.8716,34.0627],[129.8466,34.0748],[129.8133,34.0962],[129.8036,34.058],[129.6388,33.9112],[129.1208,33.5053],[128.8592,33.5053],[128.675,33.3589],[128.6428,33.3383],[128.6159,33.3142],[128.6013,33.2967],[128.5839,33.2689],[128.5722,33.2399],[128.3699,32.8014],[128.361,32.7789],[128.3534,32.7447],[128.3517,32.71],[128.3617,32.5923],[128.3641,32.5777],[128.3679,32.5632],[128.3792,32.5351],[128.4013,32.5008],[128.4145,32.4857],[128.431,32.4705],[128.4622,32.4485],[128.5396,32.4109],[128.5695,32.4001],[128.5996,32.3916],[128.7076,32.3759],[128.8052,32.3709],[129.21,32.077],[129.2369,32.0952],[129.3216,32.1753],[129.3239,32.1799],[129.5692,32.2714],[129.6087,32.2839],[129.7272,32.353],[129.8305,32.4198],[129.8695,32.4585],[129.8902,32.4827],[129.9002,32.5367],[129.9199,32.5678],[129.9522,32.594],[130.0122,32.6347],[130.0509,32.6105],[130.1152,32.5959],[130.1403,32.5764],[130.1473,32.574],[130.1662,32.5708],[130.2161,32.5728],[130.2496,32.5648],[130.2665,32.558],[130.2791,32.5656],[130.2884,32.5925],[130.304,32.6206],[130.335,32.6348],[130.3643,32.6379],[130.3903,32.6523],[130.4069,32.6638],[130.4224,32.6791],[130.4357,32.6969],[130.4754,32.7329],[130.4803,32.7404],[130.482,32.7818],[130.454,32.8157],[130.4453,32.8287],[130.4436,32.8338],[130.4174,32.8547],[130.3638,32.9195],[130.3587,32.9298],[130.3505,32.9397],[130.3183,32.9575],[130.2771,32.9294],[130.2576,32.9194],[130.2514,32.9181],[130.2186,32.937],[130.2118,32.9447],[130.2055,32.9561],[130.2013,32.959],[130.1876,32.9589],[130.1731,32.9621],[130.1654,32.9609],[130.1549,32.9634],[130.1501,32.9626],[130.1473,32.9688],[130.1439,32.9717],[130.1385,32.9683],[130.1313,32.9683],[130.1145,32.9724],[130.1092,32.9718],[130.103,32.9747],[130.095,32.9754],[130.0887,32.974],[130.0862,32.9754],[130.0858,32.9792],[130.0776,32.9845],[130.0761,32.9876]]],[[[128.5028,32.2397],[128.4437,32.2545],[128.4239,32.2573],[128.3823,32.2588],[128.344,32.2545],[128.3406,32.2826],[128.3374,32.2959],[128.3275,32.3223],[128.3209,32.3351],[128.3049,32.359],[128.2862,32.3798],[128.2757,32.3891],[128.2646,32.3981],[128.2393,32.4145],[128.1991,32.4328],[128.1561,32.4441],[128.1202,32.4481],[128.0786,32.4469],[128.0438,32.441],[128.0269,32.4364],[127.9939,32.4238],[127.9636,32.4072],[127.9497,32.3974],[127.9252,32.3759],[127.9145,32.3641],[127.8952,32.3371],[127.8871,32.3229],[127.8753,32.2927],[127.8693,32.262],[127.8685,32.2463],[127.8688,32.2331],[127.8724,32.2073],[127.8849,32.1704],[127.8974,32.1477],[127.9054,32.1365],[127.9235,32.1154],[127.9443,32.0968],[127.9807,32.0736],[127.9949,32.0666],[128.0249,32.0555],[128.0584,32.0476],[128.0766,32.0451],[128.1126,32.0439],[128.1089,32.0208],[128.1083,32.0051],[128.1107,31.9674],[128.116,31.9394],[128.1228,31.9193],[128.1346,31.8955],[128.15,31.873],[128.1681,31.853],[128.2,31.8274],[128.2383,31.8066],[128.2795,31.7928],[128.3073,31.7875],[128.3353,31.785],[128.37,31.7858],[128.39,31.7884],[128.4295,31.798],[128.4777,31.8178],[128.5066,31.8353],[128.5324,31.8564],[128.5547,31.8811],[128.5784,31.9001],[128.6113,31.9317],[128.631,31.958],[128.6469,31.9896],[128.6564,32.024],[128.6585,32.0601],[128.6532,32.0947],[128.6415,32.1268],[128.6333,32.1421],[128.6129,32.1701],[128.6007,32.1829],[128.5751,32.2043],[128.5475,32.2213],[128.5028,32.2397]]]]},"properties":{"zone":1,"name":"長崎県"}},{"type":"Feature","geometry":{"type":"MultiPolygon","coordinates":[[[[130.6557,33.1086],[130.6597,33.1096],[130.6584,33.1114],[130.6548,33.112],[130.6544,33.1139],[130.6549,33.1155],[130.6596,33.1155],[130.66,33.1247],[130.6629,33.1343],[130.6689,33.139],[130.6663,33.1434],[130.6665,33.155],[130.6731,33.1612],[130.6787,33.164],[130.6791,33.1665],[130.6778,33.1676],[130.68,33.1713],[130.6852,33.1691],[130.6908,33.1641],[130.6931,33.16],[130.691,33.1549],[130.6921,33.1515],[130.6971,33.1536],[130.7014,33.1523],[130.7026,33.1535],[130.7077,33.1512],[130.7122,33.1553],[130.7223,33.1518],[130.7277,33.1543],[130.7324,33.1545],[130.7345,33.1534],[130.7376,33.146],[130.7539,33.1374],[130.7568,33.1324],[130.7615,33.1316],[130.7632,33.1328],[130.7652,33.1286],[130.7683,33.1278],[130.7709,33.1243],[130.792,33.1237],[130.8068,33.116],[130.8118,33.1166],[130.8145,33.1144],[130.8183,33.1144],[130.8214,33.1105],[130.8204,33.1066],[130.8218,33.1061],[130.8289,33.1066],[130.8398,33.1041],[130.8445,33.1077],[130.8533,33.1091],[130.8553,33.1128],[130.8616,33.1175],[130.8595,33.1214],[130.863,33.1227],[130.8662,33.1268],[130.8671,33.1337],[130.871,33.1424],[130.8707,33.1466],[130.8796,33.153],[130.8766,33.1647],[130.8736,33.1684],[130.8778,33.1718],[130.878,33.1743],[130.8857,33.1763],[130.8875,33.1865],[130.8749,33.1893],[130.8696,33.1939],[130.8637,33.1931],[130.8589,33.1981],[130.8472,33.2031],[130.8436,33.2072],[130.8365,33.2106],[130.8376,33.2153],[130.8445,33.2193],[130.8449,33.2228],[130.8494,33.2231],[130.8546,33.2265],[130.858,33.2257],[130.8596,33.2291],[130.8478,33.2331],[130.8314,33.2337],[130.8263,33.2368],[130.8251,33.2408],[130.8275,33.2449],[130.8249,33.2534],[130.8287,33.2575],[130.8328,33.2586],[130.8353,33.2571],[130.8379,33.2583],[130.8445,33.2574],[130.8487,33.261],[130.8514,33.2604],[130.855,33.2626],[130.8638,33.2611],[130.868,33.2637],[130.8676,33.268],[130.8606,33.2668],[130.8574,33.2704],[130.8565,33.2753],[130.8521,33.2775],[130.8564,33.2844],[130.8663,33.2921],[130.8653,33.2967],[130.8615,33.302],[130.8631,33.3049],[130.8621,33.3096],[130.8603,33.3101],[130.8543,33.3234],[130.8573,33.3269],[130.8495,33.3376],[130.845,33.3387],[130.8439,33.3366],[130.8458,33.3343],[130.844,33.3335],[130.8353,33.3435],[130.8411,33.3467],[130.8426,33.3507],[130.8493,33.3531],[130.8612,33.3617],[130.8597,33.373],[130.8627,33.3769],[130.8767,33.3783],[130.8786,33.3763],[130.8791,33.3783],[130.8864,33.3797],[130.8846,33.3894],[130.8876,33.4004],[130.8867,33.4021],[130.8874,33.4053],[130.892,33.4065],[130.8894,33.4137],[130.8926,33.4202],[130.8911,33.4279],[130.8977,33.4388],[130.8969,33.4441],[130.8949,33.4462],[130.9003,33.4492],[130.9105,33.4498],[130.9157,33.4548],[130.9263,33.4576],[130.9305,33.4638],[130.9298,33.4667],[130.9424,33.4856],[130.9501,33.4877],[130.9559,33.4919],[130.9616,33.4936],[130.9626,33.4977],[130.9697,33.5005],[130.9729,33.5055],[130.9772,33.5072],[130.9866,33.5073],[130.9903,33.5093],[130.9918,33.5083],[131.0014,33.5122],[131.0153,33.5091],[131.0194,33.5126],[131.0257,33.5129],[131.0296,33.5189],[131.0358,33.5191],[131.0423,33.5143],[131.0441,33.51],[131.0477,33.5111],[131.0532,33.5079],[131.0652,33.51],[131.0697,33.5068],[131.0738,33.5071],[131.0757,33.5053],[131.0936,33.5074],[131.0963,33.5064],[131.0969,33.5046],[131.0994,33.5046],[131.1076,33.5076],[131.1118,33.5065],[131.1124,33.5047],[131.1176,33.5023],[131.128,33.5016],[131.13,33.502],[131.1301,33.5047],[131.1336,33.5058],[131.1482,33.5051],[131.1547,33.5061],[131.156,33.5079],[131.1632,33.5085],[131.1698,33.505],[131.1775,33.5073],[131.1745,33.5123],[131.1684,33.5152],[131.1698,33.523],[131.1664,33.528],[131.1769,33.5345],[131.1869,33.544],[131.1906,33.5596],[131.1862,33.5679],[131.1737,33.5772],[131.1729,33.5894],[131.1782,33.596],[131.1783,33.6056],[131.1861,33.6167],[131.1868,33.6204],[131.2102,33.6605],[131.2471,33.7553],[131.2495,33.7682],[131.2179,33.7738],[131.1944,33.8029],[131.1515,33.8406],[131.1354,33.8565],[131.098,33.9037],[131.0926,33.921],[131.0898,33.951],[131.0784,33.9727],[131.0055,33.9771],[130.9989,33.9759],[130.9839,33.9694],[130.9625,33.964],[130.9594,33.9622],[130.9527,33.9506],[130.9418,33.9421],[130.9306,33.9173],[130.924,33.908],[130.9098,33.9044],[130.8974,33.9072],[130.8928,33.9111],[130.8666,33.9463],[130.8661,33.9654],[130.8583,33.9706],[130.8555,33.9757],[130.8629,34.0157],[130.8533,34.024],[130.8403,34.0478],[130.797,34.0507],[130.7756,34.0487],[130.7303,34.0718],[130.6808,34.0921],[130.4809,34.1688],[130.4517,34.1997],[130.4771,34.2917],[130.3979,34.6475],[130.1978,34.5369],[130.0126,34.4397],[129.9824,34.4339],[129.949,34.4236],[129.9165,34.4085],[129.8889,34.3908],[129.8133,34.0962],[129.8466,34.0748],[129.8716,34.0627],[129.903,33.8533],[129.9071,33.8447],[130.0003,33.7533],[130.0089,33.7265],[130.0062,33.7238],[129.9325,33.7049],[129.9812,33.6129],[129.9806,33.6054],[130.0248,33.5317],[130.0091,33.5109],[130.0177,33.4894],[130.0182,33.48],[130.0329,33.4746],[130.0449,33.4674],[130.0681,33.4725],[130.0736,33.4692],[130.0937,33.4689],[130.1014,33.4712],[130.103,33.4757],[130.1069,33.4778],[130.1136,33.4752],[130.1296,33.4756],[130.139,33.4704],[130.1428,33.4745],[130.146,33.4745],[130.1507,33.4776],[130.1591,33.4757],[130.1639,33.4723],[130.1649,33.4692],[130.1748,33.4674],[130.1761,33.4659],[130.1862,33.4682],[130.1865,33.4708],[130.1889,33.471],[130.1888,33.4749],[130.1945,33.4761],[130.196,33.4781],[130.1985,33.4773],[130.1987,33.4812],[130.2016,33.48],[130.2039,33.4816],[130.2123,33.4808],[130.2268,33.4767],[130.2333,33.4789],[130.2369,33.4774],[130.2379,33.4741],[130.2442,33.4744],[130.2467,33.4713],[130.2499,33.4705],[130.2626,33.478],[130.275,33.4797],[130.2882,33.4696],[130.2913,33.4694],[130.2969,33.4629],[130.3025,33.4612],[130.3061,33.4633],[130.311,33.4621],[130.313,33.4609],[130.3138,33.458],[130.32,33.4587],[130.3347,33.4506],[130.3364,33.4451],[130.3454,33.445],[130.3558,33.4332],[130.3567,33.4345],[130.3671,33.434],[130.3688,33.4363],[130.3706,33.4331],[130.3766,33.429],[130.3782,33.425],[130.3869,33.4282],[130.3895,33.4261],[130.3967,33.4274],[130.3991,33.4249],[130.3985,33.4221],[130.4025,33.4203],[130.4048,33.4162],[130.4168,33.4104],[130.4077,33.4021],[130.4077,33.3986],[130.411,33.395],[130.4187,33.4011],[130.4219,33.3985],[130.4285,33.3969],[130.4382,33.4001],[130.437,33.4049],[130.4412,33.4098],[130.4398,33.4112],[130.4422,33.4156],[130.4477,33.4189],[130.4581,33.4198],[130.458,33.425],[130.4599,33.4271],[130.4741,33.4353],[130.4766,33.4385],[130.4803,33.4361],[130.4858,33.4381],[130.4873,33.4403],[130.4911,33.4397],[130.4949,33.4442],[130.5035,33.4469],[130.5094,33.4437],[130.5111,33.4491],[130.5125,33.4494],[130.5176,33.4458],[130.5218,33.446],[130.5309,33.4414],[130.5337,33.4415],[130.537,33.4383],[130.5353,33.4374],[130.5352,33.4344],[130.5375,33.4258],[130.5411,33.4212],[130.5421,33.3726],[130.542,33.3663],[130.5403,33.3652],[130.536,33.343],[130.5328,33.3461],[130.5261,33.3401],[130.5187,33.3407],[130.5121,33.3441],[130.5088,33.3433],[130.5063,33.3399],[130.5055,33.3307],[130.4995,33.3256],[130.4903,33.3296],[130.4871,33.3327],[130.4802,33.3311],[130.477,33.326],[130.4825,33.3208],[130.4875,33.3197],[130.4894,33.3159],[130.4841,33.3054],[130.4617,33.3044],[130.456,33.3014],[130.4554,33.2947],[130.4662,33.2903],[130.468,33.2873],[130.4612,33.2838],[130.4534,33.2832],[130.4487,33.2784],[130.448,33.2753],[130.4509,33.2691],[130.4502,33.2654],[130.4438,33.2638],[130.4391,33.2658],[130.4362,33.2698],[130.4351,33.2759],[130.4385,33.2892],[130.4338,33.2925],[130.4279,33.2909],[130.4269,33.2882],[130.4299,33.2862],[130.4309,33.2805],[130.4296,33.274],[130.4264,33.2706],[130.4208,33.2719],[130.4177,33.2689],[130.4172,33.2659],[130.4195,33.2616],[130.4149,33.2526],[130.4105,33.2498],[130.4021,33.2487],[130.4,33.2591],[130.395,33.2607],[130.3911,33.2598],[130.3889,33.2562],[130.391,33.2502],[130.3903,33.2452],[130.3852,33.2405],[130.3785,33.2415],[130.3765,33.2442],[130.3732,33.2443],[130.3699,33.2392],[130.3731,33.233],[130.379,33.2292],[130.3787,33.2212],[130.3623,33.2153],[130.356,33.2095],[130.3444,33.2089],[130.3399,33.2055],[130.3405,33.1885],[130.3426,33.1882],[130.347,33.182],[130.3531,33.1805],[130.3521,33.1695],[130.3561,33.1489],[130.3532,33.1245],[130.3469,33.1204],[130.3296,33.1024],[130.3181,33.0876],[130.2987,33.083],[130.2802,33.0182],[130.3137,32.9724],[130.3183,32.9575],[130.3505,32.9397],[130.392,32.9671],[130.4062,32.9944],[130.4119,33.0016],[130.427,33.0054],[130.4362,33.0051],[130.4449,33.0025],[130.456,33.004],[130.4746,33.0014],[130.4795,33.0035],[130.4842,33.0015],[130.496,33.0039],[130.4956,33.005],[130.4991,33.0066],[130.506,33.0027],[130.5069,33.0062],[130.5126,33.0076],[130.5158,33.014],[130.5129,33.0168],[130.5121,33.0221],[130.5078,33.0234],[130.5047,33.027],[130.5045,33.0368],[130.4952,33.0496],[130.5039,33.0558],[130.5049,33.0586],[130.5136,33.0617],[130.5169,33.0656],[130.5253,33.0667],[130.5314,33.064],[130.5337,33.0732],[130.5355,33.074],[130.5354,33.0781],[130.54,33.0798],[130.5414,33.082],[130.5481,33.0807],[130.5498,33.0845],[130.5525,33.083],[130.556,33.0861],[130.5656,33.0871],[130.5654,33.0916],[130.5612,33.0959],[130.5626,33.1003],[130.5618,33.1042],[130.5708,33.1067],[130.571,33.1089],[130.5768,33.115],[130.5855,33.116],[130.5946,33.1132],[130.6026,33.1148],[130.6069,33.1104],[130.6144,33.1085],[130.619,33.1111],[130.6296,33.1112],[130.6325,33.1135],[130.6371,33.1115],[130.6399,33.1135],[130.6455,33.1123],[130.6463,33.1084],[130.649,33.1084],[130.6506,33.1104],[130.6557,33.1086]]]]},"properties":{"zone":2,"name":"福岡県"}},{"type":"Feature","geometry":{"type":"MultiPolygon","coordinates":[[[[130.536,33.343],[130.5403,33.3652],[130.542,33.3668],[130.5411,33.4212],[130.5374,33.4263],[130.5352,33.4344],[130.5353,33.4374],[130.537,33.4383],[130.5357,33.4402],[130.523,33.4457],[130.5176,33.4458],[130.5125,33.4494],[130.5111,33.4491],[130.5094,33.4437],[130.5035,33.4469],[130.4949,33.4442],[130.4911,33.4397],[130.4873,33.4403],[130.4858,33.4381],[130.4803,33.4361],[130.4766,33.4385],[130.4741,33.4353],[130.4599,33.4271],[130.458,33.425],[130.4581,33.4198],[130.4477,33.4189],[130.4422,33.4156],[130.4398,33.4112],[130.4412,33.4098],[130.437,33.4049],[130.4384,33.4003],[130.4372,33.3995],[130.4285,33.3969],[130.4219,33.3985],[130.4187,33.4011],[130.411,33.395],[130.4077,33.3986],[130.4077,33.4021],[130.4168,33.4104],[130.4048,33.4162],[130.4025,33.4203],[130.3985,33.4221],[130.3991,33.4249],[130.3967,33.4274],[130.3895,33.4261],[130.3869,33.4282],[130.3782,33.425],[130.3766,33.429],[130.3706,33.4331],[130.3688,33.4363],[130.3671,33.434],[130.3567,33.4345],[130.3558,33.4332],[130.3454,33.445],[130.3364,33.4451],[130.3347,33.4506],[130.32,33.4587],[130.3138,33.458],[130.313,33.4609],[130.311,33.4621],[130.3061,33.4633],[130.3025,33.4612],[130.2969,33.4629],[130.2913,33.4694],[130.2882,33.4696],[130.275,33.4797],[130.2626,33.478],[130.2499,33.4705],[130.2467,33.4713],[130.2442,33.4744],[130.2379,33.4741],[130.2369,33.4774],[130.2333,33.4789],[130.2268,33.4767],[130.2123,33.4808],[130.2039,33.4816],[130.2016,33.48],[130.1987,33.4812],[130.1985,33.4773],[130.196,33.4781],[130.1945,33.4761],[130.1888,33.4749],[130.1889,33.471],[130.1865,33.4708],[130.1862,33.4682],[130.1761,33.4659],[130.1748,33.4674],[130.1649,33.4692],[130.1639,33.4723],[130.1591,33.4757],[130.1507,33.4776],[130.146,33.4745],[130.1428,33.4745],[130.139,33.4704],[130.1296,33.4756],[130.1136,33.4752],[130.1069,33.4778],[130.103,33.4757],[130.1014,33.4712],[130.0937,33.4689],[130.0736,33.4692],[130.0681,33.4725],[130.0449,33.4674],[130.0329,33.4746],[130.0182,33.48],[130.0177,33.4894],[130.0091,33.5109],[130.0248,33.5317],[129.9806,33.6054],[129.9812,33.6129],[129.9325,33.7049],[129.9032,33.6883],[129.8781,33.6768],[129.8124,33.6747],[129.8073,33.6731],[129.7873,33.6613],[129.7807,33.6543],[129.7514,33.6467],[129.6728,33.632],[129.6553,33.6212],[129.64,33.5617],[129.6666,33.5265],[129.713,33.5185],[129.7264,33.5024],[129.7584,33.484],[129.7617,33.479],[129.7745,33.4709],[129.7779,33.4664],[129.7789,33.4467],[129.7842,33.4399],[129.7961,33.4342],[129.8097,33.4207],[129.8229,33.4108],[129.8319,33.4099],[129.8387,33.4029],[129.852,33.3999],[129.8612,33.3917],[129.8625,33.3815],[129.8601,33.3754],[129.8561,33.3701],[129.8461,33.3642],[129.8386,33.3545],[129.827,33.3442],[129.7894,33.3405],[129.7766,33.333],[129.7692,33.3194],[129.7699,33.3171],[129.7662,33.3113],[129.7669,33.3074],[129.764,33.306],[129.759,33.2909],[129.7633,33.2904],[129.7662,33.2862],[129.7683,33.2858],[129.7785,33.2692],[129.7905,33.2577],[129.7984,33.2533],[129.8097,33.2428],[129.8145,33.2423],[129.8154,33.2391],[129.8136,33.2332],[129.8099,33.2302],[129.8131,33.2209],[129.8097,33.2188],[129.8094,33.2147],[129.8081,33.2146],[129.8069,33.2112],[129.809,33.209],[129.8081,33.207],[129.8109,33.2032],[129.8101,33.2018],[129.8167,33.1977],[129.8156,33.1884],[129.8175,33.1868],[129.8171,33.1845],[129.8378,33.1733],[129.8432,33.1769],[129.8527,33.1769],[129.858,33.1708],[129.8633,33.171],[129.8694,33.1691],[129.8727,33.1652],[129.8771,33.1648],[129.879,33.162],[129.8854,33.1619],[129.8879,33.1562],[129.8954,33.1598],[129.8985,33.1579],[129.9058,33.1581],[129.9121,33.1623],[129.9142,33.1626],[129.9174,33.16],[129.9276,33.164],[129.9346,33.1633],[129.9386,33.1654],[129.9433,33.1645],[129.9415,33.1576],[129.9449,33.1463],[129.9476,33.143],[129.9489,33.1339],[129.9514,33.132],[129.9534,33.1324],[129.9563,33.1286],[129.9567,33.118],[129.9514,33.11],[129.9387,33.1127],[129.9328,33.1111],[129.9289,33.1072],[129.9266,33.1076],[129.9252,33.1057],[129.9268,33.102],[129.9263,33.0981],[129.9224,33.0905],[129.9333,33.0881],[129.9351,33.0811],[129.9397,33.0778],[129.9395,33.0729],[129.946,33.0718],[129.9473,33.0696],[129.9547,33.066],[129.9643,33.0643],[129.9719,33.0602],[129.9735,33.0609],[129.978,33.0574],[129.9829,33.0571],[129.9876,33.0513],[129.9903,33.0508],[129.9927,33.0475],[129.9943,33.0479],[129.9964,33.0448],[129.9935,33.0391],[129.9995,33.0321],[130.0008,33.0259],[130.0056,33.0251],[130.0083,33.0197],[130.015,33.0175],[130.0243,33.0212],[130.028,33.02],[130.0293,33.0159],[130.028,33.0124],[130.0382,33.0086],[130.0421,33.0041],[130.0446,33.004],[130.0471,33.0015],[130.0468,32.9984],[130.0493,32.9979],[130.0517,32.9946],[130.0513,32.9926],[130.0612,32.9859],[130.076,32.9876],[130.0776,32.9845],[130.0858,32.9792],[130.0862,32.9754],[130.0887,32.974],[130.095,32.9754],[130.103,32.9747],[130.1092,32.9718],[130.1145,32.9724],[130.1313,32.9683],[130.1385,32.9683],[130.1439,32.9717],[130.1473,32.9688],[130.1501,32.9626],[130.1549,32.9634],[130.1654,32.9609],[130.1731,32.9621],[130.1876,32.9589],[130.2013,32.959],[130.2055,32.9561],[130.2118,32.9447],[130.2186,32.937],[130.2514,32.9181],[130.2576,32.9194],[130.2771,32.9294],[130.3183,32.9575],[130.3137,32.9724],[130.2802,33.0182],[130.2987,33.083],[130.3181,33.0876],[130.3296,33.1024],[130.3469,33.1204],[130.3532,33.1245],[130.3561,33.1489],[130.3521,33.1695],[130.3531,33.1805],[130.347,33.182],[130.3426,33.1882],[130.3405,33.1885],[130.3403,33.2061],[130.3444,33.2089],[130.356,33.2095],[130.3623,33.2153],[130.3787,33.2212],[130.379,33.2292],[130.3731,33.233],[130.3699,33.2392],[130.3732,33.2443],[130.3765,33.2442],[130.3785,33.2415],[130.3852,33.2405],[130.3903,33.2452],[130.391,33.2502],[130.3889,33.2562],[130.3911,33.2598],[130.395,33.2607],[130.4,33.2591],[130.4021,33.2487],[130.4105,33.2498],[130.4149,33.2526],[130.4195,33.2616],[130.4172,33.2659],[130.4177,33.2689],[130.4208,33.2719],[130.4264,33.2706],[130.4296,33.274],[130.4309,33.2805],[130.4299,33.2862],[130.4269,33.2882],[130.4279,33.2909],[130.4338,33.2925],[130.4385,33.2892],[130.4351,33.2759],[130.4362,33.2698],[130.4391,33.2658],[130.4438,33.2638],[130.4502,33.2654],[130.4509,33.2691],[130.448,33.2753],[130.4487,33.2784],[130.4534,33.2832],[130.4612,33.2838],[130.468,33.2873],[130.4662,33.2903],[130.4554,33.2947],[130.456,33.3014],[130.4617,33.3044],[130.4841,33.3054],[130.4894,33.3159],[130.4875,33.3197],[130.4825,33.3208],[130.477,33.326],[130.4802,33.3311],[130.4871,33.3327],[130.4903,33.3296],[130.4995,33.3256],[130.5055,33.3307],[130.5063,33.3399],[130.5088,33.3433],[130.5121,33.3441],[130.5187,33.3407],[130.5261,33.3401],[130.5328,33.3461],[130.536,33.343]]]]},"properties":{"zone":2,"name":"佐賀県"}},{"type":"Feature","geometry":{"type":"MultiPolygon","coordinates":[[[[130.9982,33.0283],[130.9909,33.0238],[130.9771,33.025],[130.9768,33.0229],[130.9703,33.0238],[130.9597,33.0359],[130.959,33.0444],[130.9552,33.0486],[130.9468,33.0528],[130.9427,33.0522],[130.9406,33.0535],[130.9376,33.052],[130.935,33.0551],[130.9283,33.0521],[130.9174,33.0529],[130.9158,33.0537],[130.9165,33.0556],[130.908,33.0642],[130.8995,33.064],[130.8974,33.0652],[130.8968,33.0729],[130.8906,33.0758],[130.8899,33.0833],[130.8862,33.0875],[130.8767,33.0919],[130.8673,33.0903],[130.8634,33.0953],[130.857,33.0938],[130.8511,33.0946],[130.8457,33.0922],[130.8431,33.0938],[130.843,33.0967],[130.8398,33.1002],[130.8398,33.1041],[130.8289,33.1066],[130.8204,33.1066],[130.8214,33.1105],[130.8183,33.1144],[130.8145,33.1144],[130.8118,33.1166],[130.8068,33.116],[130.792,33.1237],[130.7709,33.1243],[130.7683,33.1278],[130.7652,33.1286],[130.7632,33.1328],[130.7615,33.1316],[130.7568,33.1324],[130.7539,33.1374],[130.7376,33.146],[130.7345,33.1534],[130.7324,33.1545],[130.7277,33.1543],[130.7223,33.1518],[130.7122,33.1553],[130.7077,33.1512],[130.7026,33.1535],[130.7014,33.1523],[130.6971,33.1536],[130.6921,33.1515],[130.691,33.1549],[130.6931,33.16],[130.6908,33.1641],[130.6852,33.1691],[130.6798,33.1712],[130.6778,33.1676],[130.6791,33.1665],[130.6787,33.164],[130.6731,33.1612],[130.6665,33.155],[130.6663,33.1434],[130.6689,33.139],[130.6629,33.1343],[130.66,33.1247],[130.6596,33.1155],[130.6549,33.1155],[130.6544,33.1139],[130.6548,33.112],[130.6584,33.1114],[130.6596,33.1095],[130.6562,33.1085],[130.6506,33.1104],[130.649,33.1084],[130.6463,33.1084],[130.6454,33.1123],[130.6398,33.1135],[130.6362,33.1115],[130.6325,33.1135],[130.6298,33.1113],[130.619,33.1111],[130.6142,33.1085],[130.6069,33.1104],[130.6026,33.1148],[130.5946,33.1132],[130.5855,33.116],[130.5768,33.115],[130.571,33.1089],[130.5708,33.1067],[130.5618,33.1042],[130.5626,33.1003],[130.5612,33.0959],[130.5654,33.0916],[130.5656,33.0871],[130.556,33.0861],[130.5525,33.083],[130.5498,33.0845],[130.5481,33.0807],[130.5414,33.082],[130.54,33.0798],[130.5354,33.0781],[130.5355,33.074],[130.5337,33.0732],[130.5314,33.064],[130.5253,33.0667],[130.5169,33.0656],[130.5136,33.0617],[130.5049,33.0586],[130.5039,33.0558],[130.4952,33.0496],[130.5045,33.0368],[130.5047,33.027],[130.5078,33.0234],[130.5121,33.0221],[130.5129,33.0168],[130.5158,33.014],[130.5124,33.0074],[130.5069,33.0062],[130.5059,33.0027],[130.4991,33.0066],[130.4956,33.005],[130.496,33.0039],[130.4842,33.0015],[130.4795,33.0035],[130.4746,33.0014],[130.456,33.004],[130.4449,33.0025],[130.4362,33.0051],[130.427,33.0054],[130.4119,33.0016],[130.4062,32.9944],[130.392,32.9671],[130.3505,32.9397],[130.3587,32.9298],[130.3638,32.9195],[130.4174,32.8547],[130.4436,32.8338],[130.4453,32.8287],[130.454,32.8157],[130.482,32.7818],[130.4803,32.7404],[130.4754,32.7329],[130.4357,32.6969],[130.4224,32.6791],[130.4069,32.6638],[130.3903,32.6523],[130.3643,32.6379],[130.335,32.6348],[130.304,32.6206],[130.2884,32.5925],[130.2791,32.5656],[130.2665,32.558],[130.2496,32.5648],[130.2161,32.5728],[130.1662,32.5708],[130.1513,32.5728],[130.1403,32.5764],[130.1152,32.5959],[130.1105,32.5978],[130.0509,32.6105],[130.0122,32.6347],[129.9522,32.594],[129.9199,32.5678],[129.9002,32.5367],[129.8902,32.4827],[129.8695,32.4585],[129.8305,32.4198],[129.7272,32.353],[129.6087,32.2839],[129.5692,32.2714],[129.3239,32.1799],[129.3216,32.1753],[129.8101,32.0489],[129.8401,32.0375],[129.9189,32.0115],[129.9595,32.0092],[130.0063,32.0111],[130.0373,32.0378],[130.0589,32.1016],[130.0782,32.1377],[130.0816,32.148],[130.082,32.1545],[130.0753,32.1758],[130.0766,32.1797],[130.084,32.1883],[130.1105,32.2324],[130.1302,32.2446],[130.1344,32.2495],[130.1588,32.2554],[130.1781,32.2798],[130.198,32.2981],[130.2307,32.3234],[130.242,32.3286],[130.2644,32.3162],[130.276,32.3038],[130.2842,32.2924],[130.3173,32.2599],[130.3245,32.247],[130.3063,32.2319],[130.2932,32.2126],[130.2969,32.197],[130.3088,32.1757],[130.3488,32.1743],[130.3598,32.169],[130.3659,32.1625],[130.3673,32.1628],[130.3774,32.1548],[130.3797,32.1508],[130.3866,32.1475],[130.392,32.1342],[130.4033,32.1244],[130.4008,32.123],[130.402,32.1206],[130.411,32.1184],[130.4229,32.1178],[130.4288,32.1138],[130.4306,32.115],[130.4412,32.114],[130.4486,32.1168],[130.4537,32.1129],[130.457,32.1142],[130.4572,32.1167],[130.4633,32.1188],[130.467,32.1157],[130.4735,32.1186],[130.4736,32.1218],[130.476,32.1226],[130.4756,32.1291],[130.4773,32.1347],[130.4762,32.1377],[130.4798,32.1396],[130.4823,32.1396],[130.4867,32.1371],[130.4869,32.1353],[130.4919,32.1336],[130.4991,32.1355],[130.5055,32.1407],[130.5098,32.1404],[130.5207,32.1352],[130.5339,32.1377],[130.5403,32.1367],[130.5397,32.1396],[130.5428,32.1445],[130.5412,32.1469],[130.542,32.1495],[130.5462,32.1494],[130.5626,32.1552],[130.5703,32.1538],[130.5827,32.1549],[130.5835,32.1585],[130.5867,32.1608],[130.589,32.1678],[130.5968,32.176],[130.5952,32.1835],[130.5917,32.186],[130.6032,32.1875],[130.6109,32.1863],[130.6136,32.1772],[130.6167,32.1736],[130.6172,32.1695],[130.6146,32.1677],[130.6227,32.1561],[130.6311,32.1561],[130.6344,32.1539],[130.6377,32.1549],[130.6414,32.1519],[130.6516,32.1513],[130.6554,32.1411],[130.6548,32.1359],[130.659,32.1331],[130.6627,32.1328],[130.667,32.128],[130.6702,32.1291],[130.673,32.1245],[130.6771,32.1239],[130.6991,32.107],[130.7147,32.1039],[130.7202,32.1008],[130.7245,32.1009],[130.7279,32.102],[130.7352,32.1089],[130.7399,32.1049],[130.7389,32.1012],[130.742,32.0979],[130.7456,32.1021],[130.7516,32.1041],[130.7594,32.0968],[130.7671,32.1016],[130.7725,32.1003],[130.7756,32.1019],[130.7792,32.0995],[130.8093,32.0992],[130.8208,32.0949],[130.8227,32.0995],[130.8276,32.1031],[130.8387,32.1073],[130.8443,32.104],[130.8489,32.1044],[130.8574,32.0997],[130.8632,32.1028],[130.8691,32.1149],[130.8764,32.1167],[130.8785,32.1214],[130.8972,32.1259],[130.9007,32.1324],[130.906,32.1336],[130.91,32.1297],[130.9138,32.1302],[130.9159,32.1254],[130.9273,32.1227],[130.9281,32.1202],[130.9331,32.1161],[130.9443,32.1196],[130.9494,32.1161],[130.9556,32.1154],[130.9617,32.1202],[130.9745,32.1208],[130.9725,32.128],[130.9748,32.1371],[130.9926,32.148],[130.9956,32.1518],[130.9959,32.1559],[130.9924,32.1579],[130.9977,32.1596],[131.0023,32.1694],[131.0121,32.1743],[131.0216,32.169],[131.0262,32.1714],[131.0374,32.1702],[131.0413,32.1673],[131.042,32.1644],[131.0453,32.1613],[131.0495,32.1629],[131.0524,32.1581],[131.0587,32.1548],[131.0677,32.1573],[131.0718,32.1603],[131.0845,32.1542],[131.0974,32.1523],[131.0973,32.1538],[131.1021,32.1579],[131.1091,32.1607],[131.1076,32.166],[131.1014,32.1727],[131.1026,32.176],[131.1015,32.1797],[131.1035,32.1819],[131.1022,32.1861],[131.1044,32.1916],[131.1002,32.1955],[131.1005,32.2015],[131.0942,32.205],[131.0842,32.2062],[131.0785,32.2153],[131.0774,32.2212],[131.069,32.2257],[131.0689,32.2297],[131.0716,32.2369],[131.0691,32.2368],[131.0572,32.2459],[131.0468,32.2443],[131.0427,32.2481],[131.0416,32.2579],[131.0447,32.2632],[131.0508,32.2645],[131.0542,32.2671],[131.0536,32.2746],[131.0498,32.2789],[131.0505,32.2858],[131.0533,32.2874],[131.0589,32.2868],[131.0675,32.2832],[131.0705,32.2804],[131.0786,32.2812],[131.079,32.2846],[131.0859,32.2895],[131.0871,32.2931],[131.0905,32.294],[131.0961,32.3054],[131.1012,32.3117],[131.1061,32.3245],[131.111,32.3271],[131.1119,32.33],[131.1051,32.3357],[131.1036,32.3415],[131.0992,32.3417],[131.0962,32.3505],[131.0909,32.3495],[131.0781,32.355],[131.0774,32.3598],[131.0743,32.3612],[131.0741,32.3663],[131.0769,32.3722],[131.0799,32.3743],[131.0757,32.3783],[131.0741,32.383],[131.0693,32.3843],[131.0691,32.3883],[131.0732,32.3914],[131.0729,32.3961],[131.0698,32.3997],[131.0681,32.4075],[131.0436,32.4082],[131.0397,32.4159],[131.0329,32.4207],[131.028,32.4314],[131.0199,32.4387],[131.0201,32.4417],[131.0165,32.4479],[131.017,32.4597],[131.0142,32.4631],[131.0173,32.4672],[131.0152,32.4698],[131.0164,32.4736],[131.0138,32.4772],[131.014,32.4799],[131.0106,32.483],[131.007,32.4901],[131.0091,32.498],[131.008,32.5022],[131.0094,32.5154],[131.0152,32.5158],[131.0184,32.5196],[131.0256,32.5211],[131.024,32.5281],[131.0249,32.5316],[131.0235,32.5361],[131.0191,32.5415],[131.0181,32.5469],[131.0239,32.5533],[131.0356,32.553],[131.039,32.5544],[131.0408,32.5596],[131.0377,32.5647],[131.0394,32.5713],[131.0424,32.5744],[131.0416,32.5799],[131.0519,32.5876],[131.0595,32.5858],[131.0624,32.5865],[131.0684,32.584],[131.0748,32.5848],[131.0786,32.5818],[131.0912,32.5786],[131.0994,32.5784],[131.108,32.5818],[131.1056,32.5854],[131.1059,32.5891],[131.1135,32.5914],[131.1161,32.5968],[131.1197,32.5991],[131.1186,32.6021],[131.1206,32.6053],[131.1162,32.6095],[131.1159,32.621],[131.1199,32.6291],[131.1191,32.6329],[131.1156,32.6354],[131.1155,32.6421],[131.1235,32.6445],[131.127,32.6541],[131.1298,32.6547],[131.1305,32.6579],[131.1402,32.6646],[131.1433,32.6701],[131.1435,32.6763],[131.1514,32.6801],[131.1579,32.6778],[131.1581,32.6753],[131.1629,32.6717],[131.1751,32.6719],[131.1759,32.6746],[131.1738,32.6761],[131.1755,32.6791],[131.1725,32.6847],[131.1759,32.6878],[131.1758,32.6956],[131.1804,32.7001],[131.1795,32.7036],[131.182,32.707],[131.1793,32.71],[131.18,32.7121],[131.195,32.7253],[131.2066,32.7303],[131.2123,32.7289],[131.2315,32.744],[131.2351,32.7444],[131.2342,32.7534],[131.237,32.7583],[131.2397,32.7582],[131.2427,32.7614],[131.2465,32.7694],[131.2345,32.7808],[131.2374,32.7845],[131.2454,32.7866],[131.245,32.794],[131.2466,32.799],[131.2553,32.8047],[131.2549,32.8093],[131.2572,32.8139],[131.255,32.8156],[131.2578,32.8181],[131.2626,32.8179],[131.2651,32.8207],[131.2652,32.8265],[131.2726,32.8242],[131.276,32.8287],[131.2858,32.8314],[131.2916,32.8278],[131.3015,32.8296],[131.311,32.828],[131.3229,32.8287],[131.3295,32.833],[131.3275,32.8335],[131.3264,32.8389],[131.3232,32.8405],[131.3225,32.8442],[131.3153,32.8487],[131.3144,32.8508],[131.2942,32.8571],[131.2868,32.8656],[131.283,32.8658],[131.2798,32.8699],[131.2734,32.871],[131.2715,32.8772],[131.2734,32.8817],[131.2642,32.8791],[131.2574,32.8874],[131.2532,32.898],[131.2545,32.9063],[131.2529,32.9118],[131.253,32.9245],[131.2481,32.9317],[131.2458,32.9397],[131.2526,32.9465],[131.251,32.9483],[131.2484,32.9479],[131.2468,32.9529],[131.2523,32.9537],[131.253,32.9561],[131.2461,32.9587],[131.246,32.96],[131.2483,32.9639],[131.2561,32.9635],[131.2621,32.9715],[131.2635,32.9766],[131.2573,32.9788],[131.2557,32.981],[131.2471,32.9825],[131.2461,32.9859],[131.2479,32.9912],[131.2473,32.9959],[131.2405,33.0004],[131.2348,33.009],[131.228,33.0104],[131.2284,33.0118],[131.2236,33.0172],[131.2265,33.0191],[131.2256,33.0237],[131.2212,33.0299],[131.2182,33.0451],[131.2155,33.0489],[131.2161,33.0542],[131.2088,33.0586],[131.1966,33.0707],[131.1986,33.0734],[131.1933,33.0775],[131.1896,33.075],[131.1898,33.0735],[131.1858,33.0739],[131.1836,33.077],[131.1782,33.0792],[131.1745,33.0831],[131.1723,33.0897],[131.1748,33.0968],[131.1725,33.1003],[131.1732,33.1048],[131.167,33.1091],[131.167,33.1138],[131.1636,33.1165],[131.1639,33.1191],[131.1659,33.1196],[131.1669,33.1287],[131.1612,33.1408],[131.1577,33.1418],[131.1453,33.1507],[131.1489,33.152],[131.1478,33.155],[131.1339,33.1601],[131.1328,33.1645],[131.1309,33.1661],[131.1195,33.169],[131.1166,33.1746],[131.1171,33.1786],[131.1115,33.1831],[131.1033,33.1872],[131.0995,33.1879],[131.0947,33.1852],[131.0676,33.1914],[131.06,33.1952],[131.0569,33.1939],[131.0388,33.1941],[131.0347,33.1874],[131.0311,33.1852],[131.0285,33.1867],[131.0155,33.1775],[131.0105,33.1788],[131.0064,33.1775],[131.0023,33.181],[130.9942,33.1838],[130.9922,33.1832],[130.9933,33.1779],[130.989,33.176],[130.9885,33.1721],[130.9855,33.1685],[130.9864,33.1655],[130.9851,33.1609],[130.9821,33.1574],[130.9843,33.1523],[130.9815,33.1481],[130.9844,33.1424],[130.9806,33.1439],[130.9783,33.1409],[130.9893,33.1308],[130.9946,33.1293],[130.9927,33.1243],[130.9935,33.1202],[131.0004,33.1163],[131.004,33.1101],[131.009,33.1086],[131.0133,33.0993],[131.0154,33.0994],[131.0192,33.0918],[131.0224,33.0912],[131.0241,33.0875],[131.0207,33.0849],[131.0192,33.0808],[131.0145,33.0798],[131.0108,33.0709],[131.0177,33.0637],[131.0142,33.0589],[131.015,33.0558],[131.0126,33.0544],[131.0129,33.0519],[131.0151,33.0512],[131.0145,33.0476],[131.0118,33.0431],[131.0049,33.0398],[131.0023,33.036],[131.0035,33.0332],[130.9982,33.0283]]]]},"properties":{"zone":2,"name":"熊本県"}},{"type":"Feature","geometry":{"type":"MultiPolygon","coordinates":[[[[130.8597,33.373],[130.8612,33.3617],[130.8493,33.3531],[130.8426,33.3507],[130.8411,33.3467],[130.8353,33.3435],[130.844,33.3335],[130.8458,33.3343],[130.8439,33.3366],[130.845,33.3387],[130.8495,33.3376],[130.8573,33.3269],[130.8543,33.3234],[130.8603,33.3101],[130.8621,33.3096],[130.8631,33.3049],[130.8615,33.302],[130.8653,33.2967],[130.8663,33.2921],[130.8564,33.2844],[130.8521,33.2775],[130.8565,33.2753],[130.8574,33.2704],[130.8606,33.2668],[130.8676,33.268],[130.868,33.2637],[130.8638,33.2611],[130.855,33.2626],[130.8514,33.2604],[130.8487,33.261],[130.8445,33.2574],[130.8379,33.2583],[130.8353,33.2571],[130.8329,33.2586],[130.8287,33.2575],[130.8249,33.2534],[130.8275,33.2449],[130.8251,33.2408],[130.8263,33.2368],[130.8311,33.2338],[130.8478,33.2331],[130.8596,33.2291],[130.858,33.2257],[130.8546,33.2265],[130.8494,33.2231],[130.8449,33.2228],[130.8445,33.2193],[130.8376,33.2153],[130.8365,33.2106],[130.8436,33.2072],[130.8472,33.2031],[130.8589,33.1981],[130.8637,33.1931],[130.8696,33.1939],[130.8749,33.1893],[130.8875,33.1865],[130.8857,33.1763],[130.878,33.1743],[130.8778,33.1718],[130.8736,33.1684],[130.8766,33.1647],[130.8796,33.153],[130.8707,33.1466],[130.871,33.1424],[130.8671,33.1337],[130.8662,33.1268],[130.863,33.1227],[130.8595,33.1214],[130.8616,33.1175],[130.8553,33.1128],[130.8533,33.1091],[130.8445,33.1077],[130.8398,33.1048],[130.8398,33.1002],[130.843,33.0967],[130.8431,33.0938],[130.8457,33.0922],[130.8511,33.0946],[130.857,33.0938],[130.8617,33.0955],[130.8638,33.0952],[130.8673,33.0903],[130.8712,33.092],[130.877,33.0918],[130.8862,33.0875],[130.8897,33.0836],[130.8906,33.0758],[130.8968,33.0729],[130.8982,33.068],[130.8972,33.0654],[130.8995,33.064],[130.908,33.0642],[130.9165,33.0556],[130.9159,33.0535],[130.9283,33.0521],[130.935,33.0551],[130.9376,33.052],[130.9406,33.0535],[130.9427,33.0522],[130.9468,33.0528],[130.957,33.0471],[130.9591,33.0438],[130.9597,33.0359],[130.9703,33.0238],[130.9768,33.0229],[130.9771,33.025],[130.9913,33.024],[131.0033,33.0328],[131.0037,33.0351],[131.0023,33.036],[131.0049,33.0398],[131.0118,33.0431],[131.0145,33.0476],[131.0151,33.0512],[131.0129,33.0519],[131.0126,33.0544],[131.015,33.0558],[131.0142,33.0589],[131.0177,33.0637],[131.0108,33.0709],[131.0145,33.0798],[131.0192,33.0808],[131.0207,33.0849],[131.0241,33.0875],[131.0224,33.0912],[131.0192,33.0918],[131.0154,33.0994],[131.0133,33.0993],[131.009,33.1086],[131.004,33.1101],[131.0004,33.1163],[130.9935,33.1202],[130.9927,33.1243],[130.9946,33.1293],[130.9893,33.1308],[130.9783,33.1409],[130.9806,33.1439],[130.9844,33.1424],[130.9815,33.1481],[130.9843,33.1523],[130.9821,33.1574],[130.9851,33.1609],[130.9864,33.1655],[130.9855,33.1685],[130.9885,33.1721],[130.989,33.176],[130.9933,33.1779],[130.9922,33.1832],[130.9942,33.1838],[131.0023,33.181],[131.0064,33.1775],[131.0105,33.1788],[131.0155,33.1775],[131.0285,33.1867],[131.0311,33.1852],[131.0347,33.1874],[131.0387,33.194],[131.0422,33.1946],[131.0569,33.1939],[131.0603,33.1951],[131.0676,33.1914],[131.0947,33.1852],[131.0995,33.1879],[131.1033,33.1872],[131.1171,33.1786],[131.1166,33.1746],[131.1199,33.1687],[131.1309,33.1661],[131.1328,33.1645],[131.1339,33.1601],[131.1478,33.155],[131.1489,33.152],[131.1453,33.1507],[131.1577,33.1418],[131.1612,33.1408],[131.1669,33.1287],[131.1659,33.1196],[131.1639,33.1191],[131.1636,33.1165],[131.167,33.1138],[131.167,33.1091],[131.1732,33.1048],[131.1725,33.1003],[131.1748,33.0968],[131.1723,33.0897],[131.1745,33.0831],[131.1782,33.0792],[131.1836,33.077],[131.1858,33.0739],[131.1898,33.0735],[131.1896,33.075],[131.1933,33.0775],[131.1986,33.0734],[131.1966,33.0707],[131.2088,33.0586],[131.2161,33.0542],[131.2155,33.0489],[131.2182,33.0451],[131.2212,33.0299],[131.2256,33.0237],[131.2265,33.0191],[131.2236,33.0172],[131.2284,33.0118],[131.228,33.0104],[131.2348,33.009],[131.2405,33.0004],[131.2473,32.9959],[131.2479,32.9912],[131.2461,32.9859],[131.2471,32.9825],[131.2557,32.981],[131.2581,32.9784],[131.2632,32.9772],[131.2621,32.9715],[131.2561,32.9635],[131.2483,32.9639],[131.246,32.96],[131.2461,32.9587],[131.253,32.9561],[131.2523,32.9537],[131.2468,32.9529],[131.2484,32.9479],[131.251,32.9483],[131.2526,32.9465],[131.2458,32.9397],[131.2481,32.9317],[131.253,32.9245],[131.2529,32.9118],[131.2545,32.9063],[131.2532,32.898],[131.2574,32.8874],[131.2642,32.8791],[131.2734,32.8817],[131.2715,32.8772],[131.2734,32.871],[131.2798,32.8699],[131.283,32.8658],[131.2868,32.8656],[131.2942,32.8571],[131.3144,32.8508],[131.3153,32.8487],[131.3225,32.8442],[131.3232,32.8405],[131.3264,32.8389],[131.3276,32.8333],[131.3399,32.8335],[131.3438,32.8311],[131.3497,32.8246],[131.3506,32.8169],[131.3483,32.8137],[131.3486,32.8107],[131.3573,32.8045],[131.3664,32.8036],[131.369,32.806],[131.3783,32.8095],[131.3839,32.809],[131.389,32.8119],[131.3948,32.8111],[131.4002,32.8135],[131.4212,32.8119],[131.4243,32.8136],[131.4257,32.8165],[131.4313,32.8184],[131.437,32.8286],[131.4436,32.83],[131.4542,32.829],[131.4645,32.831],[131.4753,32.8372],[131.486,32.8216],[131.4932,32.8159],[131.5025,32.8147],[131.5018,32.8107],[131.5175,32.8008],[131.5087,32.7841],[131.5082,32.7812],[131.5102,32.7777],[131.5084,32.7743],[131.5113,32.7703],[131.5241,32.7638],[131.5326,32.7629],[131.5366,32.7587],[131.5448,32.7573],[131.5472,32.7582],[131.5555,32.7554],[131.5654,32.7555],[131.5684,32.7541],[131.5792,32.761],[131.5898,32.7739],[131.5925,32.7753],[131.5974,32.775],[131.6011,32.7722],[131.6058,32.7739],[131.6185,32.7731],[131.6245,32.7746],[131.6298,32.7718],[131.6407,32.7703],[131.6521,32.7713],[131.6689,32.7666],[131.6695,32.7684],[131.6763,32.7684],[131.691,32.7718],[131.6956,32.7748],[131.7066,32.7716],[131.7111,32.7724],[131.7153,32.7799],[131.7159,32.7881],[131.729,32.7987],[131.7311,32.8159],[131.7343,32.8175],[131.7361,32.8216],[131.7357,32.8311],[131.7416,32.8344],[131.7474,32.8331],[131.7541,32.8364],[131.7571,32.8355],[131.7597,32.8376],[131.7648,32.8368],[131.7668,32.839],[131.7721,32.8359],[131.7873,32.8336],[131.7878,32.8279],[131.7939,32.8219],[131.7982,32.8249],[131.8067,32.8222],[131.8092,32.8248],[131.8139,32.8262],[131.8151,32.8284],[131.8202,32.8278],[131.8242,32.8299],[131.826,32.8263],[131.8311,32.8241],[131.8345,32.8197],[131.8387,32.8203],[131.848,32.8178],[131.8551,32.8232],[131.8579,32.8221],[131.8592,32.8197],[131.8601,32.8061],[131.8539,32.799],[131.8544,32.7958],[131.8494,32.7907],[131.8504,32.789],[131.8485,32.7831],[131.8442,32.7766],[131.8462,32.7735],[131.8463,32.7671],[131.8494,32.7627],[131.8484,32.7605],[131.8498,32.756],[131.8441,32.7477],[131.8466,32.7423],[131.847,32.7359],[131.858,32.7377],[131.8622,32.7404],[131.8735,32.7404],[131.8847,32.7471],[131.9017,32.7392],[131.9071,32.7349],[131.913,32.7149],[131.9212,32.7072],[132.0823,32.4495],[132.2062,32.3789],[132.2232,32.3845],[132.2127,32.655],[132.217,32.6763],[132.2302,32.7233],[132.2407,32.7739],[132.2447,32.786],[132.244,32.9024],[132.2479,32.9272],[132.265,32.9554],[132.2761,33.0202],[132.2215,33.1066],[132.1448,33.1432],[132.136,33.1678],[132.1262,33.1886],[132.1206,33.2361],[132.0999,33.2454],[132.0872,33.2474],[132.0766,33.2552],[131.9666,33.3219],[131.8804,33.4116],[131.9079,33.455],[131.9319,33.5016],[131.9419,33.5144],[131.9653,33.5529],[131.9225,33.5961],[131.8838,33.6434],[131.8435,33.6795],[131.8364,33.707],[131.8276,33.7244],[131.7951,33.8158],[131.7541,33.8331],[131.7182,33.8315],[131.6619,33.8348],[131.5677,33.8456],[131.5149,33.8249],[131.4611,33.8234],[131.4182,33.8127],[131.3818,33.7951],[131.3354,33.7661],[131.2495,33.7682],[131.2471,33.7553],[131.2102,33.6605],[131.1868,33.6204],[131.1861,33.6167],[131.1783,33.6056],[131.1782,33.596],[131.1729,33.5894],[131.1737,33.5772],[131.1862,33.5679],[131.1906,33.5596],[131.1869,33.544],[131.1769,33.5345],[131.1664,33.528],[131.1698,33.523],[131.1684,33.5152],[131.1745,33.5123],[131.1775,33.5073],[131.1698,33.505],[131.1632,33.5085],[131.156,33.5079],[131.1547,33.5061],[131.1482,33.5051],[131.1336,33.5058],[131.1301,33.5047],[131.13,33.502],[131.128,33.5016],[131.1176,33.5023],[131.1124,33.5047],[131.1118,33.5065],[131.1076,33.5076],[131.0994,33.5046],[131.0969,33.5046],[131.0963,33.5064],[131.0936,33.5074],[131.0757,33.5053],[131.0738,33.5071],[131.0697,33.5068],[131.0652,33.51],[131.0532,33.5079],[131.0477,33.5111],[131.0441,33.51],[131.0423,33.5143],[131.0358,33.5191],[131.0294,33.5188],[131.0257,33.5129],[131.0194,33.5126],[131.0152,33.5091],[131.0014,33.5122],[130.9918,33.5083],[130.9903,33.5093],[130.9866,33.5073],[130.9772,33.5072],[130.9729,33.5055],[130.9697,33.5005],[130.9626,33.4977],[130.9616,33.4936],[130.9559,33.4919],[130.9501,33.4877],[130.9424,33.4856],[130.9298,33.4667],[130.9305,33.4638],[130.9263,33.4576],[130.9157,33.4548],[130.9105,33.4498],[130.9003,33.4492],[130.8949,33.4462],[130.8969,33.4441],[130.8977,33.4388],[130.8911,33.4279],[130.8926,33.4202],[130.8894,33.4137],[130.892,33.4065],[130.8874,33.4053],[130.8867,33.4021],[130.8876,33.4004],[130.8846,33.3894],[130.8864,33.3797],[130.8791,33.3783],[130.8786,33.3763],[130.8767,33.3783],[130.8683,33.3766],[130.8633,33.3773],[130.8597,33.373]]]]},"properties":{"zone":2,"name":"大分県"}},{"type":"Feature","geometry":{"type":"MultiPolygon","coordinates":[[[[131.3471,32.828],[131.3403,32.8334],[131.3322,32.8336],[131.3229,32.8287],[131.311,32.828],[131.3015,32.8296],[131.2916,32.8278],[131.2858,32.8314],[131.276,32.8287],[131.2726,32.8242],[131.2652,32.8265],[131.2651,32.8207],[131.2626,32.8179],[131.2578,32.8181],[131.255,32.8156],[131.2572,32.8139],[131.2549,32.8093],[131.2553,32.8047],[131.2466,32.799],[131.245,32.794],[131.2454,32.7866],[131.2374,32.7845],[131.2345,32.7808],[131.2465,32.7694],[131.2427,32.7614],[131.2397,32.7582],[131.237,32.7583],[131.2342,32.7534],[131.2351,32.7444],[131.2315,32.744],[131.2123,32.7289],[131.2066,32.7303],[131.195,32.7253],[131.18,32.7121],[131.1793,32.71],[131.182,32.707],[131.1795,32.7036],[131.1804,32.7001],[131.1758,32.6956],[131.1759,32.6878],[131.1725,32.6847],[131.1755,32.6791],[131.1738,32.6761],[131.1759,32.6746],[131.1751,32.6719],[131.1629,32.6717],[131.1581,32.6753],[131.1579,32.6778],[131.1514,32.6801],[131.1435,32.6763],[131.1433,32.6701],[131.1402,32.6646],[131.1305,32.6579],[131.1298,32.6547],[131.127,32.6541],[131.1235,32.6445],[131.1155,32.6421],[131.1156,32.6354],[131.1191,32.6329],[131.1199,32.6291],[131.1159,32.621],[131.1162,32.6095],[131.1206,32.6053],[131.1186,32.6021],[131.1197,32.5991],[131.1161,32.5968],[131.1135,32.5914],[131.1059,32.5891],[131.1056,32.5854],[131.108,32.5818],[131.0994,32.5784],[131.0912,32.5786],[131.0786,32.5818],[131.0748,32.5848],[131.0684,32.584],[131.0624,32.5865],[131.0595,32.5858],[131.0519,32.5876],[131.0416,32.5799],[131.0424,32.5744],[131.0394,32.5713],[131.0377,32.5647],[131.0408,32.5596],[131.039,32.5544],[131.0356,32.553],[131.0239,32.5533],[131.0181,32.5469],[131.0191,32.5415],[131.0235,32.5361],[131.0249,32.5316],[131.024,32.5281],[131.0256,32.5211],[131.0184,32.5196],[131.0152,32.5158],[131.0094,32.5154],[131.008,32.5022],[131.0091,32.498],[131.007,32.4901],[131.0106,32.483],[131.014,32.4799],[131.0138,32.4772],[131.0164,32.4736],[131.0152,32.4698],[131.0173,32.4672],[131.0142,32.4631],[131.017,32.4597],[131.0165,32.4479],[131.0201,32.4417],[131.0199,32.4387],[131.028,32.4314],[131.0329,32.4207],[131.0397,32.4159],[131.0436,32.4082],[131.0681,32.4075],[131.0698,32.3997],[131.0729,32.3961],[131.0732,32.3914],[131.0691,32.3883],[131.0693,32.3843],[131.0741,32.383],[131.0757,32.3783],[131.0799,32.3743],[131.0769,32.3722],[131.0741,32.3663],[131.0743,32.3612],[131.0774,32.3598],[131.0781,32.355],[131.0909,32.3495],[131.0962,32.3505],[131.0992,32.3417],[131.1036,32.3415],[131.1051,32.3357],[131.1119,32.33],[131.111,32.3271],[131.1061,32.3245],[131.1012,32.3117],[131.0961,32.3054],[131.0905,32.294],[131.0871,32.2931],[131.0859,32.2895],[131.079,32.2846],[131.0786,32.2812],[131.0705,32.2804],[131.0675,32.2832],[131.0589,32.2868],[131.0533,32.2874],[131.0505,32.2858],[131.0498,32.2789],[131.0536,32.2746],[131.0542,32.2671],[131.0506,32.2645],[131.0466,32.2643],[131.0433,32.2613],[131.0416,32.2579],[131.0427,32.2482],[131.047,32.2442],[131.0572,32.2459],[131.0691,32.2368],[131.0716,32.2369],[131.0689,32.2297],[131.069,32.2257],[131.0774,32.2212],[131.0785,32.2153],[131.0842,32.2062],[131.0942,32.205],[131.1005,32.2015],[131.1002,32.1955],[131.1044,32.1916],[131.1022,32.1861],[131.1035,32.1819],[131.1015,32.1797],[131.1026,32.176],[131.1014,32.1727],[131.1076,32.166],[131.109,32.1601],[131.1021,32.1579],[131.0975,32.154],[131.0972,32.1522],[131.0845,32.1542],[131.0718,32.1603],[131.0677,32.1573],[131.0588,32.1548],[131.0524,32.1581],[131.0495,32.1629],[131.0453,32.1613],[131.042,32.1644],[131.0413,32.1673],[131.0374,32.1702],[131.0262,32.1714],[131.0216,32.169],[131.0121,32.1743],[131.0023,32.1694],[130.9977,32.1596],[130.9924,32.1579],[130.9959,32.1559],[130.9956,32.1518],[130.9926,32.148],[130.9748,32.1371],[130.9725,32.128],[130.9745,32.1208],[130.9617,32.1202],[130.9554,32.1154],[130.9494,32.1161],[130.9443,32.1196],[130.9331,32.1161],[130.9281,32.1202],[130.9273,32.1227],[130.9159,32.1254],[130.9138,32.1302],[130.91,32.1297],[130.906,32.1336],[130.9007,32.1324],[130.8972,32.1259],[130.8785,32.1214],[130.8764,32.1167],[130.8691,32.1149],[130.8624,32.1018],[130.8571,32.0997],[130.8489,32.1044],[130.8443,32.104],[130.8383,32.1072],[130.8276,32.1031],[130.8227,32.0995],[130.8208,32.0949],[130.8093,32.0992],[130.7792,32.0995],[130.7756,32.1019],[130.7725,32.1003],[130.7671,32.1016],[130.7594,32.0968],[130.7516,32.1041],[130.7456,32.1021],[130.7419,32.0979],[130.7389,32.1012],[130.7399,32.1049],[130.7352,32.1089],[130.7277,32.1019],[130.7206,32.1008],[130.7212,32.0987],[130.7179,32.0947],[130.7179,32.0891],[130.716,32.0857],[130.7123,32.0817],[130.7057,32.0799],[130.7034,32.0766],[130.7039,32.0577],[130.7371,32.0477],[130.7428,32.0419],[130.7463,32.0419],[130.747,32.0357],[130.757,32.0323],[130.7586,32.0333],[130.76,32.0311],[130.759,32.0295],[130.7621,32.0274],[130.762,32.0244],[130.7776,32.0159],[130.7786,31.9985],[130.7812,31.9922],[130.782,31.9831],[130.784,31.9792],[130.7946,31.9732],[130.7964,31.9652],[130.8013,31.9602],[130.7996,31.9568],[130.7999,31.9497],[130.8053,31.9498],[130.816,31.9413],[130.8416,31.9427],[130.8446,31.9399],[130.8572,31.9382],[130.8596,31.9346],[130.8656,31.9339],[130.8697,31.9279],[130.8727,31.928],[130.8781,31.9222],[130.8824,31.9211],[130.8828,31.9151],[130.887,31.9122],[130.8864,31.9091],[130.8921,31.9014],[130.8929,31.8998],[130.8915,31.8985],[130.8954,31.8937],[130.897,31.8878],[130.9008,31.8858],[130.9103,31.8878],[130.9135,31.8864],[130.9138,31.8849],[130.9113,31.8834],[130.9068,31.8853],[130.9029,31.8848],[130.8947,31.8782],[130.8924,31.8689],[130.8878,31.8615],[130.8879,31.8529],[130.8893,31.8513],[130.8884,31.8486],[130.8844,31.8455],[130.8762,31.8442],[130.875,31.8427],[130.8791,31.8394],[130.8788,31.8368],[130.882,31.8317],[130.8817,31.8295],[130.8777,31.8283],[130.8768,31.8158],[130.8816,31.8132],[130.8816,31.81],[130.8843,31.8054],[130.8905,31.8065],[130.9013,31.801],[130.9093,31.8007],[130.9146,31.8049],[130.9173,31.8041],[130.9183,31.7993],[130.9237,31.7986],[130.9235,31.7967],[130.9258,31.7944],[130.9254,31.7911],[130.9309,31.7857],[130.966,31.7812],[130.9714,31.7846],[130.9768,31.7824],[130.9803,31.7785],[130.987,31.7801],[130.9901,31.7778],[130.9917,31.7712],[130.9884,31.7655],[130.9828,31.7674],[130.9824,31.7646],[130.9837,31.7643],[130.9792,31.7617],[130.9777,31.7584],[130.9785,31.7516],[130.984,31.7516],[130.9869,31.7497],[130.9906,31.7512],[130.9979,31.7459],[131.0064,31.7493],[131.0097,31.747],[131.015,31.7489],[131.0168,31.7473],[131.0179,31.745],[131.0161,31.743],[131.0161,31.7391],[131.0177,31.7249],[131.016,31.7168],[131.0131,31.7131],[131.0143,31.71],[131.0181,31.7102],[131.0177,31.7071],[131.0198,31.7038],[131.0292,31.6969],[131.0255,31.6915],[131.0237,31.6918],[131.0256,31.6883],[131.0238,31.6852],[131.0268,31.6819],[131.0235,31.675],[131.0263,31.6734],[131.029,31.6741],[131.0261,31.671],[131.0276,31.6685],[131.0256,31.6669],[131.0309,31.6629],[131.0371,31.6617],[131.0447,31.6544],[131.0483,31.6475],[131.0475,31.6421],[131.0492,31.6401],[131.0527,31.6397],[131.052,31.6372],[131.0544,31.6334],[131.0574,31.6342],[131.0589,31.6396],[131.069,31.6499],[131.0717,31.6574],[131.0792,31.6601],[131.0832,31.6561],[131.0894,31.6536],[131.0942,31.6474],[131.101,31.6447],[131.1079,31.6377],[131.1133,31.6352],[131.1131,31.633],[131.1178,31.6293],[131.1228,31.6304],[131.128,31.6265],[131.1388,31.6277],[131.1426,31.6304],[131.1503,31.63],[131.1511,31.6333],[131.1559,31.6342],[131.1564,31.6362],[131.1588,31.6371],[131.1631,31.6365],[131.1644,31.6395],[131.1685,31.6373],[131.1699,31.6335],[131.1786,31.63],[131.179,31.6269],[131.1884,31.6246],[131.1901,31.6178],[131.1873,31.6154],[131.1852,31.6104],[131.1864,31.6052],[131.1976,31.5951],[131.2054,31.5799],[131.2029,31.5712],[131.2001,31.5693],[131.2018,31.5671],[131.1997,31.5641],[131.1956,31.5628],[131.1938,31.5599],[131.1889,31.5575],[131.1969,31.5495],[131.1959,31.5467],[131.1989,31.5415],[131.1972,31.5387],[131.2015,31.5313],[131.2002,31.5295],[131.2008,31.5177],[131.1971,31.5117],[131.179,31.5062],[131.17,31.4999],[131.169,31.4967],[131.171,31.4941],[131.1658,31.4891],[131.1632,31.4841],[131.1648,31.4766],[131.1622,31.4669],[131.1631,31.4654],[131.1498,31.4514],[131.1449,31.4375],[131.1574,31.4223],[131.1681,31.4058],[131.167,31.3724],[131.1917,31.3323],[131.2551,31.2744],[131.2669,31.2516],[131.6592,31.494],[131.6585,31.5191],[131.6686,31.5332],[131.681,31.5554],[131.6931,31.5858],[131.6994,31.6066],[131.7035,31.6354],[131.7026,31.6657],[131.7037,31.696],[131.7065,31.7103],[131.7167,31.7373],[131.7223,31.7655],[131.7231,31.7941],[131.7211,31.813],[131.7141,31.8407],[131.7073,31.8584],[131.7145,31.8816],[131.7185,31.9054],[131.7195,31.9215],[131.7173,31.948],[131.7356,31.9964],[131.7444,32.0253],[131.7528,32.0399],[131.7614,32.06],[131.7695,32.0849],[131.7736,32.1033],[131.7817,32.1258],[131.7866,32.1494],[131.7966,32.1703],[131.8046,32.1935],[131.8191,32.2091],[131.8317,32.226],[131.8517,32.2624],[132.2062,32.3789],[132.0823,32.4495],[131.9212,32.7072],[131.913,32.7149],[131.9063,32.7358],[131.8847,32.7471],[131.8735,32.7404],[131.8622,32.7404],[131.858,32.7377],[131.847,32.7359],[131.8466,32.7423],[131.8441,32.7477],[131.8498,32.756],[131.8484,32.7605],[131.8494,32.7627],[131.8463,32.7671],[131.8462,32.7735],[131.8442,32.7766],[131.8485,32.7831],[131.8504,32.789],[131.8494,32.7907],[131.8544,32.7958],[131.8539,32.799],[131.8601,32.8061],[131.8582,32.8219],[131.8551,32.8232],[131.848,32.8178],[131.8387,32.8203],[131.8345,32.8197],[131.8311,32.8241],[131.826,32.8263],[131.8244,32.8299],[131.8202,32.8278],[131.8151,32.8284],[131.8139,32.8262],[131.8092,32.8248],[131.8067,32.8222],[131.7982,32.8249],[131.7939,32.8219],[131.7878,32.8279],[131.7873,32.8336],[131.7721,32.8359],[131.7668,32.839],[131.7648,32.8368],[131.7597,32.8376],[131.7571,32.8355],[131.7541,32.8364],[131.7474,32.8331],[131.7416,32.8344],[131.7357,32.8311],[131.7361,32.8216],[131.7343,32.8175],[131.7311,32.8159],[131.729,32.7987],[131.7159,32.7881],[131.7153,32.7799],[131.7111,32.7724],[131.7066,32.7716],[131.6956,32.7748],[131.691,32.7718],[131.6763,32.7684],[131.6695,32.7684],[131.6689,32.7666],[131.6521,32.7713],[131.6407,32.7703],[131.6298,32.7718],[131.6245,32.7746],[131.6185,32.7731],[131.6058,32.7739],[131.6011,32.7722],[131.5974,32.775],[131.5925,32.7753],[131.5898,32.7739],[131.5792,32.761],[131.5684,32.7541],[131.5654,32.7555],[131.5555,32.7554],[131.5472,32.7582],[131.5448,32.7573],[131.5366,32.7587],[131.5326,32.7629],[131.5241,32.7638],[131.5113,32.7703],[131.5084,32.7743],[131.5102,32.7777],[131.5082,32.7812],[131.5087,32.7841],[131.5175,32.8008],[131.5018,32.8107],[131.5025,32.8147],[131.4932,32.8159],[131.486,32.8216],[131.4753,32.8372],[131.4645,32.831],[131.4542,32.829],[131.4436,32.83],[131.437,32.8286],[131.4313,32.8184],[131.4257,32.8165],[131.4243,32.8136],[131.4212,32.8119],[131.4005,32.8135],[131.3948,32.8111],[131.3894,32.812],[131.3839,32.809],[131.3746,32.8084],[131.3644,32.8034],[131.3573,32.8045],[131.3486,32.8107],[131.3483,32.8137],[131.3506,32.8169],[131.3497,32.8246],[131.3471,32.828]]]]},"properties":{"zone":2,"name":"宮崎県"}},{"type":"Feature","geometry":{"type":"MultiPolygon","coordinates":[[[[132.3695,34.11],[132.3353,34.1129],[132.321,34.1182],[132.3182,34.1209],[132.3136,34.1212],[132.2703,34.1709],[132.2622,34.1913],[132.2618,34.1976],[132.2586,34.2065],[132.2549,34.2104],[132.2514,34.2113],[132.2213,34.2083],[132.2147,34.2037],[132.2102,34.2026],[132.207,34.2033],[132.2022,34.2078],[132.1954,34.2044],[132.1933,34.207],[132.1998,34.2194],[132.2054,34.2254],[132.2049,34.2286],[132.2028,34.2286],[132.1997,34.2252],[132.1968,34.2273],[132.1989,34.2297],[132.1979,34.2306],[132.1931,34.2304],[132.1935,34.2265],[132.1842,34.2276],[132.1808,34.2299],[132.1719,34.2251],[132.1673,34.228],[132.1709,34.2291],[132.1709,34.2336],[132.166,34.234],[132.1641,34.2326],[132.1598,34.2339],[132.1603,34.2299],[132.1569,34.2292],[132.1554,34.233],[132.1509,34.2346],[132.1502,34.2372],[132.1443,34.2368],[132.1439,34.2405],[132.1461,34.2434],[132.1474,34.2504],[132.1464,34.2568],[132.1446,34.2595],[132.1401,34.2606],[132.1354,34.2667],[132.136,34.2693],[132.1336,34.272],[132.1355,34.278],[132.1398,34.2822],[132.1401,34.2849],[132.1297,34.2945],[132.1256,34.2909],[132.1252,34.2931],[132.1285,34.2961],[132.124,34.2966],[132.1295,34.304],[132.1245,34.3063],[132.1226,34.3104],[132.1248,34.3146],[132.124,34.3198],[132.1292,34.3224],[132.1284,34.3253],[132.1295,34.3269],[132.127,34.3308],[132.1274,34.3329],[132.1216,34.3335],[132.1191,34.3305],[132.1117,34.3302],[132.1098,34.3277],[132.1075,34.3281],[132.101,34.3366],[132.1014,34.3451],[132.093,34.3514],[132.0878,34.3519],[132.0853,34.3579],[132.0767,34.3555],[132.0698,34.3563],[132.072,34.3653],[132.0704,34.3709],[132.0749,34.3737],[132.0725,34.3772],[132.0778,34.3879],[132.0774,34.3892],[132.0698,34.391],[132.0722,34.3944],[132.0707,34.3958],[132.0734,34.3984],[132.073,34.4016],[132.0746,34.4022],[132.0688,34.416],[132.0735,34.4194],[132.074,34.424],[132.0774,34.4256],[132.0751,34.4262],[132.0749,34.4318],[132.081,34.4432],[132.0754,34.4541],[132.0715,34.4583],[132.071,34.4629],[132.0679,34.465],[132.0684,34.4678],[132.0638,34.4689],[132.0506,34.4662],[132.0473,34.4694],[132.0415,34.468],[132.039,34.4689],[132.0348,34.4634],[132.0284,34.4616],[132.0251,34.4624],[132.0221,34.4602],[132.0232,34.4591],[132.0221,34.4576],[132.0189,34.4566],[132.0154,34.4521],[132.0169,34.4449],[132.0161,34.4418],[132.0173,34.4403],[132.0162,34.4375],[132.0111,34.4343],[132.0098,34.4313],[132.0059,34.4323],[131.9975,34.4279],[131.9967,34.424],[131.9899,34.4134],[131.9941,34.4108],[131.9944,34.4082],[131.9975,34.4071],[132.0003,34.3973],[132.0073,34.3904],[132.0071,34.3863],[132.0135,34.3821],[132.0118,34.375],[132.0135,34.3713],[132.0121,34.3674],[132.0075,34.3648],[132.0016,34.3663],[131.9978,34.3649],[131.9896,34.3524],[131.982,34.3497],[131.9807,34.3434],[131.9741,34.3414],[131.9754,34.3318],[131.9702,34.3235],[131.9627,34.3232],[131.9608,34.321],[131.9635,34.3136],[131.9591,34.3064],[131.9556,34.308],[131.9549,34.3107],[131.9447,34.3207],[131.9454,34.3237],[131.9436,34.3234],[131.9379,34.3274],[131.933,34.3279],[131.93,34.3333],[131.9215,34.3355],[131.9193,34.3381],[131.915,34.3355],[131.9115,34.3277],[131.904,34.3233],[131.8995,34.3182],[131.8875,34.3272],[131.8864,34.3227],[131.884,34.3213],[131.8864,34.3137],[131.8858,34.311],[131.8813,34.3086],[131.8733,34.3087],[131.8696,34.305],[131.8651,34.3061],[131.86,34.3046],[131.8507,34.3066],[131.8452,34.311],[131.8411,34.3083],[131.8342,34.3113],[131.8311,34.3026],[131.8239,34.3053],[131.8201,34.3026],[131.8163,34.3105],[131.8131,34.3124],[131.8063,34.3124],[131.8024,34.317],[131.7975,34.3178],[131.7959,34.3206],[131.7959,34.3269],[131.7906,34.3301],[131.7881,34.3288],[131.7821,34.3329],[131.7769,34.3335],[131.7746,34.3375],[131.7752,34.34],[131.7793,34.3439],[131.779,34.3502],[131.7776,34.354],[131.7712,34.3558],[131.7685,34.3618],[131.7652,34.3641],[131.7674,34.3672],[131.7659,34.3717],[131.7673,34.3744],[131.7636,34.3771],[131.7635,34.3809],[131.7667,34.3849],[131.7729,34.3874],[131.7739,34.3935],[131.7786,34.3985],[131.7848,34.3999],[131.7854,34.4057],[131.788,34.4083],[131.7871,34.4132],[131.7942,34.4253],[131.7955,34.4332],[131.7938,34.4362],[131.7876,34.4344],[131.78,34.4357],[131.7765,34.4348],[131.7729,34.435],[131.7708,34.4371],[131.7614,34.4337],[131.7569,34.4362],[131.7573,34.4394],[131.7554,34.4404],[131.7452,34.4352],[131.7415,34.4291],[131.7378,34.4286],[131.7295,34.4327],[131.7228,34.4289],[131.7173,34.43],[131.7129,34.4285],[131.7098,34.432],[131.7022,34.4359],[131.697,34.4355],[131.6939,34.4438],[131.6972,34.4462],[131.6991,34.4523],[131.6955,34.4546],[131.6966,34.4576],[131.6939,34.4655],[131.6989,34.4701],[131.6991,34.477],[131.6962,34.4808],[131.6934,34.4816],[131.6884,34.479],[131.6823,34.4788],[131.6806,34.4852],[131.6824,34.4882],[131.6821,34.4932],[131.6798,34.4933],[131.6753,34.5011],[131.668,34.5041],[131.6693,34.5107],[131.6732,34.511],[131.6814,34.5185],[131.6858,34.517],[131.6877,34.5213],[131.6953,34.5238],[131.7014,34.5306],[131.7067,34.5329],[131.7008,34.5377],[131.7049,34.5415],[131.7056,34.5449],[131.7031,34.5505],[131.7009,34.551],[131.7054,34.5596],[131.7028,34.5651],[131.7132,34.5628],[131.7167,34.5703],[131.7204,34.5725],[131.7244,34.572],[131.7276,34.5765],[131.7258,34.5801],[131.72,34.583],[131.7202,34.5919],[131.7174,34.5989],[131.7198,34.6007],[131.7169,34.606],[131.7184,34.6134],[131.7103,34.6145],[131.7102,34.6128],[131.7067,34.6129],[131.6948,34.6207],[131.6962,34.6229],[131.6942,34.6277],[131.6983,34.6318],[131.6964,34.6344],[131.6981,34.6405],[131.6971,34.6435],[131.7005,34.6492],[131.6949,34.6488],[131.6944,34.6507],[131.6965,34.6524],[131.6952,34.656],[131.6888,34.6568],[131.6899,34.6632],[131.6839,34.6688],[131.6884,34.6718],[131.6925,34.6869],[131.6732,34.7003],[131.6468,34.7393],[131.6327,34.8425],[131.5352,34.9355],[131.4712,35.0008],[131.4619,35.0783],[131.0686,34.9924],[131.0398,34.9847],[131.0218,34.9779],[130.9962,34.9659],[130.3979,34.6475],[130.4771,34.2917],[130.4517,34.1997],[130.4809,34.1688],[130.6808,34.0921],[130.7303,34.0718],[130.7756,34.0487],[130.797,34.0507],[130.8403,34.0478],[130.8533,34.024],[130.8629,34.0157],[130.8555,33.9757],[130.8583,33.9706],[130.8661,33.9654],[130.8666,33.9463],[130.8928,33.9111],[130.8974,33.9072],[130.9098,33.9044],[130.924,33.908],[130.9306,33.9173],[130.9418,33.9421],[130.9527,33.9506],[130.9594,33.9622],[130.9625,33.964],[130.9839,33.9694],[130.9989,33.9759],[131.0055,33.9771],[131.0784,33.9727],[131.0898,33.951],[131.0926,33.921],[131.098,33.9037],[131.1354,33.8565],[131.1515,33.8406],[131.1944,33.8029],[131.2179,33.7738],[131.2495,33.7682],[131.3354,33.7661],[131.3818,33.7951],[131.4182,33.8127],[131.4611,33.8234],[131.5149,33.8249],[131.5677,33.8456],[131.6619,33.8348],[131.7182,33.8315],[131.7541,33.8331],[131.7951,33.8158],[131.8276,33.7244],[131.8364,33.707],[131.8435,33.6795],[131.8838,33.6434],[131.9225,33.5961],[131.9653,33.5529],[132.0231,33.5654],[132.0372,33.5702],[132.1169,33.5756],[132.1781,33.5863],[132.2163,33.6006],[132.2598,33.6231],[132.2699,33.6303],[132.2888,33.6361],[132.3097,33.6449],[132.3374,33.6645],[132.3686,33.6723],[132.4513,33.7807],[132.4742,33.8003],[132.4464,33.8587],[132.5026,33.8902],[132.503,33.893],[132.4956,33.9216],[132.4907,33.9327],[132.5112,33.9507],[132.5111,33.9558],[132.507,33.958],[132.4989,33.9583],[132.4832,33.9682],[132.474,33.9993],[132.4761,34.0077],[132.4718,34.0171],[132.4507,34.0376],[132.4472,34.0433],[132.4214,34.0711],[132.3957,34.0887],[132.3742,34.1087],[132.3695,34.11]]]]},"properties":{"zone":3,"name":"山口県"}},{"type":"Feature","geometry":{"type":"MultiPolygon","coordinates":[[[[131.7646,34.3817],[131.7636,34.3771],[131.7673,34.3744],[131.7659,34.3717],[131.7674,34.3672],[131.7652,34.3641],[131.7685,34.3618],[131.7712,34.3558],[131.7776,34.354],[131.779,34.3502],[131.7793,34.3439],[131.7752,34.34],[131.7746,34.3375],[131.7769,34.3335],[131.7821,34.3329],[131.7881,34.3288],[131.7906,34.3301],[131.7959,34.3269],[131.7959,34.3206],[131.7975,34.3178],[131.8024,34.317],[131.8063,34.3124],[131.8131,34.3124],[131.8163,34.3105],[131.8204,34.3024],[131.8235,34.3053],[131.8314,34.3026],[131.8342,34.3113],[131.8411,34.3083],[131.8452,34.311],[131.8507,34.3066],[131.86,34.3046],[131.8651,34.3061],[131.8696,34.305],[131.8733,34.3087],[131.8813,34.3086],[131.8858,34.311],[131.8864,34.3137],[131.884,34.3213],[131.8864,34.3227],[131.8875,34.3272],[131.8995,34.3182],[131.904,34.3233],[131.9115,34.3277],[131.915,34.3355],[131.9193,34.3381],[131.9215,34.3355],[131.93,34.3333],[131.933,34.3279],[131.9379,34.3274],[131.9436,34.3234],[131.9454,34.3237],[131.9447,34.3207],[131.9549,34.3107],[131.9556,34.308],[131.9591,34.3064],[131.9635,34.3136],[131.9608,34.321],[131.9627,34.3232],[131.9702,34.3235],[131.9754,34.3318],[131.9741,34.3414],[131.9807,34.3434],[131.982,34.3497],[131.9896,34.3524],[131.9978,34.3649],[132.0016,34.3663],[132.0075,34.3648],[132.0121,34.3674],[132.0135,34.3713],[132.0118,34.375],[132.0135,34.3821],[132.0071,34.3863],[132.0073,34.3904],[132.0003,34.3973],[131.9975,34.4071],[131.9944,34.4082],[131.9941,34.4108],[131.9899,34.4134],[131.9967,34.424],[131.9975,34.4279],[132.0059,34.4323],[132.0098,34.4313],[132.0111,34.4343],[132.0162,34.4375],[132.0173,34.4403],[132.0161,34.4418],[132.0169,34.4449],[132.0154,34.4521],[132.0189,34.4566],[132.0221,34.4576],[132.0232,34.4591],[132.0221,34.4602],[132.0251,34.4624],[132.0284,34.4616],[132.0348,34.4634],[132.039,34.4689],[132.0415,34.468],[132.0473,34.4694],[132.0506,34.4662],[132.0638,34.4689],[132.0686,34.4677],[132.0649,34.4758],[132.0572,34.4822],[132.0597,34.4923],[132.0538,34.496],[132.0522,34.4989],[132.0475,34.5004],[132.0393,34.4995],[132.0365,34.5012],[132.0488,34.5154],[132.0473,34.5188],[132.0513,34.5285],[132.0524,34.5303],[132.0579,34.5296],[132.0631,34.5322],[132.0637,34.534],[132.084,34.5375],[132.0882,34.5415],[132.0892,34.5448],[132.0963,34.549],[132.1,34.555],[132.1069,34.5572],[132.1095,34.5612],[132.1139,34.5627],[132.119,34.5724],[132.118,34.5785],[132.1255,34.5832],[132.1245,34.5893],[132.1297,34.5955],[132.1176,34.6018],[132.1163,34.6125],[132.1217,34.6176],[132.1233,34.6237],[132.1308,34.6292],[132.1305,34.6346],[132.1267,34.639],[132.1278,34.6418],[132.1337,34.6441],[132.1337,34.6482],[132.1372,34.6482],[132.1362,34.65],[132.1372,34.6519],[132.1453,34.6614],[132.1476,34.6621],[132.1469,34.6659],[132.1545,34.6748],[132.1548,34.6788],[132.1619,34.6831],[132.1598,34.6847],[132.1611,34.6881],[132.1583,34.6924],[132.1444,34.694],[132.1422,34.6916],[132.1367,34.6947],[132.1356,34.6973],[132.1295,34.6994],[132.132,34.7023],[132.1308,34.708],[132.1358,34.7071],[132.1374,34.7095],[132.1415,34.71],[132.1432,34.7113],[132.1418,34.7131],[132.1433,34.7162],[132.1512,34.7179],[132.1554,34.723],[132.1642,34.7258],[132.1671,34.7291],[132.174,34.7312],[132.178,34.7368],[132.1815,34.7346],[132.1892,34.7336],[132.1919,34.7374],[132.1965,34.7384],[132.1957,34.7444],[132.2025,34.7487],[132.2099,34.7449],[132.2147,34.7455],[132.2224,34.7495],[132.2214,34.7522],[132.2247,34.7575],[132.2222,34.7603],[132.2269,34.7649],[132.2251,34.7699],[132.2286,34.7708],[132.2291,34.7733],[132.2343,34.7737],[132.2328,34.7761],[132.236,34.7768],[132.2427,34.783],[132.2412,34.7876],[132.2429,34.7896],[132.2418,34.7944],[132.2436,34.7988],[132.2394,34.7993],[132.2383,34.8016],[132.2417,34.8061],[132.2596,34.8068],[132.2607,34.805],[132.2671,34.8027],[132.2698,34.7983],[132.2736,34.7999],[132.2781,34.799],[132.2784,34.7969],[132.2745,34.792],[132.2793,34.7899],[132.2802,34.7835],[132.2898,34.7782],[132.2934,34.7792],[132.2979,34.7766],[132.3006,34.7845],[132.3067,34.7897],[132.3058,34.7933],[132.313,34.797],[132.3157,34.8014],[132.3183,34.8016],[132.3195,34.7974],[132.3233,34.7935],[132.3345,34.79],[132.3468,34.7934],[132.352,34.7981],[132.3564,34.7968],[132.3609,34.8001],[132.3743,34.801],[132.383,34.7949],[132.3814,34.7858],[132.3882,34.7826],[132.3928,34.7837],[132.3967,34.7794],[132.3989,34.781],[132.3991,34.7841],[132.4037,34.7867],[132.4068,34.7895],[132.4069,34.7917],[132.4146,34.7978],[132.4203,34.7973],[132.4248,34.7992],[132.4244,34.8069],[132.4209,34.8138],[132.4255,34.8125],[132.4299,34.8142],[132.4333,34.8172],[132.4339,34.82],[132.4367,34.821],[132.446,34.8152],[132.4463,34.8123],[132.4567,34.8074],[132.4567,34.8043],[132.4532,34.8028],[132.4543,34.8007],[132.4577,34.8025],[132.4715,34.8023],[132.4747,34.7996],[132.4801,34.8],[132.4839,34.7971],[132.495,34.8014],[132.4984,34.7988],[132.5011,34.7995],[132.5056,34.796],[132.5076,34.7964],[132.5113,34.8014],[132.5135,34.8008],[132.5197,34.804],[132.5272,34.7989],[132.5381,34.795],[132.5436,34.7966],[132.5465,34.8026],[132.5541,34.8083],[132.5678,34.8062],[132.5693,34.8116],[132.5823,34.817],[132.5858,34.823],[132.59,34.8211],[132.592,34.8236],[132.5921,34.827],[132.5988,34.8315],[132.5992,34.8336],[132.6005,34.8316],[132.6044,34.8306],[132.6122,34.833],[132.6108,34.8376],[132.6118,34.8402],[132.6131,34.8392],[132.6152,34.8415],[132.6147,34.843],[132.6312,34.8431],[132.6326,34.8427],[132.6316,34.8416],[132.6329,34.84],[132.6362,34.839],[132.6366,34.8408],[132.644,34.8375],[132.6475,34.8401],[132.6523,34.8405],[132.6533,34.8369],[132.6621,34.8321],[132.6697,34.8328],[132.6725,34.8453],[132.6804,34.8517],[132.6915,34.8506],[132.6912,34.847],[132.693,34.8442],[132.6984,34.8428],[132.7025,34.8473],[132.7106,34.8499],[132.7108,34.8523],[132.7101,34.8586],[132.7059,34.8633],[132.701,34.8817],[132.6881,34.8846],[132.6802,34.8847],[132.6787,34.8907],[132.6752,34.8945],[132.6636,34.8897],[132.6598,34.8914],[132.6557,34.8995],[132.6506,34.9008],[132.6456,34.899],[132.6358,34.8987],[132.6335,34.9009],[132.634,34.9048],[132.6412,34.9038],[132.6428,34.909],[132.6479,34.9112],[132.6515,34.9178],[132.6513,34.9204],[132.6557,34.9232],[132.6609,34.9233],[132.6658,34.9277],[132.6666,34.9306],[132.6758,34.9326],[132.6798,34.9415],[132.6844,34.9461],[132.6852,34.9506],[132.6983,34.9536],[132.7021,34.9515],[132.7073,34.9551],[132.7118,34.9528],[132.7143,34.9534],[132.7171,34.9492],[132.7204,34.9481],[132.7273,34.9527],[132.726,34.9543],[132.7277,34.9564],[132.7374,34.9597],[132.7386,34.9623],[132.7405,34.961],[132.7406,34.9567],[132.7425,34.9563],[132.7439,34.9585],[132.7497,34.9603],[132.7508,34.9651],[132.7493,34.9658],[132.753,34.9668],[132.7451,34.9768],[132.7488,34.9789],[132.7559,34.9773],[132.7643,34.983],[132.7687,34.9839],[132.7653,34.9893],[132.7669,34.9913],[132.7634,34.9929],[132.7653,34.9942],[132.7656,34.9967],[132.7765,34.9985],[132.7815,35.0033],[132.7878,35.0048],[132.7865,35.0089],[132.7886,35.0158],[132.8088,35.0286],[132.811,35.0319],[132.8097,35.0343],[132.8133,35.0359],[132.8137,35.0406],[132.8274,35.0471],[132.831,35.0456],[132.8367,35.047],[132.8371,35.0525],[132.8329,35.0549],[132.8281,35.0621],[132.8354,35.0691],[132.8392,35.0704],[132.8407,35.0742],[132.8448,35.0769],[132.846,35.0809],[132.8585,35.0892],[132.8613,35.0956],[132.8698,35.0989],[132.8729,35.1022],[132.8775,35.1017],[132.8879,35.1057],[132.8953,35.1048],[132.8974,35.1041],[132.8972,35.1016],[132.9028,35.0966],[132.9095,35.0862],[132.9236,35.0843],[132.9261,35.0805],[132.9342,35.0839],[132.9369,35.0812],[132.9504,35.0754],[132.9552,35.0782],[132.9657,35.0796],[132.9747,35.083],[132.9772,35.0861],[132.9798,35.0867],[132.9787,35.0911],[132.9825,35.0976],[132.9908,35.1013],[132.9924,35.0982],[133.0001,35.0972],[133.0035,35.0903],[133.0074,35.0905],[133.0145,35.0877],[133.016,35.0858],[133.016,35.0819],[133.0146,35.0815],[133.0164,35.0784],[133.0253,35.0773],[133.0281,35.0736],[133.0314,35.0729],[133.034,35.0682],[133.0434,35.0676],[133.0521,35.0697],[133.0608,35.0815],[133.0685,35.0799],[133.0726,35.0821],[133.0809,35.0808],[133.086,35.078],[133.0964,35.0854],[133.1022,35.0823],[133.1068,35.0824],[133.1113,35.0856],[133.1134,35.0856],[133.1139,35.0839],[133.1195,35.0849],[133.1256,35.0813],[133.1266,35.0769],[133.1342,35.0762],[133.1362,35.0742],[133.1408,35.0756],[133.1395,35.0792],[133.1422,35.0813],[133.1375,35.0851],[133.1381,35.0878],[133.1367,35.0906],[133.1386,35.0958],[133.141,35.0975],[133.1398,35.1],[133.1455,35.105],[133.1442,35.1112],[133.1421,35.1127],[133.1402,35.1181],[133.1466,35.1236],[133.1451,35.1313],[133.1486,35.1372],[133.1485,35.14],[133.1549,35.1439],[133.1551,35.1474],[133.1575,35.1489],[133.1659,35.1491],[133.1706,35.1534],[133.1839,35.1567],[133.1886,35.1617],[133.1919,35.1627],[133.1949,35.1699],[133.1934,35.1727],[133.1937,35.1774],[133.1905,35.1803],[133.1894,35.1846],[133.1853,35.1852],[133.1821,35.1881],[133.1847,35.1954],[133.182,35.2014],[133.1763,35.2052],[133.1735,35.2055],[133.172,35.2087],[133.1688,35.2094],[133.1639,35.2064],[133.1597,35.2066],[133.1581,35.204],[133.1527,35.2038],[133.151,35.2069],[133.1534,35.2098],[133.1514,35.2128],[133.1526,35.219],[133.1552,35.2192],[133.1577,35.2223],[133.1621,35.2237],[133.1633,35.2226],[133.1723,35.2273],[133.1717,35.229],[133.1773,35.2304],[133.1816,35.2344],[133.1896,35.2368],[133.1924,35.2359],[133.1981,35.2399],[133.2063,35.2421],[133.212,35.2417],[133.2226,35.2491],[133.2256,35.2496],[133.2278,35.2469],[133.2322,35.2466],[133.24,35.2506],[133.2434,35.2504],[133.2458,35.2547],[133.2502,35.2565],[133.2533,35.26],[133.2585,35.2614],[133.2641,35.2584],[133.2757,35.2579],[133.282,35.2624],[133.2917,35.2607],[133.2957,35.2641],[133.3025,35.2631],[133.3049,35.2657],[133.3106,35.2679],[133.3074,35.2817],[133.2995,35.2919],[133.307,35.3034],[133.3024,35.3055],[133.2925,35.3206],[133.2986,35.3251],[133.2956,35.3289],[133.2972,35.3382],[133.2952,35.3408],[133.296,35.3494],[133.3005,35.3537],[133.3077,35.3658],[133.316,35.3655],[133.3193,35.369],[133.3185,35.3733],[133.3212,35.3725],[133.3249,35.3741],[133.319,35.3835],[133.3156,35.3856],[133.3159,35.387],[133.3136,35.3873],[133.3153,35.392],[133.3212,35.3957],[133.3199,35.3974],[133.3199,35.3995],[133.3217,35.4004],[133.3206,35.4103],[133.3087,35.4309],[133.3007,35.4363],[133.272,35.446],[133.2225,35.4802],[133.2158,35.496],[133.1986,35.526],[133.1982,35.529],[133.201,35.5352],[133.2219,35.5476],[133.2338,35.5494],[133.2504,35.5492],[133.2656,35.5536],[133.2728,35.5541],[133.2755,35.5528],[133.2843,35.5426],[133.2908,35.5305],[133.3096,35.5181],[133.3325,35.515],[133.35,35.5156],[133.3743,35.5196],[133.3956,35.5395],[133.4364,35.5682],[133.4736,35.6168],[133.501,35.6634],[133.5283,35.7282],[133.5081,35.7433],[133.4794,35.7601],[133.4486,35.773],[133.4147,35.7825],[133.3887,35.787],[133.3493,35.7894],[133.3155,35.7871],[133.2829,35.7814],[133.2526,35.7835],[133.2226,35.7826],[133.17,35.7971],[133.1479,35.8017],[133.1727,35.8088],[133.2048,35.8219],[133.2247,35.8327],[133.2519,35.8516],[133.2691,35.8669],[133.2844,35.8835],[133.2973,35.901],[133.308,35.9195],[133.3383,35.9429],[133.3626,35.9697],[133.3984,35.9743],[133.4328,35.9829],[133.4554,35.991],[133.4766,36.0009],[133.5062,36.0189],[133.5211,36.0304],[133.5448,36.0536],[133.5896,36.1131],[133.5985,36.1281],[133.6089,36.1514],[133.6225,36.2004],[133.6321,36.2263],[133.6381,36.2619],[133.6371,36.2907],[133.631,36.3192],[133.6242,36.3373],[133.6157,36.3544],[133.5861,36.4008],[133.573,36.417],[133.558,36.432],[133.539,36.4475],[133.5223,36.4587],[133.4917,36.4747],[133.4298,36.5159],[133.4076,36.5277],[133.3842,36.5375],[133.3607,36.545],[133.3139,36.5537],[133.2782,36.5558],[133.2521,36.5548],[133.2264,36.5517],[133.1891,36.543],[133.1455,36.5258],[133.1249,36.5142],[133.0839,36.4954],[133.065,36.4839],[133.04,36.4648],[133.0204,36.4447],[132.9887,36.4159],[132.9689,36.3937],[132.9489,36.3617],[132.9363,36.327],[132.9157,36.3207],[132.8881,36.3092],[132.8265,36.2729],[132.7959,36.2506],[132.7636,36.2196],[132.7355,36.1864],[132.7197,36.1615],[132.7063,36.1291],[132.6996,36.0964],[132.6993,36.0559],[132.7014,36.0371],[132.7089,36.0094],[132.7211,35.9825],[132.7323,35.9651],[132.7453,35.9486],[132.7602,35.9334],[132.7865,35.9123],[132.802,35.8912],[132.8205,35.8718],[132.8342,35.8603],[132.8568,35.8446],[132.9134,35.8153],[132.9579,35.8007],[133.0047,35.7932],[132.9762,35.7835],[132.9501,35.7714],[132.9263,35.757],[132.898,35.7363],[132.8621,35.726],[132.8287,35.7115],[132.8006,35.7066],[132.7398,35.6905],[132.694,35.6718],[132.6405,35.6579],[132.6149,35.6487],[132.5907,35.6374],[132.566,35.632],[132.5421,35.6245],[132.5121,35.6115],[132.4692,35.5869],[132.4349,35.562],[132.4189,35.5473],[132.3981,35.5229],[132.386,35.5036],[132.3759,35.4817],[132.3689,35.459],[132.3651,35.4356],[132.3655,35.4043],[132.3424,35.3922],[132.3102,35.3714],[132.2744,35.3534],[132.2434,35.3311],[132.1948,35.2834],[132.1729,35.2513],[132.1518,35.2341],[132.1415,35.2236],[131.4619,35.0783],[131.4712,35.0008],[131.5352,34.9355],[131.6327,34.8425],[131.6468,34.7393],[131.6732,34.7003],[131.6925,34.6869],[131.6884,34.6718],[131.6839,34.6688],[131.6899,34.6632],[131.6888,34.6568],[131.6952,34.656],[131.6965,34.6524],[131.6944,34.6507],[131.6949,34.6488],[131.7005,34.6492],[131.6971,34.6435],[131.6981,34.6405],[131.6964,34.6344],[131.6983,34.6318],[131.6942,34.6277],[131.6962,34.6229],[131.6948,34.6207],[131.7067,34.6129],[131.7102,34.6128],[131.7103,34.6145],[131.7184,34.6134],[131.7169,34.606],[131.7198,34.6007],[131.7174,34.5989],[131.7202,34.5919],[131.72,34.583],[131.7258,34.5801],[131.7276,34.5765],[131.7244,34.572],[131.7204,34.5725],[131.7167,34.5703],[131.7132,34.5628],[131.7028,34.5651],[131.7054,34.5596],[131.7009,34.551],[131.7031,34.5505],[131.7056,34.5449],[131.7049,34.5415],[131.7008,34.5377],[131.7067,34.5329],[131.7014,34.5306],[131.6953,34.5238],[131.6877,34.5213],[131.6858,34.517],[131.6814,34.5185],[131.6732,34.511],[131.6693,34.5107],[131.668,34.5041],[131.6753,34.5011],[131.6798,34.4933],[131.6821,34.4932],[131.6824,34.4882],[131.6806,34.4852],[131.6823,34.4788],[131.6884,34.479],[131.6934,34.4816],[131.6962,34.4808],[131.6991,34.477],[131.6989,34.4701],[131.6939,34.4655],[131.6966,34.4576],[131.6955,34.4546],[131.6991,34.4523],[131.6972,34.4462],[131.6939,34.4438],[131.697,34.4355],[131.7022,34.4359],[131.7098,34.432],[131.7129,34.4285],[131.7173,34.43],[131.7228,34.4289],[131.7295,34.4327],[131.7378,34.4286],[131.7415,34.4291],[131.7452,34.4352],[131.7554,34.4404],[131.7573,34.4394],[131.7569,34.4362],[131.7614,34.4337],[131.7708,34.4371],[131.7729,34.435],[131.7765,34.4348],[131.78,34.4357],[131.7876,34.4344],[131.7938,34.4362],[131.7955,34.4332],[131.7942,34.4253],[131.7871,34.4132],[131.788,34.4083],[131.7854,34.4057],[131.7848,34.3999],[131.7786,34.3985],[131.7739,34.3935],[131.7729,34.3874],[131.7667,34.3849],[131.7646,34.3817]]]]},"properties":{"zone":3,"name":"島根県"}},{"type":"Feature","geometry":{"type":"MultiPolygon","coordinates":[[[[132.1255,34.5832],[132.118,34.5785],[132.119,34.5724],[132.1139,34.5627],[132.1095,34.5612],[132.1069,34.5572],[132.1,34.555],[132.0963,34.549],[132.0892,34.5448],[132.0882,34.5415],[132.084,34.5375],[132.0637,34.534],[132.0631,34.5322],[132.0578,34.5295],[132.0524,34.5303],[132.0477,34.5212],[132.0488,34.5154],[132.0426,34.5069],[132.0365,34.5019],[132.0393,34.4995],[132.0475,34.5004],[132.0522,34.4989],[132.0538,34.496],[132.0598,34.4922],[132.0597,34.4891],[132.0574,34.4866],[132.0574,34.4818],[132.0614,34.4795],[132.0669,34.473],[132.0664,34.4703],[132.069,34.4671],[132.0679,34.465],[132.071,34.4629],[132.0715,34.4583],[132.0754,34.4541],[132.081,34.4435],[132.0749,34.4318],[132.0751,34.4262],[132.0774,34.4256],[132.074,34.424],[132.0735,34.4194],[132.0688,34.416],[132.0746,34.4022],[132.073,34.4016],[132.0734,34.3984],[132.0707,34.3958],[132.0722,34.3944],[132.0698,34.391],[132.0774,34.3892],[132.0778,34.3879],[132.0725,34.3772],[132.0749,34.3737],[132.0704,34.3709],[132.072,34.3653],[132.0698,34.3563],[132.0767,34.3555],[132.0853,34.3579],[132.0878,34.3519],[132.093,34.3514],[132.1014,34.3451],[132.101,34.3366],[132.1075,34.3281],[132.1098,34.3277],[132.1117,34.3302],[132.1191,34.3305],[132.1216,34.3335],[132.1274,34.3329],[132.127,34.3308],[132.1295,34.3269],[132.1284,34.3253],[132.1292,34.3224],[132.124,34.3198],[132.1248,34.3146],[132.1226,34.3104],[132.1245,34.3063],[132.1295,34.304],[132.124,34.2966],[132.1285,34.2961],[132.1252,34.2931],[132.1256,34.2909],[132.1297,34.2945],[132.1401,34.2849],[132.1398,34.2822],[132.1355,34.278],[132.1336,34.272],[132.136,34.2693],[132.1354,34.2667],[132.1401,34.2606],[132.1446,34.2595],[132.1464,34.2568],[132.1474,34.2504],[132.1461,34.2434],[132.1439,34.2405],[132.1447,34.2364],[132.1502,34.2372],[132.1509,34.2346],[132.1554,34.233],[132.1569,34.2292],[132.1603,34.2299],[132.1598,34.2339],[132.1641,34.2326],[132.166,34.234],[132.1709,34.2336],[132.1709,34.2291],[132.1673,34.228],[132.1719,34.2251],[132.1808,34.2299],[132.1842,34.2276],[132.1935,34.2265],[132.1931,34.2304],[132.1979,34.2306],[132.1989,34.2297],[132.1968,34.2273],[132.1997,34.2252],[132.2028,34.2286],[132.2049,34.2286],[132.2054,34.2254],[132.1998,34.2194],[132.1933,34.207],[132.1954,34.2044],[132.2022,34.2078],[132.207,34.2033],[132.2102,34.2026],[132.2147,34.2037],[132.2213,34.2083],[132.2514,34.2113],[132.2563,34.2095],[132.2586,34.2065],[132.2618,34.1976],[132.2622,34.1913],[132.2703,34.1709],[132.3136,34.1212],[132.3182,34.1209],[132.321,34.1182],[132.3353,34.1129],[132.3545,34.1103],[132.3723,34.1099],[132.3742,34.1087],[132.3957,34.0887],[132.4214,34.0711],[132.4472,34.0433],[132.4507,34.0376],[132.4718,34.0171],[132.4761,34.0077],[132.5057,34.0094],[132.5614,34.0078],[132.5675,34.0166],[132.5761,34.0454],[132.5809,34.0543],[132.607,34.0747],[132.6412,34.0792],[132.6521,34.0995],[132.7073,34.1176],[132.7109,34.1214],[132.7186,34.1228],[132.758,34.1208],[132.7973,34.0693],[132.8201,34.08],[132.839,34.0939],[132.8451,34.1016],[132.8458,34.1189],[132.8529,34.127],[132.872,34.1415],[132.8807,34.146],[132.8749,34.1611],[132.8723,34.1783],[132.8608,34.1922],[132.8597,34.1999],[132.8725,34.202],[132.8827,34.2009],[132.9103,34.2031],[132.9224,34.2075],[132.9291,34.2184],[132.9341,34.2322],[132.9347,34.2408],[132.9513,34.2694],[132.9605,34.2952],[132.9665,34.3043],[132.9889,34.2967],[132.9936,34.2968],[133.0175,34.3094],[133.0244,34.3081],[133.0486,34.2853],[133.053,34.2842],[133.0587,34.2726],[133.0625,34.2574],[133.065,34.253],[133.0813,34.2444],[133.1136,34.2529],[133.1154,34.2575],[133.1242,34.2686],[133.148,34.2839],[133.1513,34.2882],[133.1539,34.2966],[133.167,34.2942],[133.1732,34.2912],[133.1798,34.2793],[133.187,34.2749],[133.1949,34.2727],[133.1991,34.2746],[133.2094,34.2886],[133.2254,34.2991],[133.2379,34.3132],[133.2929,34.3201],[133.3519,34.2959],[133.3677,34.284],[133.372,34.272],[133.3726,34.2611],[133.4264,34.2337],[133.4699,34.2322],[133.4856,34.2518],[133.4974,34.3021],[133.4931,34.3194],[133.4734,34.3371],[133.4823,34.3492],[133.486,34.3612],[133.4755,34.3789],[133.4759,34.4028],[133.4589,34.4425],[133.4509,34.4528],[133.4504,34.4733],[133.4463,34.4785],[133.4459,34.4832],[133.449,34.4859],[133.4486,34.4883],[133.4515,34.492],[133.4554,34.4949],[133.4564,34.4999],[133.4534,34.5067],[133.4449,34.5059],[133.4465,34.5118],[133.45,34.5123],[133.4472,34.5205],[133.4544,34.5315],[133.4514,34.5384],[133.4487,34.5397],[133.4492,34.545],[133.4475,34.549],[133.4454,34.5499],[133.4462,34.5563],[133.4403,34.5593],[133.4351,34.5658],[133.4312,34.5663],[133.4267,34.5691],[133.4277,34.5714],[133.4229,34.5793],[133.4222,34.5866],[133.4132,34.5867],[133.4128,34.5892],[133.4058,34.5893],[133.397,34.5949],[133.3982,34.5976],[133.3959,34.6053],[133.3923,34.6081],[133.3928,34.6117],[133.3848,34.6168],[133.3836,34.6198],[133.3847,34.6252],[133.3919,34.6311],[133.3872,34.6364],[133.3891,34.6397],[133.3878,34.641],[133.3885,34.6434],[133.3907,34.6438],[133.392,34.6497],[133.3949,34.6497],[133.3965,34.6521],[133.3964,34.6559],[133.4002,34.6599],[133.4034,34.6719],[133.3968,34.6755],[133.3946,34.6737],[133.3926,34.6758],[133.3858,34.6773],[133.3827,34.6803],[133.3867,34.6849],[133.3814,34.6917],[133.3742,34.6954],[133.3745,34.7012],[133.3721,34.705],[133.3733,34.7077],[133.3698,34.7097],[133.3716,34.7132],[133.3685,34.7182],[133.3698,34.7228],[133.3617,34.7268],[133.3582,34.7333],[133.3609,34.7345],[133.3704,34.7469],[133.3673,34.7496],[133.3681,34.7522],[133.3669,34.7539],[133.3618,34.7556],[133.3644,34.7599],[133.3677,34.7615],[133.3646,34.7673],[133.3669,34.7685],[133.3674,34.7743],[133.3703,34.7753],[133.3724,34.78],[133.3768,34.7818],[133.3705,34.7854],[133.3697,34.7892],[133.3776,34.7971],[133.3766,34.8009],[133.3784,34.8025],[133.3781,34.8084],[133.3745,34.8139],[133.3686,34.8149],[133.3679,34.819],[133.3587,34.8198],[133.3565,34.8265],[133.353,34.8306],[133.347,34.8316],[133.3482,34.8287],[133.3422,34.8303],[133.339,34.8341],[133.336,34.8348],[133.3326,34.8404],[133.3355,34.8446],[133.3345,34.8474],[133.3307,34.8495],[133.3311,34.8513],[133.3289,34.853],[133.3313,34.8557],[133.3234,34.859],[133.3225,34.8609],[133.3242,34.8622],[133.324,34.8645],[133.3168,34.8672],[133.3146,34.8692],[133.3144,34.8728],[133.3092,34.8743],[133.3066,34.8775],[133.3059,34.8819],[133.3011,34.8845],[133.2969,34.8899],[133.2979,34.8909],[133.2952,34.8957],[133.297,34.8997],[133.2941,34.9032],[133.2983,34.9065],[133.2975,34.9094],[133.3032,34.9132],[133.3048,34.9175],[133.3019,34.9289],[133.3094,34.937],[133.2973,34.956],[133.3019,34.9605],[133.3014,34.9633],[133.3049,34.965],[133.3031,34.9721],[133.3108,34.9746],[133.3146,34.9817],[133.3202,34.9836],[133.3218,34.9885],[133.3192,34.9985],[133.3218,35.0061],[133.3156,35.0125],[133.3045,35.0154],[133.3032,35.0205],[133.2969,35.0247],[133.2958,35.0295],[133.2908,35.0362],[133.2852,35.0407],[133.2797,35.0413],[133.2746,35.0447],[133.2734,35.0478],[133.269,35.05],[133.2668,35.053],[133.2691,35.0577],[133.2654,35.0616],[133.2608,35.0634],[133.2538,35.0752],[133.2496,35.079],[133.2439,35.0782],[133.2392,35.0795],[133.2358,35.0772],[133.2323,35.0774],[133.2334,35.0699],[133.2301,35.068],[133.2109,35.0742],[133.1804,35.0689],[133.1795,35.0673],[133.1732,35.0693],[133.1683,35.0675],[133.161,35.0742],[133.1583,35.0716],[133.1539,35.0719],[133.1527,35.069],[133.1482,35.0669],[133.1463,35.0678],[133.1421,35.0647],[133.1363,35.0696],[133.1364,35.0743],[133.1342,35.0762],[133.1266,35.0769],[133.1261,35.0806],[133.1222,35.084],[133.1149,35.0849],[133.1139,35.0839],[133.1122,35.0857],[133.1068,35.0824],[133.102,35.0823],[133.0964,35.0854],[133.086,35.078],[133.0809,35.0808],[133.0726,35.0821],[133.0685,35.0799],[133.0608,35.0815],[133.0521,35.0697],[133.0434,35.0676],[133.034,35.0682],[133.0314,35.0729],[133.0281,35.0736],[133.0253,35.0773],[133.0164,35.0784],[133.0146,35.0815],[133.016,35.0819],[133.016,35.0858],[133.0145,35.0877],[133.0074,35.0905],[133.0035,35.0903],[133.0001,35.0972],[132.9924,35.0982],[132.9908,35.1013],[132.9825,35.0976],[132.9787,35.0911],[132.9798,35.0867],[132.9772,35.0861],[132.9747,35.083],[132.9657,35.0796],[132.9552,35.0782],[132.9504,35.0754],[132.9369,35.0812],[132.9342,35.0839],[132.9261,35.0805],[132.9236,35.0843],[132.9095,35.0862],[132.9028,35.0966],[132.8972,35.1016],[132.8974,35.1041],[132.8953,35.1048],[132.8879,35.1057],[132.8775,35.1017],[132.8729,35.1022],[132.8698,35.0989],[132.8613,35.0956],[132.8585,35.0892],[132.846,35.0809],[132.8448,35.0769],[132.8407,35.0742],[132.8392,35.0704],[132.8354,35.0691],[132.8281,35.0621],[132.8329,35.0549],[132.8371,35.0525],[132.8367,35.047],[132.831,35.0456],[132.8274,35.0471],[132.8137,35.0406],[132.8133,35.0359],[132.8097,35.0343],[132.811,35.0319],[132.8088,35.0286],[132.7886,35.0158],[132.7865,35.0089],[132.7878,35.0048],[132.7815,35.0033],[132.7765,34.9985],[132.7656,34.9967],[132.7653,34.9942],[132.7634,34.9929],[132.7669,34.9913],[132.7653,34.9893],[132.7687,34.9839],[132.7643,34.983],[132.7559,34.9773],[132.7488,34.9789],[132.7451,34.9768],[132.753,34.9668],[132.7493,34.9658],[132.7508,34.9651],[132.7497,34.9603],[132.7439,34.9585],[132.7425,34.9563],[132.7406,34.9567],[132.7405,34.961],[132.7386,34.9623],[132.7374,34.9597],[132.7277,34.9564],[132.726,34.9543],[132.7273,34.9527],[132.7204,34.9481],[132.7171,34.9492],[132.7143,34.9534],[132.7118,34.9528],[132.7073,34.9551],[132.7021,34.9515],[132.6983,34.9536],[132.6852,34.9506],[132.6844,34.9461],[132.6798,34.9415],[132.6758,34.9326],[132.6666,34.9306],[132.6658,34.9277],[132.6609,34.9233],[132.6557,34.9232],[132.6513,34.9204],[132.6515,34.9178],[132.6479,34.9112],[132.6428,34.909],[132.6412,34.9038],[132.634,34.9048],[132.6335,34.9009],[132.6358,34.8987],[132.6456,34.899],[132.6506,34.9008],[132.6557,34.8995],[132.6598,34.8914],[132.6636,34.8897],[132.6752,34.8945],[132.6787,34.8907],[132.6802,34.8847],[132.6881,34.8846],[132.701,34.8817],[132.7059,34.8633],[132.7101,34.8586],[132.7108,34.8523],[132.7106,34.8499],[132.7025,34.8473],[132.6987,34.8429],[132.693,34.8442],[132.6912,34.847],[132.6915,34.8506],[132.6804,34.8517],[132.6725,34.8453],[132.6697,34.8328],[132.6621,34.8321],[132.6533,34.8369],[132.6523,34.8405],[132.6475,34.8401],[132.644,34.8375],[132.6366,34.8408],[132.6362,34.839],[132.6329,34.84],[132.6316,34.8416],[132.6326,34.8427],[132.6312,34.8431],[132.6147,34.843],[132.6152,34.8415],[132.6131,34.8392],[132.6118,34.8402],[132.6108,34.8376],[132.6122,34.833],[132.6044,34.8306],[132.6005,34.8316],[132.5992,34.8336],[132.5988,34.8315],[132.5921,34.827],[132.592,34.8236],[132.59,34.8211],[132.5858,34.823],[132.5823,34.817],[132.5693,34.8116],[132.5678,34.8062],[132.5541,34.8083],[132.5465,34.8026],[132.5436,34.7966],[132.5381,34.795],[132.5272,34.7989],[132.5197,34.804],[132.5135,34.8008],[132.5113,34.8014],[132.5076,34.7964],[132.5056,34.796],[132.5011,34.7995],[132.4984,34.7988],[132.495,34.8014],[132.4839,34.7971],[132.4801,34.8],[132.4747,34.7996],[132.4715,34.8023],[132.4577,34.8025],[132.4543,34.8007],[132.4532,34.8028],[132.4567,34.8043],[132.4567,34.8074],[132.4463,34.8123],[132.446,34.8152],[132.4367,34.821],[132.4339,34.82],[132.4333,34.8172],[132.4299,34.8142],[132.4255,34.8125],[132.4209,34.8138],[132.4244,34.8069],[132.4248,34.7992],[132.4203,34.7973],[132.4146,34.7978],[132.4069,34.7917],[132.4068,34.7895],[132.4037,34.7867],[132.3991,34.7841],[132.3989,34.781],[132.3967,34.7794],[132.3928,34.7837],[132.3882,34.7826],[132.3814,34.7858],[132.383,34.7949],[132.3743,34.801],[132.3609,34.8001],[132.3564,34.7968],[132.352,34.7981],[132.3468,34.7934],[132.3345,34.79],[132.3233,34.7935],[132.3195,34.7974],[132.3183,34.8016],[132.3157,34.8014],[132.313,34.797],[132.3058,34.7933],[132.3067,34.7897],[132.3006,34.7845],[132.2979,34.7766],[132.2934,34.7792],[132.2898,34.7782],[132.2802,34.7835],[132.2793,34.7899],[132.2745,34.792],[132.2784,34.7969],[132.2781,34.799],[132.2736,34.7999],[132.2698,34.7983],[132.2671,34.8027],[132.2607,34.805],[132.2596,34.8068],[132.2417,34.8061],[132.2383,34.8016],[132.2394,34.7993],[132.2436,34.7988],[132.2418,34.7944],[132.2429,34.7896],[132.2412,34.7876],[132.2427,34.783],[132.236,34.7768],[132.2328,34.7761],[132.2343,34.7737],[132.2291,34.7733],[132.2286,34.7708],[132.2251,34.7699],[132.2269,34.7649],[132.2222,34.7603],[132.2247,34.7575],[132.2214,34.7522],[132.2224,34.7495],[132.2147,34.7455],[132.2099,34.7449],[132.2025,34.7487],[132.1957,34.7444],[132.1965,34.7384],[132.1919,34.7374],[132.1892,34.7336],[132.1815,34.7346],[132.178,34.7368],[132.174,34.7312],[132.1671,34.7291],[132.1642,34.7258],[132.1554,34.723],[132.1512,34.7179],[132.1433,34.7162],[132.1418,34.7131],[132.1432,34.7113],[132.1415,34.71],[132.1374,34.7095],[132.1358,34.7071],[132.1308,34.708],[132.132,34.7023],[132.1295,34.6994],[132.1356,34.6973],[132.1367,34.6947],[132.1422,34.6916],[132.1444,34.694],[132.1583,34.6924],[132.1611,34.6881],[132.1598,34.6847],[132.1619,34.6831],[132.1548,34.6788],[132.1545,34.6748],[132.1469,34.6659],[132.1476,34.6621],[132.1453,34.6614],[132.1372,34.6519],[132.1362,34.65],[132.1372,34.6482],[132.1337,34.6482],[132.1337,34.6441],[132.1278,34.6418],[132.1267,34.639],[132.1305,34.6346],[132.1308,34.6292],[132.1233,34.6237],[132.1217,34.6176],[132.1163,34.6125],[132.1176,34.6018],[132.1297,34.5955],[132.1245,34.5893],[132.1255,34.5832]]]]},"properties":{"zone":3,"name":"広島県"}},{"type":"Feature","geometry":{"type":"MultiPolygon","coordinates":[[[[134.1373,34.1467],[134.1353,34.1519],[134.137,34.1547],[134.1407,34.1552],[134.1437,34.1584],[134.1463,34.1653],[134.1526,34.1657],[134.1581,34.1674],[134.1594,34.1697],[134.1634,34.1697],[134.1738,34.1774],[134.1737,34.1753],[134.1776,34.1765],[134.1785,34.1747],[134.1796,34.1761],[134.1798,34.1747],[134.186,34.172],[134.1887,34.1732],[134.1952,34.1719],[134.1987,34.1756],[134.2047,34.1728],[134.216,34.1764],[134.2209,34.1799],[134.2268,34.1778],[134.2284,34.1808],[134.2398,34.1796],[134.2438,34.1807],[134.2474,34.1787],[134.2508,34.1805],[134.2548,34.1802],[134.2603,34.1836],[134.2734,34.1811],[134.2772,34.1765],[134.2856,34.1798],[134.2922,34.1791],[134.2979,34.1686],[134.3009,34.1704],[134.3085,34.1709],[134.3105,34.1746],[134.3146,34.1773],[134.3283,34.1732],[134.334,34.1756],[134.3442,34.1724],[134.3463,34.1753],[134.3481,34.1839],[134.3498,34.1853],[134.3555,34.1853],[134.367,34.1794],[134.3757,34.1718],[134.383,34.1722],[134.3855,34.1651],[134.3937,34.1635],[134.402,34.168],[134.4074,34.1625],[134.4114,34.1615],[134.4129,34.1569],[134.4194,34.1578],[134.4252,34.1657],[134.4339,34.1695],[134.4327,34.1729],[134.4341,34.1746],[134.4338,34.1784],[134.4305,34.179],[134.4292,34.1832],[134.4391,34.1911],[134.4379,34.1941],[134.4407,34.1997],[134.438,34.2155],[134.4393,34.2219],[134.4623,34.2261],[134.4771,34.2435],[134.4915,34.2749],[134.5119,34.3372],[134.5128,34.3663],[134.5089,34.3756],[134.5197,34.385],[134.594,34.4656],[134.5956,34.4692],[134.4505,34.5401],[134.4172,34.5846],[134.3894,34.5951],[134.3683,34.6084],[134.3447,34.6286],[134.283,34.6176],[134.2568,34.5946],[134.2447,34.587],[134.2241,34.5691],[134.2144,34.5644],[134.1969,34.5588],[134.1734,34.5651],[134.1526,34.5645],[134.1304,34.5419],[134.1101,34.5302],[134.1068,34.5268],[134.0656,34.5318],[134.0533,34.5258],[134.0495,34.5132],[134.0227,34.5063],[134.0194,34.5033],[134.0191,34.4984],[134.0166,34.4959],[134.012,34.4962],[134.0098,34.4984],[133.9974,34.4954],[133.9848,34.5146],[133.9763,34.5184],[133.9707,34.5173],[133.9652,34.5136],[133.9646,34.5112],[133.967,34.4932],[133.9438,34.4757],[133.9443,34.4714],[133.9501,34.4628],[133.9501,34.4538],[133.9413,34.4322],[133.9296,34.42],[133.9253,34.4188],[133.8889,34.4189],[133.8668,34.4237],[133.8389,34.4218],[133.8304,34.4149],[133.8239,34.4221],[133.8142,34.4231],[133.8072,34.4307],[133.8018,34.4312],[133.793,34.4298],[133.7751,34.418],[133.7665,34.4169],[133.7626,34.4179],[133.7592,34.4222],[133.7235,34.4288],[133.6995,34.4232],[133.659,34.4381],[133.6489,34.4455],[133.6414,34.449],[133.6285,34.4421],[133.601,34.4241],[133.617,34.3993],[133.6163,34.389],[133.6184,34.3749],[133.6077,34.3637],[133.6015,34.3511],[133.591,34.3378],[133.5864,34.3279],[133.5806,34.299],[133.4856,34.2518],[133.4699,34.2322],[133.4264,34.2337],[133.4069,34.1526],[133.4047,34.1347],[133.3574,34.0847],[133.4198,34.0505],[133.4514,34.044],[133.4813,34.0436],[133.5114,34.0646],[133.5302,34.0689],[133.5535,34.0772],[133.5742,34.0874],[133.5962,34.073],[133.5982,34.0427],[133.6041,34.036],[133.6073,34.0368],[133.6085,34.0344],[133.6134,34.0322],[133.6266,34.038],[133.6296,34.036],[133.6328,34.0298],[133.6361,34.029],[133.6395,34.0254],[133.6444,34.0277],[133.6531,34.0277],[133.6568,34.0299],[133.659,34.0274],[133.6651,34.0272],[133.6701,34.0243],[133.6717,34.0206],[133.6783,34.0181],[133.6773,34.0157],[133.6795,34.0126],[133.6879,34.0123],[133.7004,34.0181],[133.7029,34.0163],[133.7093,34.0156],[133.7218,34.023],[133.7228,34.0368],[133.728,34.0405],[133.7288,34.0441],[133.7332,34.045],[133.7406,34.0503],[133.7494,34.054],[133.7509,34.0565],[133.7587,34.0611],[133.7635,34.0675],[133.7641,34.0707],[133.7685,34.0734],[133.7724,34.0728],[133.7754,34.0745],[133.7784,34.0794],[133.7823,34.0804],[133.7869,34.078],[133.7919,34.0782],[133.79,34.0757],[133.7975,34.0698],[133.8144,34.0735],[133.8172,34.0723],[133.82,34.074],[133.8183,34.0796],[133.8235,34.086],[133.8214,34.091],[133.8229,34.0933],[133.8339,34.0981],[133.8384,34.0953],[133.842,34.0951],[133.85,34.0992],[133.8546,34.1044],[133.8585,34.1057],[133.8653,34.1046],[133.8675,34.1002],[133.885,34.1045],[133.8928,34.1083],[133.903,34.1001],[133.9116,34.1044],[133.9218,34.1143],[133.9392,34.1154],[133.9376,34.1079],[133.9396,34.1049],[133.9444,34.102],[133.9439,34.0946],[133.9457,34.0922],[133.9486,34.0923],[133.9565,34.0883],[133.9591,34.0863],[133.9587,34.0832],[133.9604,34.0819],[133.9686,34.0814],[133.9727,34.073],[133.9776,34.0759],[133.9862,34.0733],[133.9889,34.075],[133.9942,34.0726],[134.0018,34.0749],[134.003,34.0815],[134.0092,34.0866],[134.0163,34.0865],[134.0207,34.0844],[134.0265,34.0851],[134.0277,34.087],[134.0254,34.0919],[134.0282,34.0931],[134.0311,34.0975],[134.0402,34.1009],[134.0421,34.1102],[134.0503,34.1178],[134.0533,34.1183],[134.0573,34.1162],[134.0615,34.1112],[134.0709,34.1128],[134.0718,34.1158],[134.0791,34.1211],[134.0864,34.119],[134.0921,34.115],[134.0961,34.1145],[134.1164,34.1183],[134.1193,34.1202],[134.1226,34.1189],[134.1298,34.1237],[134.1324,34.1294],[134.1391,34.1339],[134.1373,34.1467]]]]},"properties":{"zone":4,"name":"香川県"}},{"type":"Feature","geometry":{"type":"MultiPolygon","coordinates":[[[[133.3574,34.0847],[133.4047,34.1347],[133.4069,34.1526],[133.4264,34.2337],[133.3726,34.2611],[133.372,34.272],[133.3677,34.284],[133.3519,34.2959],[133.2929,34.3201],[133.2379,34.3132],[133.2254,34.2991],[133.2094,34.2886],[133.1991,34.2746],[133.1965,34.2732],[133.1908,34.2732],[133.1798,34.2793],[133.1732,34.2912],[133.1713,34.2923],[133.1539,34.2966],[133.1513,34.2882],[133.148,34.2839],[133.1242,34.2686],[133.1154,34.2575],[133.1136,34.2529],[133.0813,34.2444],[133.065,34.253],[133.0625,34.2574],[133.0587,34.2726],[133.053,34.2842],[133.0486,34.2853],[133.0244,34.3081],[133.0175,34.3094],[132.9936,34.2968],[132.9889,34.2967],[132.9665,34.3043],[132.9605,34.2952],[132.9513,34.2694],[132.9347,34.2408],[132.9341,34.2322],[132.9291,34.2184],[132.9224,34.2075],[132.9103,34.2031],[132.8827,34.2009],[132.8725,34.202],[132.8597,34.1999],[132.8608,34.1922],[132.8723,34.1783],[132.8749,34.1611],[132.8807,34.146],[132.872,34.1415],[132.8529,34.127],[132.8458,34.1189],[132.8451,34.1016],[132.839,34.0939],[132.8201,34.08],[132.7973,34.0693],[132.758,34.1208],[132.7186,34.1228],[132.7109,34.1214],[132.7073,34.1176],[132.6521,34.0995],[132.6412,34.0792],[132.607,34.0747],[132.5809,34.0543],[132.5761,34.0454],[132.5675,34.0166],[132.5614,34.0078],[132.5057,34.0094],[132.4761,34.0077],[132.474,33.9993],[132.4832,33.9682],[132.4989,33.9583],[132.507,33.958],[132.5111,33.9558],[132.5112,33.9507],[132.4907,33.9327],[132.4956,33.9216],[132.503,33.893],[132.5026,33.8902],[132.4464,33.8587],[132.4742,33.8003],[132.4513,33.7807],[132.3686,33.6723],[132.3374,33.6645],[132.3097,33.6449],[132.2888,33.6361],[132.2699,33.6303],[132.2598,33.6231],[132.2163,33.6006],[132.1781,33.5863],[132.1169,33.5756],[132.0372,33.5702],[132.0231,33.5654],[131.9653,33.5529],[131.9419,33.5144],[131.9319,33.5016],[131.9079,33.455],[131.8804,33.4116],[131.9666,33.3219],[132.0766,33.2552],[132.0872,33.2474],[132.0999,33.2454],[132.1206,33.2361],[132.1262,33.1886],[132.136,33.1678],[132.1448,33.1432],[132.2215,33.1066],[132.2761,33.0202],[132.265,32.9554],[132.2479,32.9272],[132.244,32.9024],[132.2447,32.786],[132.2857,32.8024],[132.4773,32.8484],[132.5185,32.853],[132.551,32.8493],[132.5665,32.8427],[132.5867,32.8542],[132.6303,32.8853],[132.6309,32.8925],[132.6358,32.9079],[132.6445,32.9184],[132.6512,32.9239],[132.6558,32.9254],[132.6564,32.932],[132.6525,32.9395],[132.6551,32.9409],[132.6593,32.9401],[132.6607,32.9425],[132.6716,32.9423],[132.6757,32.9443],[132.6781,32.9429],[132.6834,32.9468],[132.6845,32.95],[132.6817,32.958],[132.6835,32.9629],[132.6811,32.9641],[132.6823,32.9651],[132.6865,32.9631],[132.6862,32.968],[132.6915,32.9736],[132.6907,32.9757],[132.6873,32.976],[132.6871,32.9822],[132.6844,32.9826],[132.6854,32.9846],[132.6842,32.9894],[132.6814,32.9938],[132.6869,32.998],[132.6836,33.0046],[132.6769,33.0106],[132.6787,33.0129],[132.6758,33.0164],[132.6766,33.0217],[132.6754,33.0221],[132.6786,33.0288],[132.6782,33.0377],[132.6712,33.0459],[132.6662,33.0487],[132.6611,33.0553],[132.6577,33.0571],[132.6695,33.0712],[132.6667,33.0807],[132.6701,33.0855],[132.6693,33.0924],[132.664,33.1082],[132.6539,33.1104],[132.6462,33.116],[132.6444,33.1222],[132.6383,33.1279],[132.6375,33.1324],[132.631,33.1321],[132.6285,33.1336],[132.6323,33.1492],[132.6273,33.1538],[132.6248,33.1594],[132.6191,33.1629],[132.6149,33.169],[132.6195,33.1735],[132.6194,33.1809],[132.6248,33.184],[132.6357,33.1864],[132.6371,33.1828],[132.6345,33.1784],[132.6396,33.173],[132.647,33.1717],[132.6488,33.1679],[132.6594,33.1603],[132.6624,33.1544],[132.6733,33.1508],[132.6804,33.1442],[132.6864,33.135],[132.6958,33.1376],[132.6959,33.1426],[132.6986,33.1464],[132.7104,33.153],[132.712,33.1561],[132.7173,33.16],[132.7194,33.1667],[132.7281,33.1699],[132.7319,33.1769],[132.7378,33.1818],[132.7372,33.1863],[132.7419,33.1897],[132.7393,33.1922],[132.7384,33.1959],[132.7408,33.2015],[132.7484,33.2035],[132.7509,33.2019],[132.7587,33.2015],[132.7756,33.206],[132.776,33.2083],[132.773,33.2135],[132.7735,33.219],[132.7709,33.221],[132.7711,33.2262],[132.7746,33.2284],[132.7751,33.2325],[132.772,33.2413],[132.7775,33.2459],[132.7795,33.2561],[132.7827,33.2573],[132.7873,33.2626],[132.7875,33.2681],[132.7926,33.2746],[132.7972,33.2743],[132.809,33.2799],[132.8144,33.2806],[132.8169,33.2837],[132.8243,33.2822],[132.8279,33.2832],[132.8369,33.2895],[132.8404,33.2878],[132.8496,33.2896],[132.8537,33.2929],[132.859,33.294],[132.8725,33.3049],[132.8852,33.3072],[132.8978,33.3138],[132.9005,33.3193],[132.899,33.3245],[132.9035,33.3307],[132.9018,33.3358],[132.903,33.3379],[132.9004,33.3437],[132.8947,33.3495],[132.8901,33.3575],[132.8838,33.3623],[132.8741,33.364],[132.8698,33.3674],[132.86,33.3685],[132.8593,33.3736],[132.8566,33.3781],[132.8565,33.3826],[132.853,33.3883],[132.8562,33.3919],[132.8544,33.3984],[132.8408,33.3979],[132.8358,33.4002],[132.8316,33.4089],[132.8333,33.4119],[132.8314,33.4141],[132.8338,33.4157],[132.834,33.4202],[132.8249,33.4229],[132.8234,33.4295],[132.8245,33.4346],[132.8278,33.4384],[132.8266,33.4456],[132.8082,33.4535],[132.8085,33.4553],[132.8065,33.457],[132.8094,33.4647],[132.8115,33.4661],[132.815,33.4643],[132.8189,33.4665],[132.8212,33.4701],[132.8206,33.4726],[132.8272,33.4724],[132.8325,33.4761],[132.8341,33.4742],[132.8394,33.4743],[132.8469,33.4792],[132.8599,33.4757],[132.8647,33.4722],[132.8723,33.4711],[132.8811,33.471],[132.8838,33.4729],[132.8889,33.4735],[132.8982,33.4703],[132.9152,33.4677],[132.9286,33.4685],[132.9385,33.4721],[132.944,33.472],[132.9465,33.4687],[132.9517,33.4666],[132.959,33.4663],[132.9727,33.4698],[132.9788,33.4729],[132.9865,33.4728],[132.9925,33.4759],[132.999,33.4758],[133.0153,33.4808],[133.0133,33.4904],[133.0203,33.4956],[133.0262,33.5052],[133.0344,33.512],[133.0383,33.5193],[133.0378,33.5262],[133.0592,33.5387],[133.0612,33.5419],[133.0641,33.5425],[133.0603,33.5541],[133.0623,33.5616],[133.0466,33.5763],[133.0478,33.5828],[133.0552,33.5898],[133.0544,33.5931],[133.0566,33.5958],[133.0634,33.5975],[133.0642,33.5997],[133.07,33.6011],[133.0769,33.6065],[133.0768,33.6082],[133.0796,33.6087],[133.0785,33.6123],[133.073,33.6145],[133.0672,33.6217],[133.075,33.6506],[133.0775,33.6536],[133.084,33.6541],[133.0906,33.6578],[133.1067,33.6567],[133.1166,33.6602],[133.1215,33.6741],[133.1195,33.6776],[133.1215,33.6863],[133.1192,33.6886],[133.1203,33.6906],[133.1253,33.6983],[133.134,33.6998],[133.1446,33.7047],[133.145,33.7069],[133.1413,33.7102],[133.1398,33.7157],[133.1458,33.7195],[133.1465,33.7226],[133.1612,33.7315],[133.1593,33.7339],[133.1578,33.7502],[133.165,33.7566],[133.1726,33.7583],[133.1757,33.7608],[133.1768,33.7638],[133.1799,33.764],[133.1826,33.7666],[133.1838,33.7684],[133.1824,33.7715],[133.1905,33.7836],[133.1927,33.7938],[133.2057,33.7945],[133.2198,33.7804],[133.2312,33.7839],[133.2369,33.7827],[133.2442,33.7881],[133.2499,33.7883],[133.2559,33.7924],[133.2624,33.8047],[133.2607,33.811],[133.2677,33.821],[133.2677,33.8241],[133.2774,33.8309],[133.2822,33.832],[133.2938,33.8287],[133.3103,33.8159],[133.3257,33.8147],[133.3336,33.8215],[133.3456,33.8248],[133.3556,33.8343],[133.362,33.8332],[133.3688,33.8294],[133.3914,33.8243],[133.4008,33.8362],[133.4063,33.8363],[133.4153,33.8399],[133.4249,33.8393],[133.428,33.8365],[133.4355,33.8343],[133.4457,33.8348],[133.449,33.8332],[133.4546,33.8369],[133.4632,33.8345],[133.4705,33.8368],[133.4733,33.8337],[133.4832,33.833],[133.4866,33.8297],[133.4919,33.8324],[133.4991,33.8291],[133.5079,33.8358],[133.5065,33.8399],[133.5094,33.8482],[133.5181,33.8473],[133.5224,33.8522],[133.5264,33.8537],[133.5254,33.861],[133.5361,33.8658],[133.5359,33.8715],[133.5396,33.8745],[133.5402,33.8787],[133.5439,33.8788],[133.55,33.882],[133.5569,33.8823],[133.5612,33.8759],[133.5691,33.8736],[133.5715,33.8718],[133.5713,33.8696],[133.583,33.8677],[133.5868,33.8721],[133.5929,33.8754],[133.5961,33.8797],[133.607,33.8815],[133.6111,33.8808],[133.6273,33.872],[133.6298,33.8729],[133.6353,33.8802],[133.6434,33.8834],[133.6601,33.8815],[133.6624,33.8861],[133.6663,33.888],[133.6689,33.8875],[133.6779,33.8931],[133.6778,33.8983],[133.6745,33.9032],[133.6765,33.9051],[133.6776,33.9096],[133.6819,33.9102],[133.6878,33.9162],[133.6905,33.9163],[133.6856,33.9257],[133.6757,33.9264],[133.6759,33.9316],[133.6802,33.9345],[133.6818,33.9381],[133.6864,33.939],[133.6923,33.9434],[133.6928,33.9468],[133.6871,33.9549],[133.6924,33.9625],[133.6866,33.9654],[133.6857,33.9639],[133.683,33.9646],[133.6831,33.9687],[133.6803,33.9702],[133.6841,33.9764],[133.6812,33.9791],[133.6822,33.9833],[133.6751,33.9837],[133.6765,33.9925],[133.6814,33.9971],[133.6825,34.0014],[133.6857,34.0037],[133.6853,34.0068],[133.6792,34.0118],[133.6773,34.0157],[133.6783,34.0181],[133.6717,34.0206],[133.6701,34.0243],[133.6646,34.0274],[133.659,34.0274],[133.6568,34.0299],[133.6531,34.0277],[133.6444,34.0277],[133.6395,34.0254],[133.6361,34.029],[133.6328,34.0298],[133.6296,34.036],[133.6266,34.038],[133.6134,34.0322],[133.6085,34.0344],[133.6073,34.0368],[133.6041,34.036],[133.5982,34.0427],[133.5962,34.073],[133.5742,34.0874],[133.5535,34.0772],[133.5302,34.0689],[133.5114,34.0646],[133.4813,34.0436],[133.4514,34.044],[133.4198,34.0505],[133.3574,34.0847]]]]},"properties":{"zone":4,"name":"愛媛県"}},{"type":"Feature","geometry":{"type":"MultiPolygon","coordinates":[[[[134.1987,34.1756],[134.1952,34.1719],[134.1887,34.1732],[134.186,34.172],[134.1798,34.1747],[134.1796,34.1761],[134.1785,34.1747],[134.1776,34.1765],[134.1737,34.1753],[134.1738,34.1774],[134.1634,34.1697],[134.1594,34.1697],[134.1581,34.1674],[134.1526,34.1657],[134.1463,34.1653],[134.1437,34.1584],[134.1407,34.1552],[134.137,34.1547],[134.1352,34.1516],[134.1374,34.1481],[134.1377,34.1368],[134.1391,34.1339],[134.1324,34.1294],[134.1298,34.1237],[134.1226,34.1189],[134.1193,34.1202],[134.1164,34.1183],[134.0961,34.1145],[134.0921,34.115],[134.0864,34.119],[134.0791,34.1211],[134.0718,34.1158],[134.0709,34.1128],[134.0615,34.1112],[134.0573,34.1162],[134.0533,34.1183],[134.0503,34.1178],[134.0421,34.1102],[134.0402,34.1009],[134.0311,34.0975],[134.0282,34.0931],[134.0254,34.0919],[134.0277,34.087],[134.0265,34.0851],[134.0207,34.0844],[134.0163,34.0865],[134.0092,34.0866],[134.003,34.0815],[134.0018,34.0749],[133.9942,34.0726],[133.9889,34.075],[133.9862,34.0733],[133.9776,34.0759],[133.9727,34.073],[133.9686,34.0814],[133.9604,34.0819],[133.9587,34.0832],[133.9591,34.0863],[133.9565,34.0883],[133.9445,34.0932],[133.9444,34.102],[133.9396,34.1049],[133.9376,34.1079],[133.9398,34.1147],[133.932,34.1159],[133.9218,34.1143],[133.9116,34.1044],[133.903,34.1001],[133.8928,34.1083],[133.885,34.1045],[133.8675,34.1002],[133.8653,34.1046],[133.8585,34.1057],[133.8546,34.1044],[133.85,34.0992],[133.842,34.0951],[133.8384,34.0953],[133.8339,34.0981],[133.8216,34.092],[133.8235,34.086],[133.8183,34.0796],[133.82,34.074],[133.8171,34.0722],[133.8144,34.0735],[133.7975,34.0698],[133.79,34.0757],[133.7919,34.0782],[133.7869,34.078],[133.7823,34.0804],[133.7784,34.0794],[133.7754,34.0745],[133.7724,34.0728],[133.7685,34.0734],[133.7641,34.0707],[133.7635,34.0675],[133.7587,34.0611],[133.7509,34.0565],[133.7494,34.054],[133.7406,34.0503],[133.7332,34.045],[133.7288,34.0441],[133.728,34.0405],[133.7228,34.0368],[133.7214,34.0297],[133.7227,34.0249],[133.7206,34.0221],[133.7093,34.0156],[133.7029,34.0163],[133.7004,34.0181],[133.6915,34.0132],[133.6792,34.012],[133.6851,34.0071],[133.6857,34.0037],[133.6821,34.0009],[133.6807,33.9963],[133.6773,33.9943],[133.6751,33.9836],[133.6822,33.9833],[133.6812,33.9791],[133.6841,33.9764],[133.6803,33.9702],[133.6831,33.9687],[133.683,33.9646],[133.6857,33.9639],[133.6866,33.9654],[133.6924,33.9625],[133.6871,33.9549],[133.6928,33.9468],[133.6924,33.9436],[133.6902,33.9416],[133.6818,33.9381],[133.6802,33.9345],[133.6765,33.9329],[133.6757,33.9264],[133.6856,33.9257],[133.6905,33.9163],[133.6878,33.9162],[133.6819,33.9102],[133.6776,33.9096],[133.6765,33.9051],[133.6745,33.9032],[133.6778,33.8983],[133.6779,33.8931],[133.6612,33.8845],[133.6628,33.8705],[133.6658,33.8685],[133.6664,33.866],[133.6732,33.8642],[133.6743,33.8609],[133.6773,33.8586],[133.6808,33.8595],[133.687,33.8565],[133.6946,33.8564],[133.6976,33.8521],[133.7016,33.8498],[133.7074,33.8517],[133.7195,33.8493],[133.729,33.8511],[133.7381,33.8498],[133.7408,33.8463],[133.7409,33.8426],[133.748,33.8368],[133.7565,33.8365],[133.766,33.8403],[133.7733,33.8399],[133.7758,33.8423],[133.7835,33.8411],[133.7857,33.8424],[133.7886,33.8362],[133.7993,33.8375],[133.8062,33.8364],[133.809,33.838],[133.8178,33.8373],[133.8285,33.8447],[133.8384,33.8453],[133.8445,33.8375],[133.8537,33.8346],[133.8564,33.8284],[133.8662,33.8194],[133.8725,33.8102],[133.8724,33.8062],[133.8827,33.8054],[133.8873,33.803],[133.8934,33.8049],[133.9014,33.794],[133.908,33.7952],[133.9134,33.7912],[133.9195,33.7978],[133.9241,33.7986],[133.9249,33.8006],[133.9413,33.7992],[133.9475,33.8037],[133.9527,33.8155],[133.9531,33.8237],[133.9511,33.8289],[133.9574,33.8315],[133.9573,33.8334],[133.9598,33.8347],[133.9748,33.8364],[133.9851,33.8408],[133.9875,33.8395],[133.9901,33.8281],[133.9977,33.8211],[134.0126,33.8218],[134.0328,33.8284],[134.0369,33.8203],[134.037,33.815],[134.0339,33.8121],[134.0333,33.8093],[134.0409,33.8017],[134.0468,33.7988],[134.046,33.7895],[134.0503,33.7856],[134.0553,33.7847],[134.0581,33.7811],[134.0589,33.7659],[134.0578,33.7647],[134.0591,33.7626],[134.0561,33.7515],[134.0578,33.7505],[134.059,33.7432],[134.0613,33.7409],[134.0618,33.7352],[134.0662,33.7341],[134.0684,33.7293],[134.065,33.7195],[134.0701,33.7112],[134.0667,33.7098],[134.0647,33.7066],[134.0635,33.7001],[134.0648,33.6982],[134.0566,33.694],[134.0581,33.691],[134.067,33.6887],[134.0904,33.6931],[134.0954,33.6924],[134.0995,33.6946],[134.106,33.6936],[134.1142,33.696],[134.126,33.6959],[134.1334,33.694],[134.1355,33.6911],[134.1477,33.6849],[134.1638,33.6881],[134.1747,33.6843],[134.1758,33.6763],[134.1726,33.6751],[134.169,33.6707],[134.1754,33.6616],[134.1713,33.6575],[134.1842,33.649],[134.1786,33.6446],[134.1705,33.642],[134.164,33.6354],[134.1513,33.6312],[134.1493,33.6271],[134.1549,33.6232],[134.1521,33.6172],[134.156,33.6118],[134.1606,33.6128],[134.1759,33.6073],[134.1702,33.6021],[134.1717,33.5997],[134.1705,33.5971],[134.1763,33.5939],[134.1788,33.5941],[134.1847,33.5887],[134.1886,33.5815],[134.1869,33.579],[134.1878,33.5758],[134.1925,33.574],[134.1954,33.5685],[134.1932,33.5616],[134.2011,33.5621],[134.2072,33.5655],[134.2182,33.5676],[134.227,33.5628],[134.2295,33.5579],[134.2374,33.5537],[134.2378,33.552],[134.2415,33.5561],[134.2495,33.5529],[134.2582,33.5533],[134.2623,33.5567],[134.2704,33.5549],[134.2736,33.5606],[134.2785,33.5595],[134.2817,33.561],[134.2957,33.5577],[134.2969,33.5565],[134.2964,33.5531],[134.3008,33.5552],[134.3065,33.5538],[134.3048,33.5525],[134.3052,33.5491],[134.3175,33.537],[134.3331,33.5021],[134.3634,33.4678],[134.4191,33.4116],[134.4335,33.3991],[134.5424,33.3308],[134.6295,33.4363],[134.9279,33.4514],[134.9714,33.5432],[134.9823,33.5967],[134.9869,33.6477],[134.9449,33.8294],[134.9329,33.9047],[134.9249,33.9332],[134.9177,33.9489],[134.8843,33.995],[134.8804,34.0122],[134.8174,34.0287],[134.7702,34.0473],[134.7287,34.0899],[134.727,34.0976],[134.6969,34.1349],[134.6922,34.1491],[134.6867,34.1835],[134.6704,34.2131],[134.6525,34.2348],[134.6486,34.2454],[134.6372,34.2609],[134.6199,34.2801],[134.5128,34.3663],[134.5119,34.3372],[134.4915,34.2749],[134.4771,34.2435],[134.4623,34.2261],[134.4393,34.2219],[134.438,34.2155],[134.4407,34.1997],[134.4379,34.1941],[134.4391,34.1911],[134.4292,34.1832],[134.4305,34.179],[134.4338,34.1784],[134.4341,34.1746],[134.4327,34.1729],[134.4339,34.1695],[134.4252,34.1657],[134.4194,34.1578],[134.4129,34.1569],[134.4114,34.1615],[134.4074,34.1625],[134.402,34.168],[134.3937,34.1635],[134.3855,34.1651],[134.383,34.1722],[134.3757,34.1718],[134.367,34.1794],[134.3555,34.1853],[134.3498,34.1853],[134.3481,34.1839],[134.3463,34.1753],[134.3442,34.1724],[134.334,34.1756],[134.3283,34.1732],[134.3146,34.1773],[134.3105,34.1746],[134.3085,34.1709],[134.3009,34.1704],[134.2979,34.1686],[134.2922,34.1791],[134.2856,34.1798],[134.2772,34.1765],[134.2736,34.1811],[134.2661,34.1832],[134.2601,34.1835],[134.2548,34.1802],[134.2508,34.1805],[134.2474,34.1787],[134.2438,34.1807],[134.2398,34.1796],[134.2284,34.1808],[134.2268,34.1778],[134.2209,34.1799],[134.216,34.1764],[134.2047,34.1728],[134.1987,34.1756]]]]},"properties":{"zone":4,"name":"徳島県"}},{"type":"Feature","geometry":{"type":"MultiPolygon","coordinates":[[[[134.314,33.5404],[134.3052,33.5491],[134.3048,33.5525],[134.3065,33.5538],[134.3008,33.5552],[134.2964,33.5531],[134.2969,33.5565],[134.2957,33.5577],[134.2817,33.561],[134.2785,33.5595],[134.2736,33.5606],[134.2704,33.5549],[134.2623,33.5567],[134.2582,33.5533],[134.2495,33.5529],[134.2415,33.5561],[134.2378,33.552],[134.2374,33.5537],[134.2295,33.5579],[134.227,33.5628],[134.2185,33.5676],[134.2117,33.567],[134.1976,33.5612],[134.1932,33.5616],[134.1954,33.5685],[134.1925,33.574],[134.1878,33.5758],[134.1869,33.579],[134.1886,33.5815],[134.1847,33.5887],[134.1788,33.5941],[134.1763,33.5939],[134.1705,33.5971],[134.1717,33.5997],[134.1702,33.6021],[134.1759,33.6073],[134.1606,33.6128],[134.156,33.6118],[134.1521,33.6172],[134.1549,33.6232],[134.1493,33.6271],[134.1513,33.6312],[134.164,33.6354],[134.1705,33.642],[134.1786,33.6446],[134.1842,33.649],[134.1713,33.6575],[134.1754,33.6616],[134.169,33.6707],[134.1726,33.6751],[134.1758,33.6763],[134.1747,33.6843],[134.1638,33.6881],[134.1477,33.6849],[134.1355,33.6911],[134.1334,33.694],[134.126,33.6959],[134.1142,33.696],[134.106,33.6936],[134.0995,33.6946],[134.0954,33.6924],[134.0904,33.6931],[134.067,33.6887],[134.0583,33.6909],[134.0566,33.694],[134.0648,33.6982],[134.0635,33.7001],[134.0647,33.7066],[134.0703,33.7124],[134.065,33.7195],[134.0684,33.7293],[134.0662,33.7341],[134.0618,33.7352],[134.0613,33.7409],[134.059,33.7432],[134.0578,33.7505],[134.0561,33.7515],[134.0591,33.7626],[134.0578,33.7647],[134.0589,33.7659],[134.0581,33.7811],[134.0553,33.7847],[134.0503,33.7856],[134.046,33.7895],[134.0468,33.7988],[134.0409,33.8017],[134.0333,33.8093],[134.0339,33.8121],[134.037,33.815],[134.0368,33.8208],[134.0331,33.8282],[134.0267,33.8274],[134.0234,33.8247],[134.0126,33.8218],[133.9973,33.8212],[133.9901,33.8281],[133.9875,33.8395],[133.9851,33.8408],[133.9826,33.8406],[133.9791,33.8375],[133.9578,33.8339],[133.9574,33.8315],[133.9511,33.8289],[133.9531,33.8237],[133.9527,33.8155],[133.9475,33.8037],[133.9413,33.7992],[133.9249,33.8006],[133.9241,33.7986],[133.9195,33.7978],[133.9134,33.7912],[133.908,33.7952],[133.9014,33.794],[133.8934,33.8049],[133.8873,33.803],[133.8827,33.8054],[133.8724,33.8062],[133.8725,33.8102],[133.8662,33.8194],[133.8564,33.8284],[133.8537,33.8346],[133.8445,33.8375],[133.8384,33.8453],[133.8285,33.8447],[133.8178,33.8373],[133.809,33.838],[133.8062,33.8364],[133.7993,33.8375],[133.7886,33.8362],[133.7857,33.8424],[133.7835,33.8411],[133.7758,33.8423],[133.7733,33.8399],[133.766,33.8403],[133.7565,33.8365],[133.748,33.8368],[133.7409,33.8426],[133.7408,33.8463],[133.7381,33.8498],[133.729,33.8511],[133.7195,33.8493],[133.7074,33.8517],[133.7016,33.8498],[133.6976,33.8521],[133.6946,33.8564],[133.687,33.8565],[133.6808,33.8595],[133.6773,33.8586],[133.6743,33.8609],[133.6732,33.8642],[133.6665,33.8659],[133.6658,33.8685],[133.6629,33.8703],[133.6607,33.8818],[133.6434,33.8834],[133.6353,33.8802],[133.6298,33.8729],[133.6273,33.872],[133.6109,33.8808],[133.5976,33.8802],[133.583,33.8677],[133.5714,33.8696],[133.5715,33.8718],[133.5691,33.8736],[133.5612,33.8759],[133.557,33.8823],[133.5513,33.8823],[133.5399,33.8785],[133.5396,33.8745],[133.5359,33.8715],[133.5361,33.8658],[133.5254,33.861],[133.5263,33.8536],[133.5224,33.8522],[133.5181,33.8473],[133.5095,33.8483],[133.5083,33.8471],[133.5089,33.8448],[133.5065,33.8398],[133.5079,33.8358],[133.4993,33.8291],[133.4919,33.8324],[133.4866,33.8297],[133.4832,33.833],[133.4733,33.8337],[133.4705,33.8368],[133.4632,33.8345],[133.4546,33.8369],[133.449,33.8332],[133.4457,33.8348],[133.4355,33.8343],[133.428,33.8365],[133.4249,33.8393],[133.4153,33.8399],[133.4063,33.8363],[133.4008,33.8362],[133.3914,33.8243],[133.3688,33.8294],[133.362,33.8332],[133.3556,33.8343],[133.3456,33.8248],[133.3336,33.8215],[133.3257,33.8147],[133.3103,33.8159],[133.2938,33.8287],[133.2822,33.832],[133.2774,33.8309],[133.2677,33.8241],[133.2677,33.821],[133.2607,33.811],[133.2624,33.8047],[133.2559,33.7924],[133.2499,33.7883],[133.2442,33.7881],[133.2369,33.7827],[133.2312,33.7839],[133.2198,33.7804],[133.2057,33.7945],[133.1928,33.7939],[133.1903,33.7872],[133.1905,33.7836],[133.1824,33.7715],[133.1838,33.7684],[133.1826,33.7666],[133.1799,33.764],[133.1768,33.7638],[133.1757,33.7608],[133.1726,33.7583],[133.165,33.7566],[133.1578,33.7502],[133.1593,33.7339],[133.1612,33.7315],[133.1465,33.7226],[133.1458,33.7195],[133.1398,33.7157],[133.1413,33.7102],[133.145,33.7069],[133.1446,33.7047],[133.134,33.6998],[133.1253,33.6983],[133.1203,33.6906],[133.1192,33.6886],[133.1215,33.6863],[133.1195,33.6776],[133.1215,33.6741],[133.1166,33.6602],[133.1067,33.6567],[133.0906,33.6578],[133.084,33.6541],[133.0775,33.6536],[133.075,33.6506],[133.0672,33.6217],[133.073,33.6145],[133.0785,33.6123],[133.0796,33.6087],[133.0768,33.6082],[133.0769,33.6065],[133.07,33.6011],[133.0642,33.5997],[133.0634,33.5975],[133.0566,33.5958],[133.0544,33.5931],[133.0552,33.5898],[133.0478,33.5828],[133.0466,33.5763],[133.0623,33.5616],[133.0603,33.5541],[133.0641,33.5425],[133.0612,33.5419],[133.0592,33.5387],[133.0378,33.5262],[133.0383,33.5193],[133.0344,33.512],[133.0262,33.5052],[133.0203,33.4956],[133.0133,33.4904],[133.0153,33.4808],[132.999,33.4758],[132.9925,33.4759],[132.9865,33.4728],[132.9788,33.4729],[132.9727,33.4698],[132.959,33.4663],[132.9517,33.4666],[132.9465,33.4687],[132.944,33.472],[132.9385,33.4721],[132.9286,33.4685],[132.9152,33.4677],[132.8982,33.4703],[132.8889,33.4735],[132.8838,33.4729],[132.8811,33.471],[132.8723,33.4711],[132.8647,33.4722],[132.8599,33.4757],[132.8469,33.4792],[132.8394,33.4743],[132.8341,33.4742],[132.8325,33.4761],[132.8272,33.4724],[132.8206,33.4726],[132.8212,33.4701],[132.8189,33.4665],[132.815,33.4643],[132.8115,33.4661],[132.8094,33.4647],[132.8065,33.457],[132.8085,33.4553],[132.8082,33.4535],[132.8266,33.4456],[132.8278,33.4384],[132.8245,33.4346],[132.8234,33.4295],[132.8249,33.4229],[132.834,33.4202],[132.8338,33.4157],[132.8314,33.4141],[132.8333,33.4119],[132.8316,33.4089],[132.8358,33.4002],[132.8408,33.3979],[132.8544,33.3984],[132.8562,33.3919],[132.853,33.3883],[132.8565,33.3826],[132.8566,33.3781],[132.8593,33.3736],[132.86,33.3685],[132.8698,33.3674],[132.8741,33.364],[132.8838,33.3623],[132.8901,33.3575],[132.8947,33.3495],[132.9004,33.3437],[132.903,33.3379],[132.9018,33.3358],[132.9035,33.3307],[132.899,33.3245],[132.9005,33.3193],[132.8978,33.3138],[132.8852,33.3072],[132.8725,33.3049],[132.859,33.294],[132.8537,33.2929],[132.8496,33.2896],[132.8404,33.2878],[132.8369,33.2895],[132.8279,33.2832],[132.8243,33.2822],[132.8169,33.2837],[132.8144,33.2806],[132.809,33.2799],[132.7972,33.2743],[132.7926,33.2746],[132.7875,33.2681],[132.7873,33.2626],[132.7827,33.2573],[132.7795,33.2561],[132.7775,33.2459],[132.772,33.2413],[132.7751,33.2325],[132.7746,33.2284],[132.7711,33.2262],[132.7709,33.221],[132.7735,33.219],[132.773,33.2135],[132.776,33.2083],[132.7756,33.206],[132.7587,33.2015],[132.7509,33.2019],[132.7484,33.2035],[132.7408,33.2015],[132.7384,33.1959],[132.7393,33.1922],[132.7419,33.1897],[132.7372,33.1863],[132.7378,33.1818],[132.7319,33.1769],[132.7281,33.1699],[132.7194,33.1667],[132.7173,33.16],[132.712,33.1561],[132.7104,33.153],[132.6986,33.1464],[132.6959,33.1426],[132.6958,33.1376],[132.6864,33.135],[132.6804,33.1442],[132.6733,33.1508],[132.6624,33.1544],[132.6594,33.1603],[132.6488,33.1679],[132.647,33.1717],[132.6396,33.173],[132.6345,33.1784],[132.6371,33.1828],[132.6357,33.1864],[132.6248,33.184],[132.6194,33.1809],[132.6195,33.1735],[132.6149,33.169],[132.6191,33.1629],[132.6248,33.1594],[132.6273,33.1538],[132.6323,33.1492],[132.6285,33.1336],[132.631,33.1321],[132.6375,33.1324],[132.6383,33.1279],[132.6444,33.1222],[132.6462,33.116],[132.6539,33.1104],[132.664,33.1082],[132.6693,33.0924],[132.6701,33.0855],[132.6667,33.0807],[132.6695,33.0712],[132.6577,33.0571],[132.6611,33.0553],[132.6662,33.0487],[132.6712,33.0459],[132.6782,33.0377],[132.6786,33.0288],[132.6754,33.0221],[132.6766,33.0217],[132.6758,33.0164],[132.6787,33.0129],[132.6769,33.0106],[132.6836,33.0046],[132.6869,32.998],[132.6814,32.9938],[132.6842,32.9894],[132.6854,32.9846],[132.6844,32.9826],[132.6871,32.9822],[132.6873,32.976],[132.6907,32.9757],[132.6915,32.9736],[132.6862,32.968],[132.6865,32.9631],[132.6823,32.9651],[132.6811,32.9641],[132.6835,32.9629],[132.6817,32.958],[132.6845,32.95],[132.6834,32.9468],[132.6781,32.9429],[132.6757,32.9443],[132.6716,32.9423],[132.6607,32.9425],[132.6593,32.9401],[132.6551,32.9409],[132.6525,32.9395],[132.6564,32.932],[132.6558,32.9254],[132.6512,32.9239],[132.6445,32.9184],[132.6358,32.9079],[132.6309,32.8925],[132.6303,32.8853],[132.5867,32.8542],[132.5665,32.8427],[132.551,32.8493],[132.5185,32.853],[132.4773,32.8484],[132.2857,32.8024],[132.2447,32.786],[132.2407,32.7739],[132.2302,32.7233],[132.217,32.6763],[132.2127,32.655],[132.2232,32.3845],[132.593,32.5046],[133.0283,32.5208],[133.0648,32.5251],[133.1019,32.5345],[133.1373,32.5482],[133.1592,32.56],[133.1792,32.5735],[133.2087,32.5998],[133.2238,32.6177],[133.2339,32.6325],[133.2485,32.6604],[133.2559,32.6798],[133.3015,32.8602],[134.235,33.0469],[134.2741,33.0581],[134.305,33.0719],[134.3296,33.0866],[134.3466,33.0988],[134.3729,33.1232],[134.5424,33.3308],[134.4335,33.3991],[134.4191,33.4116],[134.3634,33.4678],[134.3331,33.5021],[134.3175,33.537],[134.314,33.5404]]]]},"properties":{"zone":4,"name":"高知県"}},{"type":"Feature","geometry":{"type":"MultiPolygon","coordinates":[[[[135.4415,34.7919],[135.4415,34.792],[135.4414,34.792],[135.4412,34.7921],[135.4412,34.7919],[135.4412,34.7919],[135.4413,34.7919],[135.4413,34.7919],[135.4414,34.7919],[135.4414,34.7919],[135.4415,34.7919]]],[[[135.4375,34.8771],[135.4409,34.8905],[135.4439,34.8912],[135.4457,34.8977],[135.4436,34.8989],[135.4358,34.8952],[135.4332,34.8919],[135.4307,34.8924],[135.4324,34.896],[135.4272,34.906],[135.4198,34.9065],[135.4189,34.9095],[135.4236,34.9112],[135.4254,34.9142],[135.4345,34.9168],[135.4393,34.9205],[135.4514,34.9199],[135.4567,34.9179],[135.4636,34.9183],[135.4657,34.9198],[135.466,34.9244],[135.4685,34.9254],[135.4683,34.9274],[135.4672,34.9288],[135.461,34.9263],[135.4571,34.9291],[135.4525,34.9298],[135.4491,34.9345],[135.4417,34.9394],[135.4385,34.9369],[135.433,34.938],[135.4185,34.9339],[135.4169,34.938],[135.4175,34.9418],[135.4103,34.94],[135.4095,34.9417],[135.4121,34.943],[135.4091,34.9455],[135.4113,34.9439],[135.4107,34.9427],[135.396,34.9444],[135.3924,34.9414],[135.3885,34.944],[135.3876,34.9509],[135.3826,34.956],[135.3778,34.9552],[135.3759,34.9563],[135.373,34.9535],[135.3677,34.9562],[135.3604,34.9545],[135.3542,34.9626],[135.3489,34.9651],[135.3465,34.9645],[135.3451,34.9669],[135.3487,34.972],[135.3496,34.979],[135.3595,34.9825],[135.3526,34.9904],[135.3539,34.9921],[135.3535,35.0009],[135.3515,35.0043],[135.3547,35.0067],[135.3534,35.0119],[135.3558,35.0166],[135.3547,35.0248],[135.3491,35.0269],[135.3398,35.0259],[135.3365,35.0327],[135.3336,35.0352],[135.3302,35.0352],[135.3381,35.0436],[135.3415,35.0431],[135.3488,35.0459],[135.35,35.0512],[135.3595,35.0501],[135.3617,35.0465],[135.3676,35.044],[135.3712,35.0453],[135.3693,35.0487],[135.37,35.0525],[135.3687,35.0549],[135.3716,35.0588],[135.3774,35.061],[135.3766,35.066],[135.3867,35.0725],[135.3935,35.0731],[135.3956,35.0757],[135.3997,35.0762],[135.3987,35.0817],[135.4001,35.0858],[135.4043,35.089],[135.3973,35.0959],[135.3905,35.0988],[135.388,35.0971],[135.3898,35.1049],[135.3892,35.1083],[135.3933,35.1108],[135.3922,35.1136],[135.3872,35.1165],[135.386,35.12],[135.3912,35.1265],[135.3898,35.1288],[135.3726,35.129],[135.3703,35.1322],[135.368,35.1311],[135.36,35.1321],[135.3547,35.1367],[135.3425,35.1359],[135.3397,35.1379],[135.3399,35.1408],[135.3374,35.144],[135.3408,35.1455],[135.3405,35.1501],[135.327,35.1493],[135.324,35.1466],[135.3076,35.1448],[135.3038,35.1428],[135.2974,35.1436],[135.294,35.1416],[135.2878,35.1426],[135.2799,35.147],[135.2784,35.151],[135.2834,35.1509],[135.288,35.1582],[135.292,35.1605],[135.2898,35.1718],[135.2834,35.1715],[135.2804,35.1749],[135.2767,35.1747],[135.274,35.1773],[135.2661,35.1755],[135.26,35.1759],[135.2575,35.1776],[135.2536,35.1764],[135.25,35.178],[135.2492,35.1769],[135.2379,35.1763],[135.2364,35.1777],[135.2322,35.1775],[135.228,35.1653],[135.22,35.1624],[135.2062,35.1607],[135.2038,35.1646],[135.2003,35.1652],[135.1989,35.1684],[135.1949,35.1713],[135.1873,35.1718],[135.1869,35.1732],[135.1882,35.1814],[135.1901,35.1832],[135.1867,35.1902],[135.1929,35.1941],[135.1991,35.1936],[135.2001,35.1955],[135.1971,35.203],[135.1918,35.2042],[135.1888,35.2068],[135.1872,35.2113],[135.1823,35.2159],[135.1751,35.2146],[135.171,35.2203],[135.1631,35.2201],[135.1548,35.2265],[135.1565,35.2298],[135.162,35.2312],[135.1669,35.2403],[135.166,35.2463],[135.1612,35.2537],[135.1607,35.2567],[135.162,35.2578],[135.1575,35.2611],[135.147,35.264],[135.142,35.2623],[135.1378,35.2653],[135.1348,35.265],[135.1287,35.2607],[135.1228,35.2632],[135.1127,35.264],[135.1088,35.2663],[135.0989,35.2588],[135.0933,35.2598],[135.0896,35.2545],[135.0854,35.2532],[135.0829,35.2464],[135.0801,35.2441],[135.075,35.2436],[135.0729,35.2396],[135.0679,35.2374],[135.0642,35.2424],[135.0643,35.2464],[135.0606,35.2487],[135.0614,35.2517],[135.0583,35.2542],[135.0558,35.2592],[135.0568,35.2646],[135.0546,35.2649],[135.0496,35.262],[135.0423,35.2641],[135.0375,35.2607],[135.0287,35.265],[135.024,35.2652],[135.0183,35.2693],[135.0109,35.2696],[135.0094,35.2709],[135.012,35.2762],[135.0117,35.2811],[135.0075,35.2855],[134.9999,35.2873],[134.9991,35.2909],[134.9929,35.2891],[134.9864,35.2926],[134.9679,35.296],[134.9662,35.2979],[134.9601,35.2979],[134.9471,35.3039],[134.9457,35.3074],[134.9409,35.3087],[134.9342,35.3078],[134.9247,35.3117],[134.9216,35.3151],[134.9213,35.3174],[134.9264,35.3222],[134.9248,35.3267],[134.9281,35.3302],[134.9256,35.3365],[134.9171,35.3403],[134.9189,35.3501],[134.9234,35.354],[134.9189,35.3645],[134.9272,35.3798],[134.9266,35.3857],[134.923,35.3911],[134.9234,35.3943],[134.9256,35.394],[134.9275,35.3994],[134.9315,35.4014],[134.9336,35.4071],[134.9461,35.4133],[134.9548,35.4085],[134.9596,35.409],[134.9709,35.399],[134.9808,35.3984],[134.9855,35.3962],[134.9886,35.3933],[134.9871,35.3889],[134.9911,35.3856],[135.002,35.3871],[135.0056,35.3908],[135.0116,35.3916],[135.014,35.3941],[135.0162,35.3931],[135.0192,35.3941],[135.0236,35.401],[135.0297,35.4056],[135.03,35.4101],[135.0492,35.4077],[135.0502,35.4198],[135.0471,35.4236],[135.0484,35.4263],[135.0471,35.4299],[135.0486,35.432],[135.0494,35.4401],[135.0518,35.4425],[135.0498,35.4511],[135.0453,35.4553],[135.0434,35.462],[135.0446,35.4636],[135.0415,35.4679],[135.041,35.4733],[135.0353,35.475],[135.0351,35.4766],[135.0357,35.4802],[135.0401,35.4817],[135.0427,35.4923],[135.0414,35.4946],[135.0322,35.4972],[135.0412,35.5036],[135.0452,35.5087],[135.0429,35.5112],[135.043,35.52],[135.0407,35.5219],[135.0392,35.5288],[135.0362,35.5306],[135.0369,35.5386],[135.03,35.5403],[135.0157,35.5375],[135.008,35.5336],[135.0049,35.5357],[134.9931,35.5342],[134.9883,35.5296],[134.982,35.5285],[134.9795,35.5241],[134.9717,35.5242],[134.9653,35.5199],[134.9634,35.5145],[134.9605,35.5129],[134.9583,35.5129],[134.9542,35.5162],[134.9492,35.5139],[134.9329,35.5133],[134.9301,35.5117],[134.9269,35.5125],[134.9233,35.5164],[134.9232,35.5217],[134.9151,35.5277],[134.9181,35.5308],[134.9175,35.5357],[134.9193,35.5381],[134.918,35.5409],[134.9149,35.5418],[134.9146,35.5453],[134.9075,35.5467],[134.9068,35.5483],[134.9031,35.5494],[134.9009,35.5561],[134.8929,35.559],[134.8908,35.5613],[134.8877,35.5601],[134.8811,35.564],[134.8812,35.5674],[134.8758,35.574],[134.872,35.5764],[134.8678,35.5761],[134.869,35.5798],[134.8624,35.584],[134.8626,35.5871],[134.8561,35.5866],[134.8537,35.5891],[134.8564,35.5918],[134.8552,35.5933],[134.8604,35.5945],[134.8654,35.599],[134.8675,35.609],[134.8664,35.6134],[134.8707,35.6148],[134.8739,35.6212],[134.8703,35.6314],[134.8713,35.6364],[134.8674,35.6361],[134.8658,35.6383],[134.8671,35.6414],[134.8658,35.6455],[134.8677,35.6497],[134.8641,35.6517],[134.8673,35.6561],[134.8678,35.6595],[134.8636,35.6757],[134.8513,35.7548],[134.8631,35.8409],[134.8591,35.8641],[134.8013,35.8722],[134.7653,35.8745],[134.7327,35.8728],[134.7019,35.8679],[134.6444,35.8668],[134.6081,35.8622],[134.5744,35.8681],[134.5516,35.8698],[134.519,35.8698],[134.4874,35.8677],[134.4664,35.8645],[134.4364,35.8571],[134.3971,35.8438],[134.3588,35.8253],[134.3256,35.814],[134.2841,35.8031],[134.3406,35.6672],[134.3452,35.6522],[134.37,35.615],[134.3713,35.6087],[134.3748,35.6083],[134.3818,35.6033],[134.3869,35.6039],[134.3929,35.6015],[134.3931,35.5981],[134.4009,35.5956],[134.4052,35.5898],[134.4083,35.5891],[134.4057,35.5847],[134.4071,35.5772],[134.405,35.5706],[134.4079,35.5651],[134.41,35.5628],[134.4146,35.5641],[134.4218,35.5625],[134.4223,35.5566],[134.4251,35.5519],[134.4208,35.5448],[134.4256,35.5418],[134.4227,35.5375],[134.4233,35.5346],[134.42,35.5332],[134.4203,35.5274],[134.4174,35.525],[134.4127,35.5149],[134.4185,35.5141],[134.4244,35.5088],[134.4276,35.5087],[134.4309,35.5025],[134.4282,35.5],[134.4274,35.4966],[134.4357,35.4783],[134.4381,35.4761],[134.4343,35.4706],[134.4351,35.4667],[134.4337,35.4664],[134.4347,35.4634],[134.4382,35.4612],[134.4375,35.457],[134.44,35.4429],[134.4462,35.4419],[134.4481,35.4386],[134.4523,35.4365],[134.4627,35.4368],[134.4657,35.4351],[134.4659,35.4332],[134.4698,35.4335],[134.4714,35.4303],[134.4801,35.427],[134.4799,35.425],[134.4759,35.4236],[134.4783,35.4211],[134.4767,35.4143],[134.4814,35.4105],[134.4797,35.4063],[134.4805,35.4031],[134.4774,35.4001],[134.4776,35.3954],[134.4738,35.3913],[134.4744,35.3862],[134.4715,35.3798],[134.4749,35.3746],[134.4828,35.3731],[134.489,35.3679],[134.5029,35.366],[134.5042,35.3598],[134.5139,35.3536],[134.5128,35.3513],[134.5103,35.3508],[134.5098,35.3431],[134.5045,35.3372],[134.5019,35.3265],[134.5041,35.321],[134.5034,35.3185],[134.5148,35.3077],[134.5116,35.3053],[134.5116,35.2999],[134.5093,35.294],[134.5131,35.2865],[134.5125,35.2823],[134.5154,35.2777],[134.5045,35.2716],[134.502,35.2687],[134.4951,35.2669],[134.49,35.2614],[134.4864,35.2627],[134.4835,35.2601],[134.4822,35.2542],[134.4775,35.2495],[134.4714,35.2493],[134.4684,35.2463],[134.4618,35.244],[134.4635,35.2368],[134.4478,35.2379],[134.444,35.2368],[134.4403,35.2317],[134.435,35.2292],[134.4295,35.232],[134.4273,35.2317],[134.4228,35.2372],[134.4028,35.241],[134.3969,35.2304],[134.3969,35.2275],[134.3824,35.2216],[134.3811,35.2185],[134.3822,35.2169],[134.3814,35.2115],[134.3799,35.2103],[134.3836,35.1991],[134.383,35.1944],[134.3885,35.1923],[134.3921,35.1927],[134.3997,35.1876],[134.4111,35.187],[134.4121,35.1855],[134.4126,35.1777],[134.4071,35.1699],[134.4061,35.1655],[134.4111,35.1627],[134.4131,35.1588],[134.412,35.1526],[134.407,35.1473],[134.3943,35.1527],[134.3883,35.1513],[134.3831,35.1525],[134.3793,35.1491],[134.3749,35.151],[134.3711,35.1475],[134.3674,35.147],[134.3624,35.14],[134.3618,35.1377],[134.3633,35.1355],[134.3602,35.134],[134.3604,35.1291],[134.3562,35.1244],[134.3598,35.1233],[134.3607,35.1202],[134.353,35.1135],[134.3524,35.1064],[134.3551,35.0992],[134.3512,35.0963],[134.3503,35.091],[134.3404,35.0887],[134.3372,35.0914],[134.3365,35.0888],[134.3328,35.0862],[134.3316,35.0874],[134.3189,35.0833],[134.3217,35.0688],[134.3172,35.0656],[134.3145,35.0609],[134.3143,35.0506],[134.3171,35.0472],[134.3169,35.0435],[134.3078,35.0459],[134.3063,35.0439],[134.3076,35.0416],[134.3053,35.0402],[134.2973,35.0431],[134.2928,35.0394],[134.2925,35.0375],[134.2816,35.0372],[134.2816,35.0336],[134.2755,35.0235],[134.2682,35.0221],[134.2686,35.018],[134.2644,35.0166],[134.2653,35.014],[134.2686,35.0126],[134.2655,35.0131],[134.2634,35.0113],[134.2665,35.0086],[134.2653,35.0053],[134.2769,35.0008],[134.2786,35.0014],[134.2822,34.9967],[134.2867,34.9961],[134.279,34.9911],[134.2776,34.9868],[134.2729,34.9863],[134.2709,34.9838],[134.2696,34.9786],[134.277,34.9768],[134.2746,34.9712],[134.275,34.9686],[134.2733,34.9674],[134.277,34.9632],[134.2675,34.9576],[134.2665,34.9542],[134.26,34.9523],[134.2578,34.9478],[134.2543,34.9462],[134.2541,34.9377],[134.2584,34.9357],[134.2588,34.934],[134.2627,34.9377],[134.2635,34.9361],[134.2648,34.937],[134.2672,34.9354],[134.2674,34.9365],[134.2748,34.9311],[134.2761,34.9295],[134.2748,34.9243],[134.2785,34.9216],[134.2845,34.921],[134.284,34.917],[134.2874,34.9153],[134.2874,34.9127],[134.2898,34.9108],[134.2928,34.9114],[134.2949,34.9041],[134.2884,34.9004],[134.2891,34.8977],[134.2843,34.8971],[134.2834,34.8953],[134.2778,34.8951],[134.2735,34.8926],[134.2728,34.8903],[134.2687,34.8878],[134.27,34.8836],[134.2645,34.8852],[134.2628,34.8843],[134.264,34.8781],[134.2671,34.8754],[134.2634,34.8711],[134.259,34.8703],[134.2601,34.8671],[134.2585,34.8626],[134.2553,34.8599],[134.256,34.8585],[134.254,34.857],[134.2527,34.8519],[134.2555,34.8483],[134.2575,34.8488],[134.2589,34.8468],[134.2627,34.8457],[134.2619,34.8437],[134.2653,34.8404],[134.2654,34.8384],[134.2618,34.8358],[134.2633,34.8327],[134.2618,34.8304],[134.2638,34.8267],[134.2663,34.8256],[134.2701,34.8274],[134.2725,34.8265],[134.2749,34.8286],[134.2775,34.828],[134.2825,34.8298],[134.2874,34.8288],[134.2879,34.8216],[134.2953,34.8186],[134.2958,34.8157],[134.2983,34.8135],[134.3021,34.8147],[134.3069,34.8115],[134.3063,34.8086],[134.3108,34.8027],[134.3171,34.802],[134.3165,34.7972],[134.3182,34.7933],[134.316,34.792],[134.3194,34.7873],[134.3158,34.781],[134.3177,34.7781],[134.3205,34.7772],[134.3201,34.776],[134.323,34.7743],[134.3294,34.7743],[134.3308,34.7708],[134.3348,34.7691],[134.3332,34.7657],[134.3305,34.7675],[134.3274,34.7666],[134.3278,34.7642],[134.3215,34.7617],[134.3183,34.7559],[134.3165,34.7439],[134.313,34.7384],[134.3169,34.7352],[134.3207,34.7356],[134.3238,34.7323],[134.321,34.729],[134.3218,34.7217],[134.3639,34.7393],[134.3842,34.7172],[134.4009,34.682],[134.3685,34.6544],[134.3447,34.6286],[134.3683,34.6084],[134.3894,34.5951],[134.4172,34.5846],[134.4505,34.5401],[134.5956,34.4692],[134.594,34.4656],[134.5197,34.385],[134.5089,34.3756],[134.5128,34.3663],[134.5164,34.3629],[134.6199,34.2801],[134.6372,34.2609],[134.6486,34.2454],[134.6525,34.2348],[134.6704,34.2131],[134.6867,34.1835],[134.6922,34.1491],[134.6969,34.1349],[134.727,34.0976],[134.7287,34.0899],[134.7666,34.0499],[134.7702,34.0473],[134.8174,34.0287],[134.8804,34.0122],[134.9177,34.0462],[134.9365,34.0847],[134.9585,34.1563],[134.9738,34.1675],[135.0032,34.1841],[134.9857,34.2491],[134.9798,34.2637],[134.9787,34.2815],[134.9791,34.295],[134.985,34.3174],[134.9897,34.351],[135.0071,34.3851],[135.0259,34.394],[135.0578,34.4184],[135.0697,34.4245],[135.0908,34.4652],[135.1117,34.4975],[135.147,34.5324],[135.2278,34.5426],[135.2624,34.5442],[135.2862,34.562],[135.3116,34.5845],[135.3144,34.5939],[135.31,34.6266],[135.3297,34.6633],[135.3779,34.6683],[135.3885,34.6745],[135.4108,34.7007],[135.4249,34.7061],[135.4311,34.7123],[135.4465,34.7187],[135.4481,34.7223],[135.4456,34.7295],[135.4477,34.7336],[135.4603,34.7331],[135.4585,34.7361],[135.4599,34.751],[135.4567,34.7517],[135.4563,34.7603],[135.4519,34.7582],[135.4501,34.76],[135.4504,34.7663],[135.4481,34.7683],[135.4447,34.7685],[135.4462,34.7771],[135.4438,34.7842],[135.4423,34.7845],[135.4426,34.7873],[135.4406,34.7899],[135.4413,34.7918],[135.437,34.7935],[135.4341,34.7966],[135.4344,34.7982],[135.4312,34.7985],[135.4286,34.8032],[135.4237,34.8021],[135.416,34.8177],[135.4162,34.8205],[135.4233,34.8286],[135.4243,34.8376],[135.4169,34.8522],[135.424,34.8522],[135.4314,34.8564],[135.4301,34.8613],[135.4348,34.87],[135.434,34.8722],[135.4375,34.8771]]]]},"properties":{"zone":5,"name":"兵庫県"}},{"type":"Feature","geometry":{"type":"MultiPolygon","coordinates":[[[[133.757,35.3082],[133.7623,35.3111],[133.7633,35.3092],[133.767,35.3086],[133.7696,35.3044],[133.7757,35.2996],[133.7824,35.2979],[133.7836,35.2948],[133.7897,35.2976],[133.7896,35.2935],[133.7974,35.2941],[133.8,35.2926],[133.799,35.2897],[133.8018,35.2874],[133.8015,35.2847],[133.8093,35.2769],[133.8075,35.2704],[133.8152,35.2649],[133.8182,35.2592],[133.818,35.2527],[133.8267,35.2495],[133.8324,35.2488],[133.8389,35.2512],[133.8444,35.2494],[133.8438,35.2537],[133.8517,35.2616],[133.8534,35.2659],[133.8557,35.2682],[133.8659,35.2723],[133.8635,35.2771],[133.8654,35.28],[133.8641,35.2828],[133.8661,35.2833],[133.8663,35.2849],[133.861,35.2869],[133.8621,35.2925],[133.8703,35.2924],[133.8767,35.2952],[133.8814,35.2939],[133.8844,35.296],[133.8861,35.2942],[133.8922,35.3001],[133.8966,35.3015],[133.898,35.3043],[133.9065,35.305],[133.9082,35.3072],[133.9252,35.3069],[133.9261,35.3101],[133.9295,35.312],[133.9319,35.3163],[133.9317,35.3187],[133.9278,35.322],[133.928,35.3245],[133.9305,35.3315],[133.9345,35.3353],[133.9453,35.3326],[133.9538,35.3382],[133.9557,35.342],[133.9696,35.3478],[133.9797,35.3434],[133.9897,35.3486],[133.9925,35.3482],[133.9977,35.3529],[134.008,35.3515],[134.0095,35.3495],[134.0148,35.3504],[134.0158,35.3461],[134.0108,35.3404],[134.0114,35.3378],[134.0155,35.3341],[134.0119,35.3298],[134.0042,35.3253],[133.9994,35.3148],[134.0081,35.3082],[134.0217,35.3056],[134.0282,35.3078],[134.0303,35.3053],[134.0423,35.3037],[134.0481,35.2985],[134.052,35.2981],[134.0547,35.2982],[134.0622,35.303],[134.0702,35.2973],[134.0707,35.2993],[134.0752,35.3026],[134.084,35.3028],[134.0864,35.3074],[134.0915,35.3052],[134.094,35.3065],[134.0978,35.3057],[134.0991,35.3014],[134.1024,35.3001],[134.103,35.2961],[134.1141,35.2885],[134.1137,35.285],[134.1157,35.2835],[134.1271,35.2801],[134.1313,35.2802],[134.1343,35.2832],[134.1398,35.2788],[134.1413,35.2747],[134.1381,35.2727],[134.1377,35.2693],[134.1401,35.2682],[134.1422,35.2639],[134.146,35.2622],[134.1455,35.2611],[134.1499,35.2602],[134.1506,35.258],[134.143,35.2507],[134.1438,35.2445],[134.1455,35.243],[134.1373,35.2387],[134.1445,35.2313],[134.1582,35.2346],[134.1614,35.2325],[134.1642,35.228],[134.1616,35.2232],[134.1635,35.2196],[134.159,35.2111],[134.1549,35.207],[134.153,35.1959],[134.1609,35.1918],[134.1656,35.1873],[134.1689,35.1802],[134.1675,35.1718],[134.1775,35.1692],[134.1901,35.1761],[134.1907,35.1801],[134.1937,35.1843],[134.1935,35.1891],[134.1984,35.1905],[134.2013,35.1906],[134.2032,35.1888],[134.2131,35.1908],[134.2165,35.1895],[134.2218,35.1905],[134.2231,35.1927],[134.2259,35.1932],[134.2256,35.1954],[134.2278,35.1972],[134.2326,35.1974],[134.235,35.1993],[134.2442,35.1985],[134.2498,35.2007],[134.2541,35.2083],[134.2605,35.211],[134.2638,35.2087],[134.268,35.2084],[134.2705,35.2014],[134.2746,35.2005],[134.2785,35.1969],[134.2917,35.2001],[134.2939,35.1993],[134.299,35.2019],[134.3136,35.2006],[134.3167,35.2023],[134.3212,35.2018],[134.3319,35.2122],[134.335,35.2132],[134.3367,35.2196],[134.3504,35.2228],[134.3548,35.2267],[134.3689,35.2317],[134.3748,35.2377],[134.373,35.2458],[134.3785,35.2464],[134.3903,35.2523],[134.3933,35.2527],[134.398,35.2503],[134.4016,35.2461],[134.4028,35.241],[134.4228,35.2372],[134.4273,35.2317],[134.4295,35.232],[134.435,35.2292],[134.4403,35.2317],[134.444,35.2368],[134.4478,35.2379],[134.4635,35.2368],[134.4618,35.244],[134.4684,35.2463],[134.4714,35.2493],[134.4775,35.2495],[134.4822,35.2542],[134.4835,35.2601],[134.4864,35.2627],[134.49,35.2614],[134.4951,35.2669],[134.502,35.2687],[134.5045,35.2716],[134.5154,35.2777],[134.5125,35.2823],[134.5131,35.2865],[134.5093,35.294],[134.5116,35.2999],[134.5116,35.3053],[134.5148,35.3077],[134.5034,35.3185],[134.5041,35.321],[134.5019,35.3265],[134.5045,35.3372],[134.5098,35.3431],[134.5103,35.3508],[134.5128,35.3513],[134.5139,35.3536],[134.5042,35.3598],[134.5029,35.366],[134.489,35.3679],[134.4828,35.3731],[134.4749,35.3746],[134.4715,35.3798],[134.4744,35.3862],[134.4738,35.3913],[134.4776,35.3954],[134.4774,35.4001],[134.4805,35.4031],[134.4797,35.4063],[134.4814,35.4105],[134.4767,35.4143],[134.4783,35.4211],[134.4759,35.4236],[134.4799,35.425],[134.4801,35.427],[134.4714,35.4303],[134.4698,35.4335],[134.4659,35.4332],[134.4657,35.4351],[134.4627,35.4368],[134.4523,35.4365],[134.4481,35.4386],[134.4462,35.4419],[134.44,35.4429],[134.4375,35.457],[134.4382,35.4612],[134.4347,35.4634],[134.4337,35.4664],[134.4351,35.4667],[134.4343,35.4706],[134.4381,35.4761],[134.4357,35.4783],[134.4274,35.4966],[134.4282,35.5],[134.4309,35.5025],[134.4276,35.5087],[134.4244,35.5088],[134.4185,35.5141],[134.4127,35.5149],[134.4174,35.525],[134.4203,35.5274],[134.42,35.5332],[134.4233,35.5346],[134.4227,35.5375],[134.4256,35.5418],[134.4208,35.5448],[134.4251,35.5519],[134.4223,35.5566],[134.4218,35.5625],[134.4146,35.5641],[134.41,35.5628],[134.4079,35.5651],[134.405,35.5706],[134.4071,35.5772],[134.4057,35.5847],[134.4083,35.5891],[134.4052,35.5898],[134.4009,35.5956],[134.3931,35.5981],[134.3929,35.6015],[134.3869,35.6039],[134.3818,35.6033],[134.3748,35.6083],[134.3713,35.6087],[134.37,35.615],[134.3452,35.6522],[134.3406,35.6672],[134.2841,35.8031],[134.2616,35.7979],[134.2073,35.7813],[134.1783,35.7688],[134.1388,35.7461],[134.1176,35.7405],[134.0905,35.7374],[134.0644,35.7322],[134.0364,35.7362],[134.0081,35.7377],[133.9666,35.7348],[133.9345,35.7285],[133.8844,35.7159],[133.8584,35.7076],[133.8107,35.7017],[133.7678,35.7006],[133.7426,35.705],[133.7171,35.7073],[133.6585,35.7238],[133.6178,35.7304],[133.5904,35.7317],[133.5283,35.7282],[133.501,35.6634],[133.4736,35.6168],[133.4364,35.5682],[133.3956,35.5395],[133.3743,35.5196],[133.35,35.5156],[133.3325,35.515],[133.3096,35.5181],[133.2908,35.5305],[133.2843,35.5426],[133.2755,35.5528],[133.2728,35.5541],[133.2656,35.5536],[133.2504,35.5492],[133.2338,35.5494],[133.2219,35.5476],[133.201,35.5352],[133.1982,35.529],[133.1986,35.526],[133.2158,35.496],[133.2225,35.4802],[133.272,35.446],[133.3007,35.4363],[133.3087,35.4309],[133.3216,35.4077],[133.3206,35.4039],[133.3217,35.4004],[133.3198,35.3993],[133.3212,35.3957],[133.3153,35.392],[133.3137,35.3869],[133.3159,35.387],[133.3156,35.3856],[133.319,35.3835],[133.3249,35.3741],[133.3212,35.3725],[133.3185,35.3733],[133.3193,35.369],[133.316,35.3655],[133.3077,35.3658],[133.2951,35.3468],[133.2965,35.3452],[133.2952,35.3408],[133.2972,35.3382],[133.2958,35.3277],[133.2986,35.3251],[133.2959,35.322],[133.2925,35.3207],[133.2926,35.3189],[133.2987,35.3128],[133.2982,35.3116],[133.3012,35.309],[133.3024,35.3055],[133.307,35.3034],[133.2995,35.2919],[133.3074,35.2817],[133.3106,35.2679],[133.3049,35.2657],[133.3025,35.2631],[133.2957,35.2641],[133.2917,35.2607],[133.282,35.2624],[133.2757,35.2579],[133.2641,35.2584],[133.2585,35.2614],[133.2533,35.26],[133.2502,35.2565],[133.2458,35.2547],[133.2434,35.2504],[133.24,35.2506],[133.2322,35.2466],[133.2278,35.2469],[133.2256,35.2496],[133.2226,35.2491],[133.212,35.2417],[133.2063,35.2421],[133.1981,35.2399],[133.1924,35.2359],[133.1896,35.2368],[133.1816,35.2344],[133.1773,35.2304],[133.1717,35.229],[133.1723,35.2273],[133.1633,35.2226],[133.1621,35.2237],[133.1577,35.2223],[133.1552,35.2192],[133.1525,35.2189],[133.1514,35.2128],[133.1534,35.2098],[133.151,35.2069],[133.1527,35.2038],[133.1581,35.204],[133.1597,35.2066],[133.1639,35.2064],[133.1688,35.2094],[133.172,35.2087],[133.1735,35.2055],[133.1763,35.2052],[133.182,35.2014],[133.1847,35.1954],[133.1821,35.1881],[133.1853,35.1852],[133.1894,35.1846],[133.1905,35.1803],[133.1937,35.1774],[133.1934,35.1727],[133.1949,35.1699],[133.1919,35.1627],[133.1886,35.1617],[133.1839,35.1567],[133.1706,35.1534],[133.1659,35.1491],[133.1575,35.1489],[133.1551,35.1474],[133.1549,35.1439],[133.1485,35.14],[133.1486,35.1372],[133.1451,35.1313],[133.1466,35.1236],[133.1402,35.1181],[133.1421,35.1127],[133.1442,35.1112],[133.1455,35.105],[133.1398,35.1],[133.141,35.0975],[133.1386,35.0958],[133.1367,35.0906],[133.1381,35.0878],[133.1375,35.0851],[133.1423,35.0812],[133.1395,35.0792],[133.1414,35.0762],[133.1364,35.0743],[133.1359,35.0705],[133.142,35.0647],[133.1463,35.0678],[133.1482,35.0669],[133.1527,35.069],[133.1539,35.0719],[133.1583,35.0716],[133.161,35.0742],[133.1683,35.0675],[133.1732,35.0693],[133.1795,35.0673],[133.1804,35.0689],[133.2109,35.0742],[133.2301,35.068],[133.2334,35.0699],[133.2323,35.0774],[133.2358,35.0772],[133.2392,35.0795],[133.2439,35.0782],[133.2496,35.079],[133.2538,35.0752],[133.2608,35.0634],[133.2654,35.0616],[133.2691,35.0577],[133.2725,35.0595],[133.2723,35.0615],[133.2769,35.0661],[133.2843,35.0654],[133.2908,35.0709],[133.2885,35.0753],[133.2907,35.0829],[133.2902,35.0904],[133.2877,35.0941],[133.2908,35.0977],[133.2909,35.1004],[133.2931,35.1016],[133.2989,35.1039],[133.3028,35.0996],[133.3083,35.0994],[133.3104,35.0962],[133.3131,35.0981],[133.3161,35.0975],[133.3194,35.0939],[133.3255,35.0935],[133.3331,35.0995],[133.3324,35.1013],[133.3382,35.1066],[133.347,35.1057],[133.3549,35.1008],[133.3584,35.1021],[133.3592,35.1044],[133.3625,35.1054],[133.3667,35.1102],[133.373,35.113],[133.3818,35.115],[133.3879,35.1127],[133.4,35.1151],[133.4034,35.1143],[133.4058,35.118],[133.4118,35.1211],[133.4126,35.1335],[133.4112,35.1388],[133.4049,35.1433],[133.4045,35.1487],[133.4002,35.1537],[133.4007,35.1584],[133.398,35.1648],[133.3932,35.1677],[133.3969,35.1725],[133.3944,35.1761],[133.3965,35.1809],[133.4017,35.1814],[133.4074,35.1859],[133.4103,35.1841],[133.4156,35.1847],[133.4208,35.181],[133.4222,35.1761],[133.4283,35.1774],[133.4379,35.1731],[133.446,35.1729],[133.4476,35.1713],[133.4565,35.1731],[133.46,35.1778],[133.4635,35.1778],[133.4675,35.1753],[133.4704,35.1775],[133.4722,35.1771],[133.4747,35.182],[133.4826,35.1824],[133.4854,35.1864],[133.4897,35.1877],[133.496,35.1867],[133.5006,35.1926],[133.5029,35.1917],[133.508,35.1931],[133.5116,35.1897],[133.5162,35.1907],[133.5193,35.1828],[133.5262,35.1829],[133.5291,35.1872],[133.5262,35.1905],[133.5268,35.1939],[133.523,35.1965],[133.5235,35.1996],[133.5207,35.206],[133.5224,35.2081],[133.5216,35.2104],[133.5156,35.2203],[133.5113,35.2215],[133.5055,35.2282],[133.5082,35.2332],[133.5145,35.2355],[133.5167,35.2407],[133.526,35.2394],[133.5285,35.2366],[133.5348,35.2367],[133.5439,35.2432],[133.5486,35.2437],[133.5549,35.2418],[133.5574,35.2456],[133.5608,35.2467],[133.5624,35.2544],[133.5681,35.2568],[133.5669,35.2663],[133.5719,35.2726],[133.5687,35.2771],[133.5723,35.2812],[133.5705,35.2869],[133.5736,35.2887],[133.574,35.2924],[133.5776,35.2973],[133.5757,35.3004],[133.577,35.302],[133.5758,35.3041],[133.5768,35.3144],[133.5813,35.3169],[133.5828,35.3214],[133.5879,35.3249],[133.5902,35.3274],[133.5893,35.3288],[133.5924,35.3306],[133.5921,35.3327],[133.5892,35.3337],[133.5884,35.337],[133.5945,35.3408],[133.5965,35.3449],[133.6032,35.3433],[133.6054,35.3411],[133.6162,35.3409],[133.6222,35.3367],[133.6328,35.3398],[133.6385,35.3392],[133.6407,35.3367],[133.6496,35.3362],[133.6635,35.3252],[133.6696,35.3229],[133.6741,35.3233],[133.6784,35.3189],[133.6912,35.3201],[133.6917,35.3241],[133.6971,35.3271],[133.7036,35.3245],[133.7089,35.3251],[133.7172,35.3199],[133.7247,35.3197],[133.7289,35.3167],[133.7321,35.3174],[133.735,35.316],[133.7351,35.3185],[133.7376,35.319],[133.7423,35.3165],[133.745,35.3196],[133.7487,35.3171],[133.7506,35.3115],[133.757,35.3082]]]]},"properties":{"zone":5,"name":"鳥取県"}},{"type":"Feature","geometry":{"type":"MultiPolygon","coordinates":[[[[134.3726,35.2453],[134.3748,35.238],[134.3719,35.2342],[134.3688,35.2316],[134.3548,35.2267],[134.3504,35.2228],[134.3367,35.2196],[134.335,35.2132],[134.3319,35.2122],[134.3212,35.2018],[134.3167,35.2023],[134.3136,35.2006],[134.299,35.2019],[134.2939,35.1993],[134.2917,35.2001],[134.2785,35.1969],[134.2746,35.2005],[134.2705,35.2014],[134.268,35.2084],[134.2638,35.2087],[134.2605,35.211],[134.2541,35.2083],[134.2498,35.2007],[134.2442,35.1985],[134.235,35.1993],[134.2326,35.1974],[134.2278,35.1972],[134.2256,35.1954],[134.2259,35.1932],[134.2231,35.1927],[134.2218,35.1905],[134.2165,35.1895],[134.2131,35.1908],[134.2032,35.1888],[134.2013,35.1906],[134.1984,35.1905],[134.1935,35.1891],[134.1937,35.1843],[134.1899,35.1759],[134.1776,35.1692],[134.1724,35.1697],[134.1674,35.172],[134.1689,35.1802],[134.1656,35.1873],[134.1529,35.1963],[134.1549,35.207],[134.159,35.2111],[134.1635,35.2196],[134.1616,35.2232],[134.1642,35.228],[134.1614,35.2325],[134.1582,35.2346],[134.1445,35.2313],[134.1373,35.2387],[134.1455,35.243],[134.1438,35.2445],[134.143,35.2507],[134.1506,35.258],[134.1499,35.2602],[134.1455,35.2611],[134.146,35.2622],[134.1422,35.2639],[134.1401,35.2682],[134.1377,35.2693],[134.1381,35.2727],[134.1413,35.2747],[134.1398,35.2788],[134.1343,35.2832],[134.1313,35.2802],[134.1271,35.2801],[134.1157,35.2835],[134.1137,35.285],[134.1141,35.2885],[134.103,35.2961],[134.1024,35.3001],[134.0991,35.3014],[134.0978,35.3057],[134.094,35.3065],[134.0915,35.3052],[134.0864,35.3074],[134.084,35.3028],[134.0752,35.3026],[134.0707,35.2993],[134.0702,35.2973],[134.0622,35.303],[134.0547,35.2982],[134.052,35.2981],[134.0481,35.2985],[134.0423,35.3037],[134.0303,35.3053],[134.0282,35.3078],[134.0217,35.3056],[134.0081,35.3082],[133.9994,35.3148],[134.0042,35.3253],[134.0119,35.3298],[134.0155,35.3341],[134.0114,35.3378],[134.0108,35.3404],[134.0158,35.3461],[134.0148,35.3504],[134.0095,35.3495],[134.008,35.3515],[133.9977,35.3529],[133.9925,35.3482],[133.9897,35.3486],[133.9797,35.3434],[133.9696,35.3478],[133.9557,35.342],[133.9538,35.3382],[133.9453,35.3326],[133.9411,35.3346],[133.9381,35.334],[133.9371,35.3356],[133.9341,35.3351],[133.9305,35.3315],[133.928,35.3245],[133.9278,35.322],[133.9317,35.3187],[133.9319,35.3163],[133.9295,35.312],[133.9261,35.3101],[133.9252,35.3069],[133.9082,35.3072],[133.9065,35.305],[133.898,35.3043],[133.8966,35.3015],[133.8922,35.3001],[133.8861,35.2942],[133.8844,35.296],[133.8814,35.2939],[133.8767,35.2952],[133.8703,35.2924],[133.8621,35.2925],[133.861,35.2869],[133.8663,35.2849],[133.8661,35.2833],[133.8641,35.2828],[133.8654,35.28],[133.8635,35.2771],[133.8659,35.2723],[133.8557,35.2682],[133.8534,35.2659],[133.8517,35.2616],[133.8438,35.2537],[133.8446,35.2495],[133.8386,35.2512],[133.8321,35.2488],[133.818,35.2527],[133.8182,35.2592],[133.8152,35.2649],[133.8075,35.2704],[133.8093,35.2769],[133.8015,35.2847],[133.8018,35.2874],[133.799,35.2897],[133.8,35.2926],[133.7974,35.2941],[133.7896,35.2935],[133.7897,35.2976],[133.7836,35.2948],[133.7824,35.2979],[133.7757,35.2996],[133.7696,35.3044],[133.767,35.3086],[133.7633,35.3092],[133.7623,35.3111],[133.757,35.3082],[133.7507,35.3114],[133.7487,35.3171],[133.7452,35.3195],[133.7423,35.3165],[133.7376,35.319],[133.7351,35.3185],[133.735,35.316],[133.7321,35.3174],[133.7289,35.3167],[133.7247,35.3197],[133.7172,35.3199],[133.7089,35.3251],[133.7036,35.3245],[133.6971,35.3271],[133.6917,35.3241],[133.6912,35.3201],[133.6784,35.3189],[133.6741,35.3233],[133.6696,35.3229],[133.6635,35.3252],[133.6496,35.3362],[133.6407,35.3367],[133.6385,35.3392],[133.6328,35.3398],[133.6222,35.3367],[133.6162,35.3409],[133.6054,35.3411],[133.6036,35.3431],[133.5968,35.345],[133.5945,35.3408],[133.5884,35.337],[133.5892,35.3337],[133.5921,35.3327],[133.5924,35.3306],[133.5893,35.3288],[133.5902,35.3274],[133.5879,35.3249],[133.5828,35.3214],[133.5813,35.3169],[133.5768,35.3144],[133.5758,35.3041],[133.577,35.302],[133.5757,35.3004],[133.5776,35.2973],[133.574,35.2924],[133.5736,35.2887],[133.5705,35.2869],[133.5723,35.2812],[133.5687,35.2771],[133.5719,35.2726],[133.5669,35.2663],[133.5681,35.2568],[133.5624,35.2544],[133.5608,35.2467],[133.5574,35.2456],[133.5549,35.2418],[133.5486,35.2437],[133.5439,35.2432],[133.5348,35.2367],[133.5285,35.2366],[133.526,35.2394],[133.5167,35.2407],[133.5145,35.2355],[133.5082,35.2332],[133.5055,35.2282],[133.5113,35.2215],[133.5156,35.2203],[133.5216,35.2104],[133.5224,35.2081],[133.5207,35.206],[133.5235,35.1996],[133.523,35.1965],[133.5268,35.1939],[133.5262,35.1905],[133.5291,35.1872],[133.5262,35.1829],[133.5192,35.1829],[133.516,35.1908],[133.5119,35.1897],[133.508,35.1931],[133.5029,35.1917],[133.5011,35.1928],[133.496,35.1867],[133.4897,35.1877],[133.4854,35.1864],[133.4826,35.1824],[133.4746,35.1819],[133.4721,35.177],[133.4704,35.1775],[133.467,35.1752],[133.4635,35.1778],[133.46,35.1778],[133.4565,35.1731],[133.4476,35.1713],[133.446,35.1729],[133.4379,35.1731],[133.4283,35.1774],[133.4222,35.1761],[133.421,35.1808],[133.4159,35.1846],[133.4103,35.1841],[133.4073,35.1858],[133.4017,35.1814],[133.3961,35.1806],[133.3944,35.1761],[133.3969,35.1725],[133.3932,35.1681],[133.398,35.1648],[133.4007,35.1584],[133.4002,35.1537],[133.4045,35.1487],[133.4049,35.1433],[133.4112,35.1388],[133.4126,35.1335],[133.4118,35.1211],[133.4058,35.118],[133.4034,35.1143],[133.4,35.1151],[133.3879,35.1127],[133.3852,35.1147],[133.3782,35.1145],[133.3667,35.1102],[133.3625,35.1054],[133.3592,35.1044],[133.3584,35.1021],[133.3549,35.1008],[133.347,35.1057],[133.3384,35.1066],[133.3324,35.1013],[133.3331,35.0995],[133.3255,35.0935],[133.3194,35.0939],[133.3161,35.0975],[133.3131,35.0981],[133.3104,35.0962],[133.3083,35.0994],[133.3028,35.0996],[133.2989,35.1039],[133.2909,35.1004],[133.2909,35.0978],[133.2877,35.0938],[133.2902,35.0904],[133.2907,35.0829],[133.2885,35.0753],[133.2909,35.0711],[133.2843,35.0654],[133.2769,35.0661],[133.2723,35.0615],[133.2725,35.0595],[133.2685,35.0571],[133.2669,35.0526],[133.2734,35.0478],[133.2746,35.0447],[133.2797,35.0413],[133.2852,35.0407],[133.2908,35.0362],[133.2958,35.0295],[133.2969,35.0247],[133.3032,35.0205],[133.3045,35.0154],[133.3156,35.0125],[133.3218,35.0061],[133.3192,34.9985],[133.3218,34.9885],[133.3202,34.9836],[133.3146,34.9817],[133.3108,34.9746],[133.3031,34.9721],[133.3049,34.965],[133.3014,34.9633],[133.3019,34.9605],[133.2973,34.956],[133.3094,34.937],[133.3019,34.9289],[133.3048,34.9175],[133.3032,34.9132],[133.2975,34.9094],[133.2983,34.9065],[133.2941,34.9032],[133.297,34.8997],[133.2952,34.8957],[133.2979,34.8909],[133.2969,34.8899],[133.3011,34.8845],[133.3059,34.8819],[133.3066,34.8775],[133.3092,34.8743],[133.3144,34.8728],[133.3146,34.8692],[133.3168,34.8672],[133.324,34.8645],[133.3242,34.8622],[133.3225,34.8609],[133.3234,34.859],[133.3313,34.8557],[133.3289,34.853],[133.3311,34.8513],[133.3307,34.8495],[133.3345,34.8474],[133.3355,34.8446],[133.3326,34.8404],[133.336,34.8348],[133.339,34.8341],[133.3422,34.8303],[133.3482,34.8287],[133.347,34.8316],[133.353,34.8306],[133.3565,34.8265],[133.3587,34.8198],[133.3679,34.819],[133.3686,34.8149],[133.3745,34.8139],[133.3781,34.8084],[133.3784,34.8025],[133.3766,34.8009],[133.3776,34.7971],[133.3697,34.7892],[133.3705,34.7854],[133.3768,34.7818],[133.3724,34.78],[133.3703,34.7753],[133.3674,34.7743],[133.3669,34.7685],[133.3646,34.7673],[133.3677,34.7615],[133.3644,34.7599],[133.3618,34.7556],[133.3669,34.7539],[133.3681,34.7522],[133.3673,34.7496],[133.3704,34.7469],[133.3609,34.7345],[133.3582,34.7333],[133.3617,34.7268],[133.3698,34.7228],[133.3685,34.7182],[133.3716,34.7132],[133.3698,34.7097],[133.3733,34.7077],[133.3721,34.705],[133.3745,34.7012],[133.3742,34.6954],[133.3814,34.6917],[133.3867,34.6849],[133.3827,34.6803],[133.3858,34.6773],[133.3926,34.6758],[133.3946,34.6737],[133.3968,34.6755],[133.4034,34.6719],[133.4002,34.6599],[133.3964,34.6559],[133.3965,34.6521],[133.3949,34.6497],[133.392,34.6497],[133.3907,34.6438],[133.3885,34.6434],[133.3878,34.641],[133.3891,34.6397],[133.3872,34.6364],[133.3919,34.6313],[133.3847,34.6252],[133.3834,34.6218],[133.3847,34.6168],[133.3928,34.6117],[133.3923,34.6081],[133.3959,34.6053],[133.3982,34.5976],[133.397,34.5949],[133.4058,34.5893],[133.4128,34.5892],[133.4132,34.5867],[133.4207,34.5872],[133.4229,34.5859],[133.4228,34.5796],[133.4277,34.5714],[133.4267,34.5691],[133.4312,34.5663],[133.4351,34.5658],[133.4403,34.5593],[133.4462,34.5563],[133.4454,34.5499],[133.4475,34.549],[133.4492,34.545],[133.4487,34.5397],[133.4514,34.5384],[133.4544,34.5315],[133.4471,34.5203],[133.45,34.5123],[133.4466,34.5119],[133.445,34.5074],[133.4449,34.5059],[133.4468,34.5055],[133.4534,34.5067],[133.4564,34.4999],[133.4554,34.4949],[133.4515,34.492],[133.4486,34.4883],[133.449,34.4859],[133.4459,34.4832],[133.4463,34.4785],[133.4504,34.4733],[133.4509,34.4528],[133.4589,34.4425],[133.4759,34.4028],[133.4755,34.3789],[133.486,34.3612],[133.4823,34.3492],[133.4734,34.3371],[133.4931,34.3194],[133.4974,34.3021],[133.4856,34.2518],[133.5806,34.299],[133.5864,34.3279],[133.591,34.3378],[133.6015,34.3511],[133.6077,34.3637],[133.6184,34.3749],[133.6163,34.389],[133.617,34.3993],[133.601,34.4241],[133.6414,34.449],[133.6489,34.4455],[133.659,34.4381],[133.6995,34.4232],[133.7235,34.4288],[133.7592,34.4222],[133.7626,34.4179],[133.7683,34.417],[133.7751,34.418],[133.793,34.4298],[133.8051,34.4312],[133.8085,34.4297],[133.8142,34.4231],[133.8239,34.4221],[133.8304,34.4149],[133.8389,34.4218],[133.8668,34.4237],[133.8889,34.4189],[133.9182,34.4183],[133.9296,34.42],[133.9413,34.4322],[133.9501,34.4538],[133.9501,34.4628],[133.9443,34.4714],[133.9438,34.4757],[133.967,34.4932],[133.9646,34.5112],[133.9652,34.5136],[133.9707,34.5173],[133.9763,34.5184],[133.9848,34.5146],[133.9974,34.4954],[134.0098,34.4984],[134.012,34.4962],[134.0166,34.4959],[134.0191,34.4984],[134.0194,34.5033],[134.0227,34.5063],[134.0495,34.5132],[134.0533,34.5258],[134.0656,34.5318],[134.1068,34.5268],[134.1101,34.5302],[134.1304,34.5419],[134.1526,34.5645],[134.1734,34.5651],[134.1969,34.5588],[134.2144,34.5644],[134.2241,34.5691],[134.2447,34.587],[134.2568,34.5946],[134.283,34.6176],[134.3447,34.6286],[134.3685,34.6544],[134.4009,34.682],[134.3842,34.7172],[134.3639,34.7393],[134.3218,34.7217],[134.321,34.729],[134.3238,34.7323],[134.3207,34.7356],[134.3169,34.7352],[134.313,34.7384],[134.3165,34.7439],[134.3183,34.7559],[134.3215,34.7617],[134.3278,34.7642],[134.3274,34.7666],[134.3305,34.7675],[134.3332,34.7657],[134.3348,34.7691],[134.3308,34.7708],[134.3294,34.7743],[134.323,34.7743],[134.3201,34.776],[134.3205,34.7772],[134.3177,34.7781],[134.3158,34.781],[134.3194,34.7873],[134.316,34.792],[134.3182,34.7933],[134.3165,34.7972],[134.3171,34.802],[134.3108,34.8027],[134.3063,34.8086],[134.3069,34.8115],[134.3021,34.8147],[134.2983,34.8135],[134.2958,34.8157],[134.2953,34.8186],[134.2879,34.8216],[134.2874,34.8288],[134.2825,34.8298],[134.2775,34.828],[134.2749,34.8286],[134.2725,34.8265],[134.2701,34.8274],[134.2663,34.8256],[134.2638,34.8267],[134.2618,34.8304],[134.2633,34.8327],[134.2618,34.8358],[134.2654,34.8384],[134.2653,34.8404],[134.2619,34.8437],[134.2627,34.8457],[134.2589,34.8468],[134.2575,34.8488],[134.2555,34.8483],[134.2527,34.8519],[134.254,34.857],[134.256,34.8585],[134.2553,34.8599],[134.2585,34.8626],[134.2601,34.8671],[134.259,34.8703],[134.2634,34.8711],[134.2671,34.8754],[134.264,34.8781],[134.2628,34.8843],[134.2645,34.8852],[134.27,34.8836],[134.2687,34.8878],[134.2728,34.8903],[134.2735,34.8926],[134.2778,34.8951],[134.2834,34.8953],[134.2843,34.8971],[134.2891,34.8977],[134.2884,34.9004],[134.2949,34.9041],[134.2928,34.9114],[134.2898,34.9108],[134.2874,34.9127],[134.2874,34.9153],[134.284,34.917],[134.2845,34.921],[134.2785,34.9216],[134.2748,34.9243],[134.2761,34.9295],[134.2748,34.9311],[134.2674,34.9365],[134.2672,34.9354],[134.2648,34.937],[134.2635,34.9361],[134.2627,34.9377],[134.2588,34.934],[134.2584,34.9357],[134.2541,34.9377],[134.2543,34.9462],[134.2578,34.9478],[134.26,34.9523],[134.2665,34.9542],[134.2675,34.9576],[134.277,34.9632],[134.2733,34.9674],[134.275,34.9686],[134.2746,34.9712],[134.277,34.9768],[134.2696,34.9786],[134.2709,34.9838],[134.2729,34.9863],[134.2776,34.9868],[134.279,34.9911],[134.2867,34.9961],[134.2822,34.9967],[134.2786,35.0014],[134.2769,35.0008],[134.2653,35.0053],[134.2665,35.0086],[134.2634,35.0113],[134.2655,35.0131],[134.2686,35.0126],[134.2653,35.014],[134.2644,35.0166],[134.2686,35.018],[134.2682,35.0221],[134.2755,35.0235],[134.2816,35.0336],[134.2816,35.0372],[134.2925,35.0375],[134.2928,35.0394],[134.2973,35.0431],[134.3053,35.0402],[134.3076,35.0416],[134.3063,35.0439],[134.3078,35.0459],[134.3169,35.0435],[134.3171,35.0472],[134.3143,35.0506],[134.3145,35.0609],[134.3172,35.0656],[134.3217,35.0688],[134.3189,35.0833],[134.3316,35.0874],[134.3328,35.0862],[134.3365,35.0888],[134.3372,35.0914],[134.3404,35.0887],[134.3503,35.091],[134.3512,35.0963],[134.3551,35.0992],[134.3524,35.1064],[134.353,35.1135],[134.3607,35.1202],[134.3598,35.1233],[134.3562,35.1244],[134.3604,35.1291],[134.3602,35.134],[134.3633,35.1355],[134.3618,35.1377],[134.3624,35.14],[134.3674,35.147],[134.3711,35.1475],[134.3749,35.151],[134.3793,35.1491],[134.3831,35.1525],[134.3883,35.1513],[134.3943,35.1527],[134.407,35.1473],[134.4123,35.1536],[134.4131,35.1588],[134.4111,35.1627],[134.4061,35.1655],[134.4071,35.1699],[134.4126,35.1777],[134.4118,35.186],[134.3997,35.1876],[134.3921,35.1927],[134.3885,35.1923],[134.383,35.1944],[134.3836,35.1991],[134.38,35.2094],[134.3825,35.2217],[134.3969,35.2275],[134.3969,35.2304],[134.4028,35.241],[134.4017,35.2458],[134.398,35.2503],[134.3931,35.2527],[134.3726,35.2453]]]]},"properties":{"zone":5,"name":"岡山県"}},{"type":"Feature","geometry":{"type":"MultiPolygon","coordinates":[[[[135.9221,34.7548],[135.9244,34.7577],[135.9288,34.7566],[135.9274,34.7545],[135.9289,34.7519],[135.9231,34.7448],[135.9235,34.7419],[135.9256,34.7403],[135.9325,34.7376],[135.937,34.7401],[135.9429,34.7375],[135.9438,34.7413],[135.9548,34.7483],[135.9579,34.7446],[135.9586,34.7403],[135.9622,34.74],[135.966,34.7432],[135.9696,34.7405],[135.9719,34.7421],[135.9748,34.7404],[135.9761,34.7411],[135.9777,34.7375],[135.9808,34.7372],[135.9814,34.7349],[135.9838,34.7342],[135.9827,34.7321],[135.9861,34.7265],[135.985,34.7192],[135.9863,34.7152],[135.9923,34.7146],[135.9922,34.7122],[135.9997,34.713],[136.0049,34.7173],[136.0093,34.7166],[136.0134,34.7131],[136.0132,34.7081],[136.0193,34.7086],[136.0268,34.7061],[136.0288,34.7063],[136.0278,34.7099],[136.0293,34.7137],[136.0312,34.7137],[136.0338,34.7177],[136.0395,34.7202],[136.043,34.7361],[136.05,34.7386],[136.0555,34.7386],[136.0497,34.7406],[136.0474,34.7444],[136.0391,34.7495],[136.0374,34.7543],[136.0381,34.7565],[136.0305,34.7558],[136.0286,34.7575],[136.031,34.7619],[136.0293,34.7651],[136.0341,34.7741],[136.0336,34.7794],[136.0226,34.7823],[136.0199,34.7865],[136.0201,34.7902],[136.0223,34.7916],[136.0164,34.7946],[136.0159,34.7978],[136.0112,34.7959],[136.0102,34.7997],[136.0167,34.8111],[136.0286,34.816],[136.0283,34.8201],[136.0163,34.8289],[136.0155,34.8266],[136.0122,34.8252],[136.0055,34.8264],[136.0023,34.8329],[136.0036,34.8411],[136.0053,34.8429],[136.0044,34.844],[135.9992,34.845],[135.9945,34.8421],[135.9919,34.8429],[135.9876,34.8406],[135.9849,34.8415],[135.9818,34.8392],[135.9699,34.8378],[135.9721,34.846],[135.9678,34.8467],[135.9666,34.8492],[135.9627,34.8504],[135.9614,34.8547],[135.9464,34.8516],[135.947,34.8538],[135.9452,34.8585],[135.9409,34.8639],[135.9437,34.875],[135.9432,34.8783],[135.9397,34.8814],[135.9412,34.8845],[135.9396,34.8886],[135.941,34.8937],[135.936,34.8916],[135.9336,34.888],[135.9287,34.8881],[135.9232,34.8836],[135.9186,34.8848],[135.9127,34.8835],[135.9099,34.8804],[135.9097,34.8772],[135.9068,34.8755],[135.9074,34.874],[135.8979,34.8713],[135.892,34.8746],[135.885,34.8755],[135.8857,34.8786],[135.8886,34.8799],[135.8869,34.8832],[135.8842,34.8845],[135.8812,34.8838],[135.8666,34.8921],[135.8673,34.8969],[135.8629,34.9034],[135.8712,34.9099],[135.8713,34.9148],[135.8687,34.9195],[135.8719,34.9239],[135.8707,34.926],[135.8799,34.9345],[135.876,34.9432],[135.8787,34.947],[135.8742,34.955],[135.8639,34.9576],[135.863,34.9608],[135.8562,34.9667],[135.8556,34.9699],[135.8524,34.9708],[135.8548,34.975],[135.8539,34.9772],[135.8567,34.9797],[135.8567,34.9825],[135.855,34.9847],[135.8491,34.9848],[135.8493,34.9917],[135.8436,34.9896],[135.8268,34.9913],[135.8295,34.9936],[135.8324,35.0008],[135.8355,34.9993],[135.8366,35.0012],[135.8327,35.0094],[135.8243,35.0087],[135.8202,35.013],[135.8202,35.0152],[135.8249,35.0124],[135.8355,35.0123],[135.8345,35.0221],[135.8274,35.0221],[135.8264,35.0237],[135.8277,35.0304],[135.8256,35.032],[135.8246,35.0356],[135.8215,35.0362],[135.8156,35.0414],[135.8162,35.0436],[135.8148,35.0452],[135.8166,35.048],[135.8214,35.0496],[135.8258,35.0534],[135.8328,35.0528],[135.8349,35.0556],[135.8358,35.0623],[135.8319,35.0715],[135.8366,35.0789],[135.8383,35.0791],[135.8399,35.0859],[135.835,35.0913],[135.8393,35.0998],[135.8429,35.1025],[135.8444,35.1136],[135.8473,35.1142],[135.8499,35.1206],[135.8494,35.1258],[135.8523,35.1343],[135.8501,35.1353],[135.8506,35.1382],[135.8488,35.1422],[135.8526,35.146],[135.8539,35.1519],[135.8568,35.1536],[135.8569,35.157],[135.8561,35.1596],[135.8484,35.1613],[135.8454,35.1654],[135.8424,35.1739],[135.8433,35.1787],[135.8409,35.1797],[135.8402,35.1819],[135.8419,35.1898],[135.8373,35.1963],[135.8352,35.2022],[135.8356,35.2065],[135.831,35.2105],[135.8326,35.2141],[135.83,35.2158],[135.8307,35.2184],[135.8293,35.2203],[135.8307,35.2227],[135.8381,35.2261],[135.8377,35.2372],[135.8345,35.2411],[135.8399,35.2439],[135.8402,35.2479],[135.844,35.2515],[135.8425,35.2539],[135.8461,35.2571],[135.8447,35.262],[135.8475,35.2667],[135.8549,35.2714],[135.8546,35.2756],[135.8585,35.2784],[135.8586,35.2812],[135.8608,35.283],[135.8584,35.2892],[135.8518,35.2861],[135.8492,35.2797],[135.841,35.2778],[135.838,35.2746],[135.8344,35.2741],[135.8296,35.2767],[135.8201,35.2908],[135.8214,35.2971],[135.8197,35.2993],[135.8151,35.301],[135.8145,35.307],[135.8102,35.3092],[135.8112,35.3135],[135.8093,35.3164],[135.8034,35.3173],[135.7911,35.3235],[135.79,35.3282],[135.7859,35.3305],[135.7808,35.3406],[135.7791,35.3399],[135.7743,35.3428],[135.7641,35.3446],[135.7677,35.3531],[135.7697,35.3543],[135.7688,35.356],[135.7631,35.3563],[135.7596,35.3531],[135.7451,35.3589],[135.7402,35.3584],[135.7408,35.354],[135.7364,35.3511],[135.7315,35.3506],[135.7278,35.3526],[135.724,35.3518],[135.7184,35.3554],[135.7167,35.3535],[135.7131,35.3534],[135.7107,35.348],[135.7049,35.3466],[135.7009,35.3437],[135.69,35.3479],[135.6849,35.3474],[135.6809,35.3499],[135.6752,35.3503],[135.6741,35.3529],[135.6696,35.3542],[135.6682,35.3571],[135.6609,35.3564],[135.6584,35.3591],[135.6495,35.3612],[135.6421,35.3669],[135.6364,35.3637],[135.6235,35.3699],[135.615,35.3711],[135.6117,35.3693],[135.6111,35.3668],[135.6069,35.3717],[135.5999,35.3712],[135.5957,35.3729],[135.5939,35.3705],[135.5881,35.3683],[135.5791,35.3751],[135.5682,35.3748],[135.5644,35.3777],[135.5594,35.3764],[135.5528,35.3779],[135.537,35.3767],[135.5299,35.379],[135.5276,35.3801],[135.5262,35.3862],[135.5283,35.3873],[135.5286,35.3905],[135.5317,35.3933],[135.5302,35.3974],[135.5277,35.3978],[135.5251,35.4027],[135.53,35.4101],[135.5275,35.4124],[135.5258,35.4204],[135.5208,35.4229],[135.5157,35.4219],[135.5108,35.4246],[135.502,35.42],[135.4997,35.4242],[135.4953,35.4262],[135.4968,35.4311],[135.5008,35.433],[135.4979,35.4374],[135.4955,35.4389],[135.4882,35.4391],[135.4894,35.441],[135.4861,35.4486],[135.4806,35.4482],[135.4709,35.454],[135.4695,35.4581],[135.4629,35.4622],[135.4584,35.4682],[135.459,35.4732],[135.4669,35.484],[135.4696,35.4847],[135.4704,35.4891],[135.4727,35.49],[135.475,35.488],[135.4763,35.4897],[135.4726,35.5012],[135.4762,35.5055],[135.4728,35.5083],[135.4668,35.5093],[135.4641,35.513],[135.4498,35.5212],[135.4498,35.5272],[135.4545,35.534],[135.4542,35.5376],[135.4603,35.5439],[135.4605,35.5485],[135.4723,35.5538],[135.4948,35.5593],[135.4998,35.5686],[135.5131,35.5809],[135.5818,35.6144],[135.6194,35.6838],[135.6232,35.7001],[135.632,35.7117],[135.6795,35.8694],[135.4958,36.1032],[135.4752,36.15],[135.1102,35.9574],[135.0581,35.9473],[134.9868,35.9231],[134.9429,35.9033],[134.913,35.8835],[134.885,35.875],[134.8591,35.8641],[134.8631,35.8409],[134.8513,35.7548],[134.8636,35.6757],[134.8678,35.6595],[134.8673,35.6561],[134.8641,35.6517],[134.8677,35.6497],[134.8658,35.6455],[134.8671,35.6414],[134.8658,35.6383],[134.8674,35.6361],[134.8713,35.6364],[134.8703,35.6314],[134.8739,35.6212],[134.8707,35.6148],[134.8664,35.6134],[134.8675,35.609],[134.8654,35.599],[134.8604,35.5945],[134.8552,35.5933],[134.8564,35.5918],[134.8537,35.5891],[134.8561,35.5866],[134.8626,35.5871],[134.8624,35.584],[134.869,35.5798],[134.8678,35.5761],[134.872,35.5764],[134.8758,35.574],[134.8812,35.5674],[134.8811,35.564],[134.8877,35.5601],[134.8908,35.5613],[134.8929,35.559],[134.9009,35.5561],[134.9031,35.5494],[134.9068,35.5483],[134.9075,35.5467],[134.9146,35.5453],[134.9149,35.5418],[134.918,35.5409],[134.9193,35.5381],[134.9175,35.5357],[134.9181,35.5308],[134.9151,35.5277],[134.9232,35.5217],[134.9233,35.5164],[134.9269,35.5125],[134.9301,35.5117],[134.9329,35.5133],[134.9492,35.5139],[134.9542,35.5162],[134.9583,35.5129],[134.9605,35.5129],[134.9634,35.5145],[134.9653,35.5199],[134.9717,35.5242],[134.9795,35.5241],[134.982,35.5285],[134.9883,35.5296],[134.9931,35.5342],[135.0049,35.5357],[135.008,35.5336],[135.0157,35.5375],[135.03,35.5403],[135.0369,35.5386],[135.0362,35.5306],[135.0392,35.5288],[135.0407,35.5219],[135.043,35.52],[135.0429,35.5112],[135.0452,35.5087],[135.0412,35.5036],[135.0322,35.4972],[135.0414,35.4946],[135.0427,35.4923],[135.0401,35.4817],[135.0357,35.4802],[135.0351,35.4766],[135.0353,35.475],[135.041,35.4733],[135.0415,35.4679],[135.0446,35.4636],[135.0434,35.462],[135.0453,35.4553],[135.0498,35.4511],[135.0518,35.4425],[135.0494,35.4401],[135.0486,35.432],[135.0471,35.4299],[135.0484,35.4263],[135.0471,35.4236],[135.0502,35.4198],[135.0492,35.4077],[135.03,35.4101],[135.0297,35.4056],[135.0236,35.401],[135.0192,35.3941],[135.0162,35.3931],[135.014,35.3941],[135.0116,35.3916],[135.0056,35.3908],[135.002,35.3871],[134.9911,35.3856],[134.9871,35.3889],[134.9886,35.3933],[134.9855,35.3962],[134.9808,35.3984],[134.9709,35.399],[134.9596,35.409],[134.9548,35.4085],[134.9461,35.4133],[134.9336,35.4071],[134.9315,35.4014],[134.9275,35.3994],[134.9256,35.394],[134.9234,35.3943],[134.923,35.3911],[134.9266,35.3857],[134.9272,35.3798],[134.9189,35.3645],[134.9234,35.354],[134.9189,35.3501],[134.9171,35.3403],[134.9256,35.3365],[134.9281,35.3304],[134.9248,35.3267],[134.9263,35.322],[134.9212,35.3172],[134.9247,35.3117],[134.9347,35.3077],[134.9433,35.3083],[134.946,35.3072],[134.9471,35.3039],[134.9601,35.2979],[134.9662,35.2979],[134.9679,35.296],[134.9864,35.2926],[134.9929,35.2891],[134.9991,35.2909],[134.9999,35.2873],[135.0075,35.2855],[135.0117,35.2811],[135.012,35.2762],[135.0094,35.2709],[135.0109,35.2696],[135.0183,35.2693],[135.024,35.2652],[135.0287,35.265],[135.0375,35.2607],[135.0423,35.2641],[135.0496,35.262],[135.0546,35.2649],[135.0568,35.2646],[135.0558,35.2592],[135.0583,35.2542],[135.0614,35.2517],[135.0606,35.2487],[135.0643,35.2464],[135.0642,35.2424],[135.0679,35.2374],[135.0729,35.2396],[135.075,35.2436],[135.0801,35.2441],[135.0829,35.2464],[135.0854,35.2532],[135.0896,35.2545],[135.0933,35.2598],[135.0989,35.2588],[135.1088,35.2663],[135.1127,35.264],[135.1228,35.2632],[135.1287,35.2607],[135.1348,35.265],[135.1378,35.2653],[135.142,35.2623],[135.147,35.264],[135.1573,35.2612],[135.162,35.2578],[135.1607,35.2567],[135.1612,35.2537],[135.166,35.2463],[135.1669,35.2403],[135.162,35.2312],[135.1565,35.2298],[135.1548,35.2265],[135.1631,35.2201],[135.171,35.2203],[135.1751,35.2146],[135.1823,35.2159],[135.1872,35.2113],[135.1888,35.2068],[135.1918,35.2042],[135.1971,35.203],[135.2001,35.1955],[135.1991,35.1936],[135.1929,35.1941],[135.1867,35.1902],[135.1901,35.1832],[135.1882,35.1814],[135.1869,35.1732],[135.1873,35.1718],[135.1949,35.1713],[135.1989,35.1684],[135.2003,35.1652],[135.2042,35.1642],[135.206,35.1608],[135.22,35.1624],[135.228,35.1653],[135.2322,35.1775],[135.2364,35.1777],[135.2379,35.1763],[135.2492,35.1769],[135.25,35.178],[135.2536,35.1764],[135.2575,35.1776],[135.26,35.1759],[135.2661,35.1755],[135.274,35.1773],[135.2767,35.1747],[135.2804,35.1749],[135.2834,35.1715],[135.2898,35.1718],[135.292,35.1605],[135.288,35.1582],[135.2834,35.1509],[135.2784,35.151],[135.2799,35.147],[135.2878,35.1426],[135.294,35.1416],[135.2974,35.1436],[135.3038,35.1428],[135.3076,35.1448],[135.324,35.1466],[135.327,35.1493],[135.3405,35.1501],[135.3408,35.1455],[135.3374,35.144],[135.3399,35.1408],[135.3397,35.1379],[135.3425,35.1359],[135.3547,35.1367],[135.36,35.1321],[135.368,35.1311],[135.3703,35.1322],[135.3726,35.129],[135.3898,35.1288],[135.3912,35.1265],[135.386,35.12],[135.3872,35.1165],[135.3922,35.1136],[135.3933,35.1108],[135.3892,35.1083],[135.3898,35.1049],[135.388,35.0971],[135.3905,35.0988],[135.3973,35.0959],[135.4043,35.0889],[135.4001,35.086],[135.3987,35.0817],[135.3997,35.0762],[135.3956,35.0757],[135.3935,35.0731],[135.3867,35.0725],[135.3783,35.0673],[135.3765,35.0658],[135.3774,35.061],[135.3716,35.0588],[135.3687,35.0549],[135.37,35.0525],[135.3693,35.0487],[135.3712,35.0453],[135.3762,35.044],[135.3801,35.039],[135.382,35.0276],[135.3793,35.0239],[135.38,35.0221],[135.3777,35.0203],[135.3816,35.0103],[135.3891,35.0114],[135.394,35.0087],[135.3975,35.0106],[135.4032,35.0067],[135.4098,35.0115],[135.4183,35.0029],[135.421,35.0022],[135.4335,35.0079],[135.4402,35.0077],[135.4428,35.0057],[135.4482,35.0048],[135.452,35.0018],[135.4599,35.0016],[135.4712,34.9948],[135.4819,34.9951],[135.483,34.9928],[135.4869,34.9925],[135.4889,34.99],[135.4928,34.9892],[135.4931,34.9877],[135.4875,34.9858],[135.4832,34.9819],[135.4874,34.9754],[135.4883,34.9673],[135.4909,34.968],[135.4863,34.9639],[135.4871,34.9668],[135.4819,34.9652],[135.4812,34.9624],[135.4845,34.9604],[135.4853,34.9573],[135.4873,34.9572],[135.4811,34.9497],[135.4885,34.9463],[135.4904,34.9418],[135.4944,34.9409],[135.4997,34.9413],[135.5042,34.9464],[135.5108,34.9438],[135.5146,34.9441],[135.515,34.9369],[135.5173,34.9335],[135.5211,34.9335],[135.525,34.9289],[135.5381,34.9254],[135.5361,34.9205],[135.5416,34.9152],[135.5442,34.9175],[135.5485,34.9168],[135.5495,34.9186],[135.5534,34.9155],[135.5608,34.9179],[135.5725,34.9164],[135.5813,34.9225],[135.5811,34.937],[135.5718,34.9391],[135.5673,34.9367],[135.5647,34.933],[135.5628,34.9334],[135.5656,34.9374],[135.5647,34.9424],[135.5624,34.9416],[135.562,34.938],[135.5587,34.9353],[135.5591,34.9331],[135.5573,34.9347],[135.5586,34.9372],[135.5572,34.9387],[135.5624,34.9438],[135.5612,34.9464],[135.5631,34.9537],[135.5664,34.9529],[135.5685,34.9548],[135.5786,34.9559],[135.5783,34.9606],[135.5736,34.9609],[135.5712,34.9639],[135.5709,34.9698],[135.5727,34.9712],[135.5803,34.9743],[135.5826,34.9768],[135.5848,34.9761],[135.5892,34.9672],[135.5924,34.966],[135.5948,34.9697],[135.5974,34.9691],[135.6035,34.9712],[135.6076,34.9693],[135.6133,34.9712],[135.6138,34.9673],[135.6187,34.9581],[135.6165,34.9576],[135.6171,34.9557],[135.6152,34.9537],[135.6161,34.9528],[135.6126,34.9467],[135.614,34.946],[135.6115,34.9439],[135.6131,34.9417],[135.611,34.9422],[135.6108,34.9397],[135.6085,34.9396],[135.6062,34.935],[135.6034,34.936],[135.5993,34.9283],[135.6152,34.9276],[135.6238,34.9349],[135.6276,34.9336],[135.6292,34.9351],[135.6328,34.9347],[135.6366,34.931],[135.6385,34.9321],[135.6428,34.9307],[135.6449,34.9276],[135.6495,34.9251],[135.6508,34.9199],[135.6535,34.9173],[135.6533,34.9162],[135.6482,34.9169],[135.6485,34.9095],[135.6537,34.9096],[135.6616,34.9038],[135.664,34.905],[135.6639,34.9022],[135.6668,34.9043],[135.6758,34.8993],[135.6751,34.8949],[135.677,34.8952],[135.6796,34.8898],[135.6828,34.8879],[135.6799,34.8813],[135.6822,34.8805],[135.6835,34.8776],[135.6819,34.8754],[135.6822,34.8726],[135.6911,34.8689],[135.6914,34.8614],[135.6945,34.8611],[135.6907,34.8565],[135.6949,34.8483],[135.7023,34.8517],[135.7077,34.8493],[135.7102,34.8466],[135.7111,34.8413],[135.7157,34.8379],[135.7242,34.8233],[135.7325,34.8224],[135.7351,34.8199],[135.738,34.8119],[135.746,34.8036],[135.746,34.7987],[135.7434,34.7939],[135.7407,34.7934],[135.7395,34.7912],[135.7408,34.7885],[135.7323,34.7827],[135.7286,34.778],[135.7332,34.7549],[135.7366,34.7553],[135.7364,34.75],[135.7472,34.7465],[135.7491,34.7414],[135.757,34.7361],[135.7553,34.7339],[135.7555,34.7275],[135.7569,34.7284],[135.766,34.7254],[135.7733,34.7258],[135.7735,34.7242],[135.7777,34.7231],[135.7914,34.7249],[135.7952,34.7234],[135.7963,34.7205],[135.7992,34.7231],[135.8037,34.7219],[135.8058,34.718],[135.8119,34.7176],[135.8122,34.7153],[135.8104,34.7147],[135.8136,34.7152],[135.82,34.7117],[135.8245,34.7135],[135.8279,34.7123],[135.8318,34.7134],[135.8391,34.7118],[135.8417,34.7093],[135.8493,34.7083],[135.8492,34.706],[135.8643,34.7064],[135.8661,34.7099],[135.8732,34.7112],[135.8759,34.7139],[135.8779,34.7123],[135.8812,34.7141],[135.8852,34.7136],[135.8901,34.7083],[135.8922,34.7181],[135.8954,34.7249],[135.8972,34.7256],[135.8974,34.7309],[135.9011,34.731],[135.903,34.7329],[135.9032,34.7363],[135.9113,34.7432],[135.9162,34.7537],[135.9207,34.7529],[135.9221,34.7548]]]]},"properties":{"zone":6,"name":"京都府"}},{"type":"Feature","geometry":{"type":"MultiPolygon","coordinates":[[[[135.6711,34.6616],[135.6701,34.6629],[135.6711,34.6669],[135.6791,34.6779],[135.6775,34.6801],[135.6786,34.6838],[135.6731,34.6907],[135.6741,34.698],[135.6731,34.7019],[135.6815,34.7105],[135.6876,34.7114],[135.6982,34.7209],[135.7041,34.7238],[135.7006,34.7298],[135.7001,34.7355],[135.6968,34.7437],[135.6992,34.7457],[135.698,34.7497],[135.7021,34.7508],[135.7067,34.7485],[135.7102,34.7539],[135.7084,34.7664],[135.71,34.7715],[135.7066,34.7725],[135.7098,34.7774],[135.7097,34.7804],[135.7119,34.7814],[135.7156,34.7799],[135.7207,34.7745],[135.7273,34.7762],[135.7323,34.7827],[135.7408,34.7885],[135.7396,34.7914],[135.7407,34.7934],[135.7434,34.7939],[135.7466,34.8016],[135.7368,34.8137],[135.7351,34.8199],[135.7325,34.8224],[135.7242,34.8233],[135.7157,34.8379],[135.7111,34.8413],[135.7102,34.8466],[135.7077,34.8493],[135.7023,34.8517],[135.6949,34.8483],[135.6907,34.8565],[135.6945,34.8611],[135.6914,34.8614],[135.6911,34.8689],[135.6822,34.8726],[135.6819,34.8754],[135.6835,34.8776],[135.6822,34.8805],[135.6799,34.8813],[135.6828,34.8879],[135.6796,34.8898],[135.677,34.8952],[135.6751,34.8949],[135.6758,34.8993],[135.6668,34.9043],[135.6639,34.9022],[135.664,34.905],[135.6616,34.9038],[135.6537,34.9096],[135.6485,34.9095],[135.6482,34.9169],[135.6533,34.9162],[135.6535,34.9173],[135.6508,34.9199],[135.6495,34.9251],[135.6449,34.9276],[135.6428,34.9307],[135.6385,34.9321],[135.6366,34.931],[135.6328,34.9347],[135.6292,34.9351],[135.6276,34.9336],[135.6238,34.9349],[135.6152,34.9276],[135.5995,34.9282],[135.6034,34.936],[135.6062,34.935],[135.6085,34.9396],[135.6108,34.9397],[135.611,34.9422],[135.6131,34.9417],[135.6115,34.9439],[135.6139,34.9458],[135.6127,34.9468],[135.6161,34.9528],[135.6152,34.9537],[135.6171,34.9557],[135.6165,34.9576],[135.6185,34.9578],[135.6186,34.9594],[135.6157,34.9628],[135.6133,34.9712],[135.6076,34.9693],[135.6035,34.9712],[135.5974,34.9691],[135.5948,34.9697],[135.5924,34.966],[135.5892,34.9672],[135.5848,34.9761],[135.5829,34.9767],[135.5709,34.9698],[135.5713,34.9636],[135.5736,34.9609],[135.5783,34.9606],[135.5786,34.9559],[135.5685,34.9548],[135.5664,34.9529],[135.5631,34.9537],[135.5612,34.9464],[135.5624,34.9438],[135.5572,34.9387],[135.5586,34.9373],[135.5573,34.9348],[135.5584,34.9328],[135.5631,34.9422],[135.5648,34.9423],[135.566,34.9401],[135.563,34.9333],[135.5647,34.933],[135.5673,34.9367],[135.5718,34.9391],[135.5812,34.937],[135.5813,34.9225],[135.5725,34.9164],[135.5608,34.9179],[135.5534,34.9155],[135.5495,34.9186],[135.5485,34.9168],[135.5442,34.9175],[135.5411,34.9153],[135.5361,34.9205],[135.5381,34.9254],[135.525,34.9289],[135.5211,34.9335],[135.5173,34.9335],[135.515,34.9369],[135.5146,34.9441],[135.5108,34.9438],[135.5042,34.9464],[135.4997,34.9413],[135.4944,34.9409],[135.4904,34.9418],[135.4885,34.9463],[135.4811,34.9497],[135.4873,34.9572],[135.4853,34.9573],[135.4845,34.9604],[135.4812,34.9624],[135.4819,34.9652],[135.4871,34.9668],[135.4863,34.9639],[135.4909,34.968],[135.4883,34.9673],[135.4874,34.9754],[135.4832,34.9819],[135.4875,34.9858],[135.4931,34.9877],[135.4931,34.9891],[135.4889,34.99],[135.4869,34.9925],[135.483,34.9928],[135.4819,34.9951],[135.4712,34.9948],[135.4599,35.0016],[135.452,35.0018],[135.4482,35.0048],[135.4428,35.0057],[135.4402,35.0077],[135.4335,35.0079],[135.421,35.0022],[135.4183,35.0029],[135.4098,35.0115],[135.4032,35.0067],[135.3975,35.0106],[135.394,35.0087],[135.3891,35.0114],[135.3817,35.0102],[135.3777,35.0203],[135.38,35.0221],[135.3793,35.0239],[135.382,35.0276],[135.38,35.0391],[135.376,35.0441],[135.3711,35.0453],[135.3676,35.044],[135.3617,35.0465],[135.3595,35.0501],[135.3498,35.0511],[135.3488,35.0459],[135.3415,35.0431],[135.3381,35.0436],[135.3302,35.0352],[135.3336,35.0352],[135.3365,35.0327],[135.3398,35.0259],[135.3491,35.0269],[135.3547,35.0248],[135.3558,35.0166],[135.3534,35.0119],[135.3547,35.0067],[135.3515,35.0043],[135.3535,35.0009],[135.3539,34.9921],[135.3526,34.9904],[135.3595,34.9825],[135.3496,34.979],[135.3487,34.972],[135.3451,34.9669],[135.3465,34.9645],[135.3489,34.9651],[135.3542,34.9626],[135.3604,34.9545],[135.3677,34.9562],[135.373,34.9535],[135.3759,34.9563],[135.3778,34.9552],[135.3826,34.956],[135.3876,34.9509],[135.3885,34.944],[135.3924,34.9414],[135.396,34.9444],[135.4107,34.9427],[135.4113,34.9439],[135.4091,34.9455],[135.4121,34.943],[135.4095,34.9417],[135.4103,34.94],[135.4175,34.9418],[135.4169,34.938],[135.4185,34.9339],[135.433,34.938],[135.4385,34.9369],[135.4417,34.9394],[135.4491,34.9345],[135.4525,34.9298],[135.4571,34.9291],[135.461,34.9263],[135.4672,34.9288],[135.4683,34.9274],[135.4685,34.9254],[135.466,34.9244],[135.4657,34.9198],[135.4636,34.9183],[135.4567,34.9179],[135.4514,34.9199],[135.4393,34.9205],[135.4345,34.9168],[135.4254,34.9142],[135.4236,34.9112],[135.4186,34.9087],[135.42,34.9065],[135.4272,34.906],[135.4324,34.896],[135.4309,34.8924],[135.4332,34.8919],[135.4358,34.8952],[135.4436,34.8989],[135.4459,34.8972],[135.4439,34.8912],[135.4409,34.8905],[135.4375,34.8768],[135.434,34.8722],[135.4348,34.87],[135.4301,34.8613],[135.4314,34.8564],[135.424,34.8522],[135.4169,34.8522],[135.4243,34.8376],[135.4233,34.8286],[135.4162,34.8205],[135.416,34.8177],[135.4237,34.8021],[135.4286,34.8032],[135.4312,34.7985],[135.4344,34.7982],[135.4341,34.7966],[135.437,34.7935],[135.4413,34.7918],[135.4406,34.7899],[135.4426,34.7873],[135.4423,34.7845],[135.4438,34.7842],[135.4462,34.7771],[135.4447,34.7685],[135.4481,34.7683],[135.4504,34.7663],[135.4501,34.76],[135.4519,34.7582],[135.4563,34.7603],[135.4567,34.7517],[135.4599,34.751],[135.4585,34.7361],[135.4603,34.7331],[135.4477,34.7336],[135.4456,34.7295],[135.4481,34.7223],[135.4465,34.7187],[135.4311,34.7123],[135.4249,34.7061],[135.4108,34.7007],[135.3885,34.6745],[135.3779,34.6683],[135.3297,34.6633],[135.31,34.6266],[135.3144,34.5939],[135.3116,34.5845],[135.2862,34.562],[135.2624,34.5442],[135.2278,34.5426],[135.147,34.5324],[135.1117,34.4975],[135.0908,34.4652],[135.0697,34.4245],[135.0578,34.4184],[135.0259,34.394],[135.0288,34.3872],[135.0815,34.3168],[135.0842,34.314],[135.0915,34.313],[135.0973,34.3079],[135.1035,34.3111],[135.1034,34.3098],[135.1059,34.3089],[135.1064,34.3058],[135.0968,34.2966],[135.0991,34.2946],[135.0986,34.2892],[135.1014,34.2858],[135.1086,34.284],[135.1074,34.2785],[135.1116,34.2718],[135.1139,34.2744],[135.117,34.2731],[135.1208,34.2738],[135.1257,34.2775],[135.1312,34.2725],[135.1366,34.2735],[135.1396,34.2819],[135.1434,34.2804],[135.1468,34.2838],[135.1548,34.281],[135.1523,34.2747],[135.1536,34.2743],[135.1574,34.2771],[135.1669,34.2799],[135.1843,34.2788],[135.1849,34.2811],[135.1897,34.2828],[135.1918,34.2866],[135.1964,34.286],[135.1987,34.2881],[135.2052,34.2883],[135.2043,34.2979],[135.2085,34.3028],[135.208,34.3082],[135.2197,34.305],[135.225,34.3009],[135.2355,34.3036],[135.2466,34.3133],[135.2542,34.3158],[135.2579,34.3157],[135.2617,34.3125],[135.2723,34.312],[135.2828,34.3179],[135.2863,34.3134],[135.2879,34.3049],[135.2914,34.2998],[135.2934,34.2993],[135.3025,34.3047],[135.3046,34.3106],[135.304,34.3137],[135.3114,34.3136],[135.3242,34.3191],[135.3305,34.3167],[135.3279,34.3237],[135.3344,34.3256],[135.3391,34.3294],[135.3382,34.3353],[135.3422,34.3351],[135.3459,34.3305],[135.3555,34.3334],[135.359,34.333],[135.3625,34.3289],[135.3682,34.3312],[135.3755,34.331],[135.3803,34.3284],[135.3868,34.3291],[135.3881,34.3323],[135.3911,34.333],[135.397,34.3304],[135.3991,34.3325],[135.4056,34.3339],[135.409,34.3418],[135.4124,34.3419],[135.4166,34.3398],[135.4249,34.34],[135.4269,34.341],[135.4289,34.3457],[135.4356,34.3487],[135.4418,34.3474],[135.4534,34.3499],[135.4576,34.3473],[135.4657,34.3473],[135.4722,34.3528],[135.4775,34.3533],[135.4793,34.3581],[135.4854,34.3628],[135.4899,34.3553],[135.4978,34.3523],[135.4988,34.3503],[135.5017,34.3502],[135.5036,34.3467],[135.5023,34.3451],[135.5049,34.3412],[135.5024,34.3381],[135.5037,34.3365],[135.5078,34.3365],[135.5215,34.3455],[135.5258,34.3504],[135.5345,34.3521],[135.5397,34.3575],[135.5474,34.3566],[135.5516,34.3597],[135.5547,34.3595],[135.5634,34.3693],[135.5669,34.3718],[135.5728,34.3721],[135.5771,34.376],[135.583,34.377],[135.5931,34.3748],[135.595,34.3754],[135.5977,34.3804],[135.6014,34.3801],[135.6043,34.3773],[135.6137,34.3766],[135.6199,34.3845],[135.6364,34.3815],[135.639,34.3822],[135.639,34.3835],[135.6538,34.3833],[135.6597,34.3915],[135.6627,34.3933],[135.6638,34.3973],[135.6762,34.4002],[135.676,34.4056],[135.6802,34.4089],[135.6778,34.4115],[135.678,34.4134],[135.6694,34.4137],[135.6661,34.4186],[135.6662,34.4223],[135.6643,34.4232],[135.6688,34.4268],[135.6723,34.4259],[135.679,34.4328],[135.6815,34.4379],[135.681,34.442],[135.6863,34.448],[135.687,34.4515],[135.6824,34.456],[135.6819,34.461],[135.6834,34.4761],[135.6812,34.4802],[135.6842,34.4827],[135.6847,34.4854],[135.6805,34.489],[135.6783,34.4995],[135.673,34.5028],[135.6768,34.5067],[135.6759,34.5086],[135.6775,34.5097],[135.6758,34.5223],[135.6771,34.5252],[135.67,34.5306],[135.6623,34.53],[135.6595,34.5439],[135.6537,34.5414],[135.6503,34.5441],[135.6558,34.5492],[135.6565,34.5537],[135.6544,34.5539],[135.6573,34.5564],[135.6569,34.5623],[135.6645,34.5676],[135.673,34.5706],[135.6707,34.5752],[135.6721,34.5772],[135.6715,34.5799],[135.6755,34.5796],[135.6807,34.5824],[135.682,34.5851],[135.6772,34.5888],[135.6792,34.5912],[135.6776,34.5913],[135.678,34.5939],[135.6749,34.5997],[135.6757,34.6017],[135.6711,34.6037],[135.6625,34.6017],[135.6532,34.6033],[135.6501,34.6078],[135.651,34.61],[135.6567,34.6116],[135.6591,34.6148],[135.6578,34.6165],[135.6589,34.6231],[135.6632,34.6295],[135.6634,34.6333],[135.6612,34.6356],[135.663,34.6359],[135.6626,34.6403],[135.6654,34.644],[135.6658,34.649],[135.6643,34.651],[135.6695,34.6573],[135.6711,34.6616]],[[135.4415,34.7919],[135.4414,34.7919],[135.4414,34.7919],[135.4413,34.7919],[135.4413,34.7919],[135.4412,34.7919],[135.4412,34.7919],[135.4412,34.7921],[135.4414,34.792],[135.4415,34.792],[135.4415,34.7919]]]]},"properties":{"zone":6,"name":"大阪府"}},{"type":"Feature","geometry":{"type":"MultiPolygon","coordinates":[[[[136.7643,36.0677],[136.764,36.0744],[136.7543,36.0863],[136.7453,36.0851],[136.7387,36.0804],[136.7248,36.0823],[136.7111,36.0811],[136.6994,36.074],[136.6954,36.0744],[136.6923,36.0717],[136.6896,36.0733],[136.6808,36.0713],[136.6742,36.0672],[136.6707,36.0694],[136.6685,36.0678],[136.659,36.0689],[136.6577,36.0744],[136.655,36.0774],[136.6572,36.0835],[136.6534,36.0864],[136.6513,36.0922],[136.64,36.099],[136.6323,36.0994],[136.6295,36.1026],[136.6223,36.1064],[136.6149,36.1082],[136.6114,36.1128],[136.6123,36.1168],[136.6058,36.1205],[136.6017,36.1295],[136.5957,36.132],[136.5906,36.1312],[136.5874,36.1326],[136.5849,36.1359],[136.5805,36.1368],[136.5764,36.1422],[136.5632,36.1446],[136.5598,36.1532],[136.555,36.153],[136.5519,36.1549],[136.5462,36.1528],[136.5412,36.1536],[136.5312,36.1473],[136.5299,36.1489],[136.5267,36.1481],[136.5215,36.1514],[136.5107,36.1461],[136.5057,36.1466],[136.5032,36.1496],[136.4969,36.1497],[136.4918,36.1582],[136.488,36.1591],[136.4772,36.1516],[136.4741,36.1466],[136.4702,36.1456],[136.4642,36.1376],[136.4566,36.1363],[136.4486,36.1407],[136.4406,36.1373],[136.4383,36.1421],[136.4318,36.1435],[136.4278,36.1473],[136.4243,36.1545],[136.4143,36.1566],[136.4114,36.1606],[136.4133,36.167],[136.4093,36.1722],[136.4048,36.1703],[136.3968,36.1704],[136.3901,36.1674],[136.3689,36.1698],[136.3657,36.1661],[136.358,36.1651],[136.3549,36.169],[136.3441,36.173],[136.3357,36.1849],[136.337,36.1908],[136.3361,36.1943],[136.3328,36.1957],[136.3317,36.2003],[136.3293,36.202],[136.3279,36.2088],[136.3314,36.2174],[136.329,36.2213],[136.329,36.2244],[136.3323,36.2298],[136.3285,36.2304],[136.3268,36.2323],[136.3226,36.2318],[136.317,36.2348],[136.3154,36.238],[136.3176,36.2408],[136.3153,36.2459],[136.3084,36.2468],[136.3032,36.2529],[136.3032,36.2559],[136.3012,36.2582],[136.2988,36.2579],[136.2939,36.261],[136.2855,36.2617],[136.2828,36.2659],[136.2804,36.2644],[136.2756,36.2662],[136.2668,36.2651],[136.2659,36.266],[136.2684,36.2699],[136.2631,36.269],[136.264,36.2714],[136.2615,36.2729],[136.2641,36.2749],[136.2619,36.2762],[136.2642,36.2783],[136.2624,36.2796],[136.2598,36.2779],[136.2563,36.2797],[136.2587,36.2892],[136.2455,36.2942],[136.1287,36.3836],[136.1041,36.4231],[136.0817,36.4515],[136.0413,36.4435],[136.0159,36.4353],[135.992,36.4252],[135.959,36.4066],[135.9397,36.3922],[135.4752,36.15],[135.4958,36.1032],[135.6795,35.8694],[135.632,35.7117],[135.6232,35.7001],[135.6194,35.6838],[135.5818,35.6144],[135.5131,35.5809],[135.4998,35.5686],[135.4948,35.5593],[135.4723,35.5538],[135.4605,35.5485],[135.4603,35.5439],[135.4542,35.5376],[135.4545,35.534],[135.4498,35.5272],[135.4498,35.5212],[135.4641,35.513],[135.4668,35.5093],[135.4728,35.5083],[135.4762,35.5055],[135.4726,35.5012],[135.4763,35.4897],[135.475,35.488],[135.4727,35.49],[135.4704,35.4891],[135.4696,35.4847],[135.4669,35.484],[135.459,35.4732],[135.4584,35.4682],[135.4629,35.4622],[135.4695,35.4581],[135.4709,35.454],[135.4806,35.4482],[135.4861,35.4486],[135.4894,35.441],[135.4882,35.4391],[135.4955,35.4389],[135.4979,35.4374],[135.5008,35.433],[135.4968,35.4311],[135.4953,35.4262],[135.4997,35.4242],[135.502,35.42],[135.5108,35.4246],[135.5157,35.4219],[135.5208,35.4229],[135.5258,35.4204],[135.5275,35.4124],[135.53,35.4101],[135.5251,35.4027],[135.5277,35.3978],[135.5302,35.3974],[135.5317,35.3933],[135.5286,35.3905],[135.5283,35.3873],[135.5262,35.3862],[135.5276,35.3801],[135.5299,35.379],[135.537,35.3767],[135.5528,35.3779],[135.5594,35.3764],[135.5644,35.3777],[135.5682,35.3748],[135.5791,35.3751],[135.5881,35.3683],[135.5939,35.3705],[135.5957,35.3729],[135.5999,35.3712],[135.6069,35.3717],[135.6111,35.3668],[135.6117,35.3693],[135.615,35.3711],[135.6235,35.3699],[135.6364,35.3637],[135.6421,35.3669],[135.6495,35.3612],[135.6584,35.3591],[135.6609,35.3564],[135.6682,35.3571],[135.6696,35.3542],[135.6741,35.3529],[135.6752,35.3503],[135.6809,35.3499],[135.6849,35.3474],[135.69,35.3479],[135.7009,35.3437],[135.7049,35.3466],[135.7107,35.348],[135.7131,35.3534],[135.7167,35.3535],[135.7184,35.3554],[135.724,35.3518],[135.7359,35.351],[135.7408,35.354],[135.7402,35.3584],[135.7447,35.359],[135.7597,35.3531],[135.7631,35.3563],[135.7688,35.356],[135.7743,35.365],[135.7777,35.3659],[135.7798,35.3717],[135.779,35.3734],[135.7844,35.3774],[135.7907,35.3788],[135.792,35.3813],[135.7909,35.3866],[135.7952,35.3874],[135.7992,35.3849],[135.8049,35.3844],[135.8075,35.3854],[135.8101,35.3917],[135.808,35.3944],[135.8107,35.4092],[135.8137,35.4133],[135.819,35.4125],[135.8267,35.4147],[135.8363,35.412],[135.8391,35.4144],[135.8497,35.4106],[135.8532,35.4115],[135.8556,35.409],[135.8543,35.4008],[135.8604,35.3953],[135.8647,35.3944],[135.8906,35.4032],[135.8935,35.4107],[135.893,35.4198],[135.901,35.4258],[135.9027,35.4294],[135.911,35.4303],[135.9144,35.4326],[135.9146,35.438],[135.9123,35.441],[135.9132,35.4451],[135.9098,35.447],[135.9146,35.4519],[135.9149,35.4591],[135.9174,35.4671],[135.9159,35.4709],[135.9217,35.476],[135.9237,35.4815],[135.9223,35.4859],[135.9244,35.4896],[135.93,35.4923],[135.938,35.5112],[135.9396,35.5205],[135.947,35.5205],[135.9517,35.5116],[135.9524,35.5062],[135.9576,35.506],[135.9627,35.5013],[135.9672,35.503],[135.9726,35.5002],[135.9812,35.4866],[135.9895,35.4927],[136.0043,35.491],[136.0114,35.4971],[136.0117,35.5048],[136.0151,35.5087],[136.0151,35.5116],[136.0203,35.512],[136.0234,35.5199],[136.0288,35.5234],[136.0261,35.527],[136.0265,35.5295],[136.0409,35.5322],[136.0464,35.5302],[136.0486,35.5345],[136.0607,35.5319],[136.0624,35.5281],[136.0694,35.5263],[136.077,35.5305],[136.0768,35.5346],[136.0829,35.5406],[136.0932,35.5375],[136.1065,35.529],[136.1059,35.5383],[136.1094,35.545],[136.1079,35.5472],[136.1091,35.5497],[136.1054,35.5555],[136.1104,35.5597],[136.1107,35.5633],[136.1079,35.5683],[136.1129,35.574],[136.1122,35.58],[136.1138,35.5829],[136.1169,35.5817],[136.118,35.5775],[136.1212,35.5762],[136.1327,35.5745],[136.1389,35.5757],[136.1449,35.5706],[136.1475,35.5721],[136.1496,35.5714],[136.1505,35.5729],[136.1623,35.5715],[136.1669,35.5654],[136.1695,35.5657],[136.1695,35.5741],[136.1707,35.5756],[136.1664,35.5825],[136.1774,35.5949],[136.1768,35.5984],[136.1669,35.6186],[136.1599,35.6252],[136.1586,35.6298],[136.1599,35.6348],[136.1583,35.6357],[136.1573,35.6413],[136.1549,35.6424],[136.1543,35.6462],[136.1512,35.649],[136.1525,35.6507],[136.1501,35.6545],[136.1513,35.6556],[136.1502,35.6594],[136.1481,35.6624],[136.1364,35.6657],[136.1345,35.6694],[136.1396,35.678],[136.1425,35.6792],[136.1462,35.6868],[136.1489,35.6884],[136.1504,35.6978],[136.1568,35.7004],[136.1617,35.6965],[136.1648,35.6963],[136.1679,35.7034],[136.1704,35.7014],[136.1746,35.7037],[136.1808,35.7015],[136.1834,35.7036],[136.1911,35.7025],[136.1937,35.7002],[136.1983,35.6897],[136.201,35.6899],[136.2042,35.6868],[136.2083,35.6876],[136.2126,35.6817],[136.2172,35.6846],[136.2259,35.6805],[136.2344,35.6825],[136.2446,35.6738],[136.2507,35.6762],[136.2576,35.6712],[136.2623,35.6716],[136.2694,35.6687],[136.2716,35.6656],[136.2805,35.6613],[136.2807,35.6586],[136.2848,35.6637],[136.2905,35.6659],[136.2888,35.6714],[136.2989,35.6777],[136.292,35.6839],[136.2908,35.6878],[136.2918,35.6905],[136.2978,35.6918],[136.3045,35.7014],[136.3066,35.7011],[136.3095,35.7035],[136.3118,35.712],[136.324,35.7167],[136.3204,35.7225],[136.3253,35.7264],[136.327,35.7314],[136.324,35.7406],[136.3252,35.7436],[136.3198,35.7475],[136.3184,35.7511],[136.3221,35.7612],[136.3216,35.7651],[136.3247,35.7671],[136.324,35.7694],[136.3279,35.7751],[136.3334,35.7765],[136.3366,35.7747],[136.3465,35.776],[136.3484,35.78],[136.356,35.7844],[136.3571,35.7868],[136.3643,35.7882],[136.3778,35.7952],[136.3888,35.7919],[136.3895,35.788],[136.4003,35.7893],[136.4037,35.7839],[136.408,35.7821],[136.4092,35.7799],[136.4147,35.7826],[136.4185,35.7824],[136.4307,35.775],[136.4412,35.7752],[136.4458,35.7729],[136.4589,35.7791],[136.4618,35.7786],[136.4676,35.7732],[136.4726,35.7727],[136.4812,35.7739],[136.4857,35.7765],[136.4853,35.7737],[136.4965,35.7655],[136.4994,35.7558],[136.5034,35.7509],[136.5059,35.7503],[136.508,35.7532],[136.5082,35.757],[136.5119,35.7586],[136.5137,35.7622],[136.512,35.7717],[136.5133,35.7753],[136.5183,35.7791],[136.5228,35.7882],[136.5294,35.7858],[136.5364,35.781],[136.5449,35.7788],[136.5507,35.7811],[136.5558,35.781],[136.5618,35.7787],[136.5658,35.7797],[136.5707,35.7774],[136.5771,35.7815],[136.586,35.7843],[136.5852,35.7896],[136.5897,35.7955],[136.5952,35.7953],[136.5991,35.7985],[136.6068,35.7922],[136.6095,35.7923],[136.6115,35.7888],[136.6153,35.7893],[136.6221,35.7868],[136.6276,35.7908],[136.6266,35.7968],[136.6305,35.7956],[136.6379,35.7973],[136.6408,35.8035],[136.6452,35.8068],[136.6525,35.7987],[136.6538,35.7873],[136.6577,35.7835],[136.6661,35.7851],[136.6685,35.7886],[136.677,35.7933],[136.6814,35.7898],[136.6898,35.7893],[136.6971,35.7941],[136.7004,35.7941],[136.7054,35.7913],[136.71,35.792],[136.7206,35.8002],[136.7234,35.8082],[136.7324,35.8066],[136.7411,35.8011],[136.755,35.8095],[136.7639,35.8106],[136.7744,35.8067],[136.774,35.8002],[136.776,35.7988],[136.7876,35.7986],[136.7894,35.7996],[136.7927,35.8069],[136.7958,35.8088],[136.7954,35.8111],[136.7985,35.8177],[136.7986,35.8251],[136.7971,35.8281],[136.7994,35.8313],[136.802,35.8437],[136.8154,35.8425],[136.8251,35.8454],[136.8311,35.8518],[136.8323,35.8593],[136.8301,35.8658],[136.8258,35.8701],[136.8261,35.8745],[136.819,35.8817],[136.8222,35.8847],[136.8238,35.8928],[136.8209,35.8989],[136.8158,35.9027],[136.8165,35.9054],[136.8145,35.9072],[136.8137,35.9109],[136.8115,35.9126],[136.806,35.9128],[136.7991,35.9185],[136.7993,35.9205],[136.7887,35.9213],[136.7839,35.9257],[136.7869,35.9336],[136.7934,35.9409],[136.7932,35.946],[136.7888,35.9488],[136.777,35.9512],[136.7704,35.9504],[136.7666,35.9528],[136.7529,35.9565],[136.7499,35.9594],[136.7488,35.9636],[136.7505,35.967],[136.7536,35.9684],[136.7522,35.9886],[136.7497,35.9909],[136.7267,35.9959],[136.7294,36.0015],[136.7289,36.0094],[136.7324,36.013],[136.7309,36.0177],[136.7344,36.021],[136.733,36.0264],[136.7357,36.0323],[136.7355,36.0478],[136.7328,36.0489],[136.7399,36.0536],[136.7401,36.0569],[136.7446,36.0601],[136.7517,36.0617],[136.759,36.0671],[136.7643,36.0677]]]]},"properties":{"zone":6,"name":"福井県"}},{"type":"Feature","geometry":{"type":"MultiPolygon","coordinates":[[[[135.9462,34.8518],[135.9614,34.8547],[135.9627,34.8504],[135.9666,34.8492],[135.9678,34.8467],[135.9721,34.846],[135.9699,34.8378],[135.9818,34.8392],[135.9849,34.8415],[135.9876,34.8406],[135.9919,34.8429],[135.9945,34.8421],[135.9992,34.845],[136.0044,34.844],[136.0053,34.8429],[136.0036,34.8411],[136.0023,34.8329],[136.0055,34.8264],[136.0122,34.8252],[136.0155,34.8266],[136.016,34.8289],[136.0176,34.8284],[136.0279,34.8217],[136.029,34.8174],[136.0274,34.8149],[136.0187,34.8127],[136.0151,34.8091],[136.0102,34.7997],[136.0112,34.7959],[136.0159,34.7978],[136.0163,34.7947],[136.0196,34.7922],[136.0281,34.7906],[136.0329,34.7941],[136.0388,34.794],[136.0412,34.7985],[136.0449,34.7992],[136.0467,34.8014],[136.0516,34.7991],[136.0574,34.8037],[136.0625,34.7998],[136.0684,34.804],[136.073,34.8042],[136.0755,34.8079],[136.0813,34.8075],[136.0857,34.8109],[136.0906,34.8122],[136.0908,34.8158],[136.0952,34.8191],[136.0926,34.8205],[136.0933,34.8219],[136.0879,34.8293],[136.0901,34.8333],[136.0861,34.8376],[136.0907,34.8364],[136.0949,34.8402],[136.1001,34.8391],[136.1045,34.8406],[136.1075,34.8454],[136.1084,34.8503],[136.1071,34.8526],[136.1109,34.8554],[136.1171,34.8556],[136.121,34.8598],[136.1264,34.8619],[136.1227,34.8665],[136.1259,34.87],[136.124,34.8725],[136.1189,34.8706],[136.1155,34.8719],[136.1133,34.8693],[136.108,34.8705],[136.1032,34.8697],[136.0856,34.8772],[136.0852,34.879],[136.0896,34.8825],[136.0853,34.8869],[136.0875,34.8906],[136.0931,34.8877],[136.098,34.8893],[136.1017,34.8961],[136.1108,34.9019],[136.1153,34.8986],[136.115,34.8931],[136.1204,34.8914],[136.1217,34.8879],[136.1254,34.8883],[136.1312,34.8831],[136.135,34.8849],[136.1368,34.8884],[136.1441,34.8854],[136.1479,34.8819],[136.1658,34.8879],[136.1785,34.8871],[136.1808,34.8859],[136.1783,34.8826],[136.1787,34.8798],[136.1885,34.8778],[136.191,34.8728],[136.1946,34.8728],[136.2029,34.8684],[136.2186,34.8656],[136.2201,34.8634],[136.2272,34.8611],[136.2356,34.8615],[136.2376,34.8595],[136.244,34.8586],[136.2538,34.8582],[136.2679,34.8645],[136.2692,34.8683],[136.2737,34.8698],[136.2771,34.8742],[136.2807,34.873],[136.2816,34.8711],[136.2894,34.8695],[136.2971,34.8728],[136.2992,34.8756],[136.305,34.8752],[136.3102,34.88],[136.3129,34.8806],[136.3132,34.887],[136.3201,34.8898],[136.3265,34.8887],[136.3305,34.8923],[136.3394,34.8955],[136.3462,34.8947],[136.3506,34.8991],[136.3574,34.9005],[136.3602,34.9041],[136.366,34.9049],[136.3647,34.9115],[136.3685,34.9149],[136.3672,34.9168],[136.3678,34.9219],[136.3752,34.9245],[136.3717,34.9276],[136.373,34.9285],[136.3718,34.9344],[136.3754,34.939],[136.3727,34.9423],[136.3857,34.9526],[136.3951,34.9516],[136.3965,34.9574],[136.3996,34.9611],[136.3992,34.9632],[136.4034,34.9664],[136.4031,34.9692],[136.4158,34.9805],[136.4146,34.9818],[136.4164,34.9923],[136.4135,34.9954],[136.4214,35.0001],[136.417,35.0112],[136.4168,35.0148],[136.4188,35.0169],[136.4171,35.0195],[136.4214,35.0214],[136.4221,35.0269],[136.4245,35.0294],[136.4179,35.0307],[136.4159,35.0414],[136.4178,35.0425],[136.4178,35.0495],[136.4222,35.0514],[136.4246,35.0569],[136.4288,35.0564],[136.431,35.0592],[136.4335,35.0596],[136.4336,35.0617],[136.4386,35.0655],[136.4409,35.0645],[136.4416,35.0663],[136.4396,35.0726],[136.4403,35.0746],[136.4375,35.077],[136.4353,35.0825],[136.4421,35.086],[136.4381,35.0917],[136.4396,35.0933],[136.4392,35.0981],[136.4419,35.1014],[136.4408,35.1077],[136.4426,35.1107],[136.44,35.1166],[136.4445,35.119],[136.4481,35.1237],[136.4356,35.1308],[136.438,35.1366],[136.4429,35.1391],[136.4443,35.1492],[136.4513,35.1497],[136.455,35.1525],[136.4529,35.1589],[136.4545,35.1625],[136.4519,35.1662],[136.4453,35.1662],[136.4462,35.1692],[136.4446,35.1711],[136.4373,35.173],[136.4357,35.1765],[136.4247,35.1844],[136.4196,35.1826],[136.4087,35.1872],[136.4127,35.1921],[136.4145,35.2007],[136.418,35.2038],[136.4159,35.2064],[136.4168,35.2144],[136.4157,35.2172],[136.412,35.2184],[136.4084,35.2236],[136.3993,35.2259],[136.3986,35.228],[136.3925,35.2298],[136.3938,35.2308],[136.392,35.2342],[136.3857,35.2351],[136.3836,35.2397],[136.3773,35.2433],[136.379,35.2446],[136.3792,35.2475],[136.3892,35.2498],[136.397,35.2577],[136.3945,35.259],[136.3935,35.2619],[136.396,35.2802],[136.3909,35.2879],[136.391,35.29],[136.3994,35.2994],[136.4031,35.3006],[136.4032,35.3034],[136.4068,35.3053],[136.4066,35.3097],[136.4123,35.3156],[136.4121,35.3222],[136.4136,35.3243],[136.4114,35.329],[136.4154,35.334],[136.4156,35.337],[136.419,35.3412],[136.4192,35.3448],[136.4223,35.3484],[136.4214,35.3539],[136.4162,35.3548],[136.4133,35.3523],[136.4106,35.3525],[136.4097,35.357],[136.4135,35.36],[136.412,35.3701],[136.4156,35.3736],[136.4263,35.3734],[136.4365,35.3788],[136.4444,35.3892],[136.4414,35.3909],[136.4409,35.3939],[136.437,35.3951],[136.4366,35.3972],[136.428,35.4008],[136.4203,35.4129],[136.4118,35.4186],[136.4118,35.4224],[136.4189,35.4278],[136.4162,35.4304],[136.4157,35.4334],[136.4231,35.4397],[136.4222,35.4426],[136.4262,35.4484],[136.4246,35.4533],[136.4215,35.4556],[136.4205,35.466],[136.4189,35.4675],[136.4143,35.4665],[136.4016,35.47],[136.402,35.4735],[136.398,35.4809],[136.3867,35.4888],[136.3878,35.4968],[136.3941,35.5063],[136.4005,35.5116],[136.4001,35.5136],[136.4037,35.5114],[136.4057,35.5135],[136.4025,35.519],[136.3991,35.5213],[136.4018,35.5257],[136.3998,35.5273],[136.4004,35.5301],[136.3976,35.532],[136.3843,35.5331],[136.3826,35.5371],[136.381,35.5377],[136.3803,35.5461],[136.3758,35.5512],[136.3728,35.5597],[136.3626,35.5587],[136.3622,35.5537],[136.3591,35.5488],[136.3567,35.5399],[136.3468,35.5377],[136.346,35.5361],[136.3409,35.5373],[136.3396,35.5408],[136.3414,35.5427],[136.3373,35.5503],[136.3269,35.55],[136.3256,35.546],[136.3225,35.5442],[136.3178,35.5471],[136.3162,35.5569],[136.3188,35.5653],[136.3227,35.5695],[136.3221,35.5812],[136.3244,35.5842],[136.3222,35.5879],[136.3228,35.593],[136.3215,35.5938],[136.3203,35.6016],[136.315,35.6059],[136.3205,35.6106],[136.3237,35.6165],[136.3158,35.6234],[136.3069,35.6224],[136.3053,35.62],[136.2984,35.6175],[136.2887,35.6205],[136.2873,35.6281],[136.2792,35.6367],[136.2797,35.6397],[136.2826,35.6414],[136.2831,35.6437],[136.2816,35.6476],[136.2762,35.6531],[136.2807,35.6586],[136.2805,35.6613],[136.2716,35.6656],[136.2694,35.6687],[136.2623,35.6716],[136.2576,35.6712],[136.2507,35.6762],[136.2446,35.6738],[136.2342,35.6825],[136.2259,35.6805],[136.2172,35.6846],[136.2126,35.6817],[136.2083,35.6876],[136.2042,35.6868],[136.201,35.6899],[136.1983,35.6897],[136.1937,35.7002],[136.1911,35.7025],[136.1834,35.7036],[136.1808,35.7015],[136.1746,35.7037],[136.1704,35.7014],[136.1679,35.7034],[136.1646,35.6963],[136.1617,35.6965],[136.1569,35.7003],[136.1514,35.6984],[136.1489,35.6884],[136.1462,35.6868],[136.1425,35.6792],[136.1396,35.678],[136.1378,35.6731],[136.1345,35.6698],[136.1364,35.6657],[136.1481,35.6624],[136.1502,35.6594],[136.1513,35.6556],[136.1501,35.6545],[136.1525,35.6507],[136.1512,35.649],[136.1543,35.6462],[136.1549,35.6424],[136.1573,35.6413],[136.1583,35.6357],[136.1599,35.6348],[136.1586,35.6298],[136.1599,35.6252],[136.1669,35.6186],[136.1768,35.5984],[136.1774,35.5949],[136.1664,35.5825],[136.1707,35.5756],[136.1695,35.5741],[136.1695,35.5657],[136.1669,35.5654],[136.1623,35.5715],[136.1505,35.5729],[136.1496,35.5714],[136.1475,35.5721],[136.1449,35.5706],[136.1389,35.5757],[136.1327,35.5745],[136.1212,35.5762],[136.118,35.5775],[136.1169,35.5817],[136.1138,35.5829],[136.1122,35.58],[136.1129,35.574],[136.1079,35.5683],[136.1107,35.5633],[136.1104,35.5597],[136.1054,35.5555],[136.1091,35.5497],[136.1079,35.5472],[136.1094,35.545],[136.1059,35.5383],[136.1065,35.529],[136.0932,35.5375],[136.0829,35.5406],[136.0768,35.5346],[136.077,35.5305],[136.0694,35.5263],[136.0624,35.5281],[136.0607,35.5319],[136.0486,35.5345],[136.0464,35.5302],[136.0409,35.5322],[136.0265,35.5295],[136.0261,35.527],[136.0288,35.5234],[136.0234,35.5199],[136.0203,35.512],[136.0151,35.5116],[136.0151,35.5087],[136.0117,35.5048],[136.0114,35.4971],[136.0043,35.491],[135.9895,35.4927],[135.9812,35.4866],[135.9726,35.5002],[135.9672,35.503],[135.9627,35.5013],[135.9576,35.506],[135.9524,35.5062],[135.9517,35.5116],[135.947,35.5205],[135.9396,35.5205],[135.938,35.5112],[135.93,35.4923],[135.9244,35.4896],[135.9223,35.4859],[135.9237,35.4815],[135.9217,35.476],[135.9159,35.4709],[135.9174,35.4671],[135.9149,35.4591],[135.9146,35.4519],[135.9098,35.447],[135.9132,35.4451],[135.9123,35.441],[135.9146,35.438],[135.9144,35.4326],[135.911,35.4303],[135.9027,35.4294],[135.901,35.4258],[135.893,35.4198],[135.8935,35.4107],[135.8906,35.4032],[135.8647,35.3944],[135.8604,35.3953],[135.8543,35.4008],[135.8556,35.409],[135.8532,35.4115],[135.8497,35.4106],[135.8391,35.4144],[135.8363,35.412],[135.8267,35.4147],[135.819,35.4125],[135.8137,35.4133],[135.8107,35.4092],[135.808,35.3944],[135.8101,35.3917],[135.8075,35.3854],[135.8049,35.3844],[135.7992,35.3849],[135.7952,35.3874],[135.7909,35.3866],[135.792,35.3813],[135.7909,35.379],[135.7844,35.3774],[135.779,35.3734],[135.7798,35.3717],[135.7777,35.3659],[135.7745,35.3652],[135.7699,35.3598],[135.7696,35.3539],[135.7677,35.3531],[135.7638,35.3456],[135.765,35.3441],[135.7743,35.3428],[135.7791,35.3399],[135.7808,35.3406],[135.7859,35.3305],[135.79,35.3282],[135.7911,35.3235],[135.8034,35.3173],[135.8093,35.3164],[135.8112,35.3135],[135.8102,35.3092],[135.8145,35.307],[135.8151,35.301],[135.8197,35.2993],[135.8214,35.2971],[135.8201,35.2908],[135.8296,35.2767],[135.8346,35.2741],[135.8401,35.2756],[135.841,35.2778],[135.8492,35.2797],[135.8517,35.286],[135.8571,35.289],[135.8584,35.2892],[135.8608,35.283],[135.8586,35.2812],[135.8584,35.2782],[135.8546,35.2756],[135.8549,35.2714],[135.8475,35.2667],[135.8447,35.262],[135.8461,35.2571],[135.8425,35.2539],[135.844,35.2515],[135.8402,35.2479],[135.8399,35.2439],[135.8345,35.2411],[135.8377,35.2372],[135.8381,35.2261],[135.8307,35.2227],[135.8293,35.2205],[135.8307,35.2184],[135.83,35.2158],[135.8326,35.2141],[135.831,35.2105],[135.8356,35.2065],[135.8352,35.2022],[135.8373,35.1963],[135.8419,35.1898],[135.8402,35.1819],[135.8409,35.1797],[135.8433,35.1787],[135.8424,35.1739],[135.8453,35.1655],[135.8484,35.1613],[135.8561,35.1596],[135.8568,35.1536],[135.8539,35.1519],[135.8526,35.146],[135.8488,35.1422],[135.8506,35.1382],[135.8501,35.1353],[135.8523,35.1343],[135.8494,35.1258],[135.8499,35.1206],[135.8473,35.1142],[135.8444,35.1136],[135.8429,35.1025],[135.8393,35.0998],[135.835,35.0913],[135.8399,35.0859],[135.8383,35.0791],[135.8366,35.0789],[135.8319,35.0715],[135.8358,35.0623],[135.8349,35.0556],[135.8328,35.0528],[135.8258,35.0534],[135.8214,35.0496],[135.8166,35.048],[135.8148,35.0452],[135.8162,35.0436],[135.8156,35.0414],[135.8215,35.0362],[135.8246,35.0356],[135.8256,35.032],[135.8277,35.0304],[135.8264,35.0237],[135.8274,35.0221],[135.8345,35.0221],[135.8356,35.0127],[135.8249,35.0124],[135.8213,35.0138],[135.8207,35.0157],[135.8202,35.013],[135.8243,35.0087],[135.8327,35.0094],[135.8366,35.0012],[135.8355,34.9993],[135.8324,35.0008],[135.8295,34.9936],[135.8268,34.9913],[135.8436,34.9896],[135.8493,34.9917],[135.8491,34.9848],[135.855,34.9847],[135.8567,34.9825],[135.8567,34.9797],[135.8539,34.9772],[135.8548,34.975],[135.8524,34.9708],[135.8556,34.9699],[135.8562,34.9667],[135.863,34.9608],[135.8639,34.9576],[135.8742,34.955],[135.8787,34.947],[135.876,34.9432],[135.8799,34.9345],[135.8707,34.926],[135.8719,34.9239],[135.8687,34.9195],[135.8713,34.9148],[135.8712,34.9099],[135.8629,34.9034],[135.8673,34.8969],[135.8666,34.8921],[135.8812,34.8838],[135.8842,34.8845],[135.8869,34.8832],[135.8886,34.8799],[135.8857,34.8786],[135.885,34.8755],[135.892,34.8746],[135.8979,34.8713],[135.9074,34.874],[135.9068,34.8755],[135.9097,34.8772],[135.9099,34.8804],[135.9127,34.8835],[135.9186,34.8848],[135.9232,34.8836],[135.9287,34.8881],[135.9336,34.888],[135.936,34.8916],[135.941,34.8937],[135.9396,34.8886],[135.9412,34.8845],[135.9397,34.8814],[135.9432,34.8783],[135.9437,34.875],[135.9409,34.8639],[135.9452,34.8585],[135.947,34.8538],[135.9462,34.8518]]]]},"properties":{"zone":6,"name":"滋賀県"}},{"type":"Feature","geometry":{"type":"MultiPolygon","coordinates":[[[[136.4087,35.1872],[136.4196,35.1826],[136.4245,35.1845],[136.4357,35.1765],[136.4373,35.173],[136.4446,35.1711],[136.4462,35.1692],[136.4453,35.1662],[136.4525,35.1659],[136.4545,35.1625],[136.4529,35.1589],[136.455,35.1525],[136.4513,35.1497],[136.4443,35.1492],[136.4429,35.1391],[136.438,35.1366],[136.4356,35.1308],[136.4481,35.1237],[136.4445,35.119],[136.44,35.1166],[136.4426,35.1107],[136.4408,35.1077],[136.4419,35.1014],[136.4392,35.0981],[136.4396,35.0933],[136.4381,35.0917],[136.4421,35.086],[136.4353,35.0825],[136.4375,35.077],[136.4403,35.0746],[136.4396,35.0726],[136.4416,35.0663],[136.4409,35.0645],[136.4386,35.0655],[136.4336,35.0617],[136.4335,35.0596],[136.431,35.0592],[136.4288,35.0564],[136.4246,35.0569],[136.4222,35.0514],[136.4178,35.0495],[136.4178,35.0425],[136.4159,35.0414],[136.4179,35.0307],[136.4245,35.0294],[136.4221,35.0269],[136.4214,35.0214],[136.4171,35.0195],[136.4188,35.0169],[136.4168,35.0148],[136.417,35.0112],[136.4214,35.0001],[136.4135,34.9954],[136.4164,34.9923],[136.4146,34.9818],[136.4158,34.9805],[136.4031,34.9692],[136.4034,34.9664],[136.3992,34.9632],[136.3996,34.9611],[136.3965,34.9574],[136.3951,34.9516],[136.3857,34.9526],[136.3727,34.9423],[136.3754,34.939],[136.3718,34.9344],[136.373,34.9285],[136.3717,34.9276],[136.3752,34.9245],[136.3678,34.9219],[136.3672,34.9168],[136.3685,34.9149],[136.3647,34.9115],[136.366,34.9049],[136.3602,34.9041],[136.3574,34.9005],[136.3506,34.8991],[136.3462,34.8947],[136.3394,34.8955],[136.3305,34.8923],[136.3265,34.8887],[136.3201,34.8898],[136.3132,34.887],[136.3129,34.8806],[136.3047,34.8751],[136.3019,34.8764],[136.2989,34.8755],[136.2929,34.8703],[136.2837,34.8703],[136.2771,34.8742],[136.2737,34.8698],[136.2692,34.8683],[136.268,34.8645],[136.2507,34.8577],[136.2377,34.8595],[136.2356,34.8615],[136.2275,34.861],[136.2201,34.8634],[136.2186,34.8656],[136.2136,34.8656],[136.2075,34.8686],[136.1981,34.8699],[136.1946,34.8728],[136.1901,34.8733],[136.1905,34.8756],[136.1885,34.8778],[136.1787,34.8798],[136.1783,34.8826],[136.1808,34.8859],[136.1785,34.8871],[136.1658,34.8879],[136.1479,34.8819],[136.1441,34.8854],[136.1368,34.8884],[136.135,34.8849],[136.1312,34.8831],[136.1254,34.8883],[136.1217,34.8879],[136.1204,34.8914],[136.115,34.8931],[136.1153,34.8986],[136.1108,34.9019],[136.1017,34.8961],[136.098,34.8893],[136.0931,34.8877],[136.0875,34.8906],[136.0853,34.8869],[136.0896,34.8825],[136.0852,34.879],[136.0856,34.8772],[136.1032,34.8697],[136.108,34.8705],[136.1133,34.8693],[136.1155,34.8719],[136.1189,34.8706],[136.124,34.8725],[136.1259,34.87],[136.1227,34.8665],[136.1264,34.8619],[136.121,34.8598],[136.1171,34.8556],[136.1109,34.8554],[136.1071,34.8526],[136.1084,34.8503],[136.1075,34.8454],[136.1045,34.8406],[136.1001,34.8391],[136.0949,34.8402],[136.0907,34.8364],[136.0861,34.8376],[136.0901,34.8333],[136.0879,34.8293],[136.0933,34.8219],[136.0926,34.8205],[136.0952,34.8191],[136.0908,34.8158],[136.0906,34.8122],[136.0857,34.8109],[136.0813,34.8075],[136.0755,34.8079],[136.073,34.8042],[136.0684,34.804],[136.0625,34.7998],[136.0574,34.8037],[136.0516,34.7991],[136.047,34.8015],[136.0449,34.7992],[136.0412,34.7985],[136.0388,34.794],[136.0329,34.7941],[136.0281,34.7906],[136.0242,34.792],[136.0201,34.7902],[136.02,34.7864],[136.0226,34.7823],[136.0336,34.7794],[136.0341,34.7741],[136.0293,34.7651],[136.031,34.7619],[136.0286,34.7575],[136.0305,34.7558],[136.0381,34.7565],[136.0374,34.7543],[136.0391,34.7495],[136.0474,34.7444],[136.0497,34.7406],[136.0575,34.7371],[136.0627,34.7306],[136.063,34.7265],[136.0681,34.7238],[136.0688,34.7198],[136.0673,34.7177],[136.0711,34.7148],[136.0701,34.7125],[136.0643,34.7082],[136.054,34.7061],[136.0538,34.7044],[136.0572,34.7031],[136.0597,34.6998],[136.0749,34.6979],[136.0791,34.6894],[136.0797,34.684],[136.0826,34.6818],[136.082,34.6791],[136.0847,34.6782],[136.0865,34.6753],[136.0822,34.6699],[136.0834,34.6676],[136.082,34.6652],[136.0782,34.6632],[136.0778,34.6588],[136.0704,34.6577],[136.0644,34.6519],[136.0441,34.6601],[136.0409,34.6638],[136.0396,34.6614],[136.0505,34.6523],[136.0582,34.6528],[136.063,34.6506],[136.0648,34.6516],[136.0736,34.6348],[136.0723,34.6302],[136.0694,34.6286],[136.0689,34.6223],[136.0625,34.62],[136.0623,34.6169],[136.051,34.6071],[136.0503,34.6041],[136.0466,34.6006],[136.0483,34.596],[136.0521,34.5931],[136.0507,34.5869],[136.0484,34.5874],[136.0465,34.5854],[136.0498,34.5802],[136.0516,34.5809],[136.0522,34.5786],[136.0587,34.5777],[136.0611,34.5743],[136.0605,34.5693],[136.0654,34.567],[136.0737,34.5667],[136.0756,34.5646],[136.0821,34.5624],[136.0836,34.5591],[136.09,34.5589],[136.0918,34.5568],[136.0963,34.5579],[136.0992,34.5558],[136.1058,34.5574],[136.1076,34.5559],[136.1101,34.5567],[136.1143,34.5459],[136.1185,34.5464],[136.1217,34.5487],[136.1237,34.5481],[136.1339,34.5552],[136.1381,34.561],[136.1466,34.5558],[136.1504,34.5552],[136.151,34.5591],[136.1555,34.5597],[136.1558,34.5557],[136.1582,34.5552],[136.1575,34.5528],[136.1618,34.5485],[136.1598,34.5467],[136.171,34.5375],[136.1718,34.5344],[136.17,34.5275],[136.1672,34.5247],[136.1675,34.52],[136.1821,34.5168],[136.1898,34.524],[136.1964,34.5239],[136.2099,34.529],[136.2152,34.529],[136.2166,34.528],[136.216,34.5233],[136.2198,34.5159],[136.2195,34.5105],[136.2158,34.5078],[136.2147,34.5013],[136.2183,34.497],[136.229,34.4947],[136.2298,34.4919],[136.2285,34.4891],[136.2192,34.4852],[136.2156,34.4812],[136.2148,34.4729],[136.2102,34.4687],[136.2075,34.4605],[136.2086,34.4551],[136.2062,34.4487],[136.1885,34.4506],[136.1775,34.4454],[136.1584,34.4491],[136.1534,34.4456],[136.1514,34.4419],[136.1439,34.4411],[136.1297,34.4455],[136.127,34.4435],[136.1183,34.4429],[136.1113,34.4357],[136.0959,34.4352],[136.0887,34.4286],[136.0912,34.4226],[136.0903,34.416],[136.0844,34.4098],[136.078,34.4079],[136.0743,34.3998],[136.075,34.3984],[136.0691,34.3941],[136.0696,34.3889],[136.0721,34.387],[136.078,34.3865],[136.082,34.3836],[136.0863,34.3794],[136.0866,34.3758],[136.0894,34.3743],[136.092,34.3687],[136.0904,34.3668],[136.0905,34.3628],[136.0954,34.3602],[136.0986,34.3521],[136.0968,34.349],[136.0984,34.3452],[136.1021,34.3422],[136.1021,34.3364],[136.1092,34.3291],[136.1158,34.3262],[136.1216,34.3262],[136.1295,34.3162],[136.1223,34.3104],[136.1149,34.3088],[136.1116,34.305],[136.1004,34.3055],[136.0949,34.3015],[136.0978,34.2888],[136.1055,34.283],[136.112,34.2807],[136.1172,34.2711],[136.1205,34.2702],[136.1219,34.267],[136.1188,34.2649],[136.1181,34.2606],[136.1255,34.2581],[136.1318,34.2519],[136.1294,34.2491],[136.1303,34.2429],[136.1226,34.2398],[136.1174,34.2339],[136.1158,34.2296],[136.1097,34.2281],[136.1096,34.2242],[136.1173,34.2231],[136.1182,34.2143],[136.1154,34.2104],[136.1087,34.2109],[136.1068,34.2067],[136.0976,34.2025],[136.0965,34.1983],[136.0934,34.1956],[136.0942,34.1934],[136.0927,34.1902],[136.0988,34.1867],[136.109,34.185],[136.1071,34.1751],[136.1053,34.1753],[136.1045,34.1734],[136.112,34.1676],[136.111,34.1647],[136.1134,34.1638],[136.1147,34.1608],[136.1108,34.1547],[136.1057,34.1525],[136.1065,34.1446],[136.1019,34.1413],[136.1084,34.1268],[136.1051,34.1231],[136.1007,34.1216],[136.0994,34.1189],[136.1003,34.1167],[136.1041,34.1151],[136.1057,34.1096],[136.104,34.1087],[136.104,34.1066],[136.1079,34.1032],[136.1023,34.0961],[136.1186,34.0823],[136.1034,34.0839],[136.0978,34.0867],[136.0933,34.0828],[136.0968,34.0786],[136.0934,34.066],[136.0971,34.0577],[136.092,34.0483],[136.0979,34.0447],[136.1014,34.0392],[136.1041,34.0259],[136.1012,34.0258],[136.0965,34.0224],[136.0859,34.0288],[136.0824,34.0275],[136.0807,34.0287],[136.0815,34.0295],[136.0785,34.0285],[136.0784,34.0307],[136.0728,34.0338],[136.0666,34.034],[136.0627,34.0322],[136.0548,34.0356],[136.0525,34.0321],[136.0441,34.0358],[136.0435,34.0407],[136.0397,34.0363],[136.0377,34.0379],[136.0375,34.0409],[136.0317,34.0319],[136.0275,34.0329],[136.023,34.0365],[136.0194,34.0367],[136.017,34.0335],[136.015,34.0246],[136.0073,34.0197],[136.0063,34.015],[136.0037,34.0135],[136.0036,34.0099],[136.0069,34.0078],[136.0046,34.0023],[135.9972,34.0025],[135.9953,34.001],[136.0043,33.9914],[136.0048,33.9841],[136.0132,33.9749],[136.0135,33.9697],[136.0119,33.9668],[136.0034,33.9625],[135.9995,33.9557],[135.9872,33.9682],[135.9772,33.9666],[135.9749,33.9616],[135.9773,33.9578],[135.9775,33.9474],[135.9724,33.9346],[135.967,33.9278],[135.9576,33.9345],[135.9442,33.9396],[135.9357,33.9393],[135.9291,33.9414],[135.9279,33.9398],[135.9314,33.9334],[135.9277,33.9348],[135.9216,33.9342],[135.9189,33.9315],[135.9174,33.9235],[135.9196,33.9209],[135.9237,33.9198],[135.929,33.923],[135.9321,33.9229],[135.9346,33.92],[135.9332,33.9172],[135.9223,33.9141],[135.9212,33.9168],[135.9168,33.9199],[135.9094,33.9185],[135.9023,33.9212],[135.8944,33.9206],[135.8979,33.9126],[135.8956,33.9066],[135.8851,33.9069],[135.881,33.9093],[135.8789,33.9088],[135.8809,33.9023],[135.8881,33.896],[135.8842,33.8865],[135.8861,33.8831],[135.8908,33.8809],[135.8929,33.882],[135.8931,33.8891],[135.8902,33.8903],[135.8923,33.8939],[135.9015,33.8852],[135.901,33.88],[135.8983,33.8767],[135.8977,33.8699],[135.8915,33.8683],[135.8861,33.8722],[135.8786,33.872],[135.8779,33.8639],[135.8732,33.8613],[135.8731,33.859],[135.8714,33.8591],[135.8668,33.86],[135.8615,33.8641],[135.8621,33.8765],[135.8584,33.8744],[135.8588,33.8679],[135.8533,33.8623],[135.8547,33.8555],[135.8587,33.8526],[135.8606,33.849],[135.8557,33.8367],[135.8589,33.8302],[135.8559,33.8203],[135.8569,33.8177],[135.8635,33.8109],[135.8722,33.809],[135.8825,33.8016],[135.8885,33.8026],[135.8924,33.8003],[135.898,33.791],[135.8968,33.7869],[135.9022,33.7794],[135.9069,33.7671],[135.9169,33.7666],[135.9193,33.7641],[135.9208,33.7584],[135.9284,33.754],[135.9311,33.7542],[135.9355,33.7575],[135.9384,33.7571],[135.9401,33.7378],[135.9453,33.7323],[135.9635,33.7243],[135.9752,33.7229],[135.9771,33.7248],[135.9756,33.7288],[135.9717,33.7317],[135.9727,33.7352],[135.9787,33.7369],[135.9833,33.7364],[136.0077,33.7273],[136.0115,33.7237],[136.0505,33.7047],[136.1073,33.6722],[136.3223,33.6135],[137.0557,34.1221],[137.3256,34.2763],[137.2708,34.3075],[137.1797,34.3829],[137.118,34.4304],[137.097,34.4708],[137.0101,34.5589],[136.9705,34.5866],[136.9561,34.615],[136.9138,34.6279],[136.8388,34.6278],[136.8108,34.6298],[136.7636,34.6535],[136.7337,34.6823],[136.7037,34.7073],[136.6931,34.7292],[136.7069,34.7677],[136.7054,34.7877],[136.7088,34.8218],[136.7155,34.8635],[136.724,34.8939],[136.7432,34.922],[136.7385,34.9537],[136.7402,34.9592],[136.7465,34.9682],[136.7532,34.9715],[136.7662,34.9895],[136.7725,35.0122],[136.7697,35.0226],[136.7727,35.0244],[136.7609,35.0377],[136.7534,35.053],[136.7501,35.0802],[136.7412,35.0866],[136.7313,35.0973],[136.7141,35.1052],[136.6951,35.1247],[136.6764,35.1289],[136.6728,35.1348],[136.6696,35.1337],[136.6673,35.142],[136.6615,35.1492],[136.6555,35.1613],[136.6522,35.1631],[136.6464,35.1658],[136.6449,35.1632],[136.6462,35.1562],[136.6452,35.1446],[136.6397,35.1477],[136.6353,35.1479],[136.6341,35.1498],[136.63,35.1501],[136.6238,35.1458],[136.6214,35.1484],[136.6158,35.1497],[136.6133,35.1532],[136.6124,35.1596],[136.6051,35.1673],[136.6061,35.1721],[136.6023,35.178],[136.5972,35.1771],[136.5971,35.1793],[136.592,35.1838],[136.5927,35.1866],[136.5877,35.1845],[136.5883,35.1871],[136.5846,35.1887],[136.5838,35.1907],[136.5852,35.1945],[136.5822,35.1971],[136.5774,35.1967],[136.5761,35.2023],[136.5702,35.2027],[136.5658,35.2055],[136.5598,35.2066],[136.5614,35.2089],[136.5595,35.213],[136.56,35.2155],[136.5576,35.2168],[136.557,35.2206],[136.5497,35.2192],[136.5474,35.2203],[136.5482,35.2258],[136.5472,35.2278],[136.5504,35.2331],[136.5409,35.2374],[136.5397,35.2409],[136.5414,35.2457],[136.5365,35.2476],[136.5366,35.2509],[136.5336,35.2552],[136.5342,35.2571],[136.528,35.2576],[136.5204,35.254],[136.516,35.2539],[136.5117,35.2455],[136.5108,35.2386],[136.506,35.2351],[136.5007,35.2351],[136.4971,35.2379],[136.4914,35.2373],[136.4894,35.2355],[136.4824,35.2398],[136.4832,35.2374],[136.4798,35.2343],[136.473,35.2374],[136.4703,35.2327],[136.4663,35.2381],[136.4634,35.2358],[136.4617,35.2362],[136.4552,35.2293],[136.4527,35.2288],[136.45,35.2233],[136.4422,35.2171],[136.4345,35.2204],[136.4328,35.2241],[136.4334,35.2282],[136.4295,35.2288],[136.4247,35.2243],[136.4155,35.2196],[136.4168,35.2144],[136.4159,35.2064],[136.418,35.2038],[136.4145,35.2007],[136.4127,35.1921],[136.4087,35.1872]]]]},"properties":{"zone":6,"name":"三重県"}},{"type":"Feature","geometry":{"type":"MultiPolygon","coordinates":[[[[135.7286,34.778],[135.7266,34.7759],[135.7207,34.7745],[135.7156,34.7799],[135.7119,34.7814],[135.7097,34.7804],[135.7098,34.7774],[135.7066,34.7725],[135.71,34.7715],[135.7084,34.7664],[135.7102,34.7539],[135.7067,34.7485],[135.7021,34.7508],[135.698,34.7497],[135.6992,34.7457],[135.6968,34.7437],[135.7001,34.7355],[135.7006,34.7298],[135.7041,34.7238],[135.6982,34.7209],[135.6876,34.7114],[135.6815,34.7105],[135.673,34.7016],[135.6741,34.698],[135.6731,34.6907],[135.6786,34.6838],[135.6775,34.6801],[135.6791,34.6779],[135.6711,34.6669],[135.6701,34.6629],[135.6712,34.6611],[135.6643,34.6513],[135.6658,34.649],[135.6654,34.644],[135.6626,34.6403],[135.663,34.6359],[135.6612,34.6356],[135.6634,34.6333],[135.6632,34.6295],[135.6589,34.6231],[135.6578,34.6165],[135.6591,34.6148],[135.6567,34.6116],[135.651,34.61],[135.6501,34.6078],[135.6532,34.6033],[135.6625,34.6017],[135.6711,34.6037],[135.6757,34.6017],[135.6749,34.5997],[135.678,34.5939],[135.6776,34.5913],[135.6792,34.5912],[135.6772,34.5888],[135.682,34.5851],[135.6807,34.5824],[135.6755,34.5796],[135.6715,34.5799],[135.6721,34.5772],[135.6707,34.5752],[135.673,34.5706],[135.6645,34.5676],[135.6569,34.5623],[135.6573,34.5564],[135.6544,34.5539],[135.6565,34.5537],[135.6558,34.5492],[135.6503,34.5441],[135.6537,34.5414],[135.6595,34.5439],[135.6623,34.53],[135.67,34.5306],[135.6771,34.5252],[135.6758,34.5223],[135.6775,34.5097],[135.6759,34.5086],[135.6768,34.5067],[135.673,34.5028],[135.6783,34.4995],[135.6805,34.489],[135.6847,34.4854],[135.6842,34.4827],[135.6812,34.4802],[135.6834,34.4761],[135.6819,34.461],[135.6824,34.456],[135.687,34.4515],[135.6863,34.448],[135.681,34.442],[135.6815,34.4379],[135.679,34.4328],[135.6723,34.4259],[135.6688,34.4268],[135.6643,34.4232],[135.6662,34.4223],[135.6661,34.4186],[135.6694,34.4137],[135.678,34.4134],[135.6778,34.4115],[135.6802,34.4089],[135.676,34.4056],[135.6762,34.4002],[135.6638,34.3973],[135.6627,34.3933],[135.6597,34.3915],[135.6547,34.3838],[135.6511,34.3832],[135.6558,34.3662],[135.6635,34.3554],[135.662,34.3501],[135.6629,34.3469],[135.6608,34.3448],[135.6623,34.3434],[135.6604,34.3407],[135.6615,34.3381],[135.6599,34.3373],[135.659,34.334],[135.6601,34.3269],[135.6681,34.3257],[135.6689,34.3229],[135.6676,34.3192],[135.669,34.3185],[135.668,34.3182],[135.6691,34.3152],[135.6673,34.3119],[135.6657,34.3122],[135.667,34.311],[135.6666,34.3084],[135.669,34.3067],[135.667,34.305],[135.669,34.3037],[135.6672,34.3006],[135.6686,34.301],[135.6692,34.2969],[135.6722,34.2961],[135.671,34.295],[135.6755,34.2901],[135.6727,34.2816],[135.6768,34.2778],[135.6771,34.2746],[135.6802,34.2737],[135.6794,34.2723],[135.6808,34.2706],[135.6872,34.2708],[135.6894,34.2717],[135.6925,34.2783],[135.7009,34.2754],[135.7038,34.2716],[135.7086,34.2718],[135.7083,34.2686],[135.7141,34.2652],[135.7162,34.2656],[135.7194,34.2604],[135.7201,34.2499],[135.7237,34.2428],[135.7235,34.2398],[135.7288,34.235],[135.7302,34.2283],[135.7275,34.224],[135.7275,34.2207],[135.7229,34.2196],[135.7177,34.2149],[135.7133,34.2143],[135.708,34.2082],[135.7014,34.2124],[135.6978,34.2118],[135.6939,34.2171],[135.6877,34.2174],[135.6833,34.2219],[135.6724,34.2243],[135.6678,34.2242],[135.6624,34.2184],[135.6553,34.2163],[135.6481,34.219],[135.6435,34.2156],[135.6409,34.213],[135.6411,34.2092],[135.6345,34.2046],[135.6354,34.2025],[135.6341,34.1987],[135.6413,34.1915],[135.6451,34.1907],[135.6418,34.1829],[135.6383,34.1814],[135.6376,34.1793],[135.6286,34.1769],[135.6231,34.1695],[135.6206,34.1685],[135.623,34.1627],[135.6219,34.1584],[135.6168,34.1559],[135.6048,34.1544],[135.5886,34.1471],[135.5876,34.1429],[135.5852,34.1409],[135.5848,34.1326],[135.5821,34.1285],[135.5784,34.1158],[135.5652,34.1126],[135.5573,34.1081],[135.5584,34.1034],[135.5473,34.1003],[135.5463,34.098],[135.5487,34.0968],[135.5498,34.085],[135.5432,34.0819],[135.5397,34.0754],[135.5465,34.069],[135.5513,34.0684],[135.5525,34.0653],[135.5634,34.0634],[135.5671,34.0573],[135.5746,34.0589],[135.5805,34.0579],[135.5815,34.0545],[135.5877,34.0469],[135.5917,34.0466],[135.5944,34.0443],[135.5958,34.0368],[135.5997,34.032],[135.5948,34.0278],[135.5955,34.0239],[135.5915,34.0196],[135.5938,34.013],[135.5957,34.0116],[135.6085,34.0136],[135.6121,34.0101],[135.6222,34.0097],[135.6254,34.0071],[135.6235,34.0024],[135.6242,34.0002],[135.629,33.9977],[135.6304,33.9911],[135.6361,33.9909],[135.6387,33.9851],[135.6376,33.9765],[135.6398,33.9735],[135.6403,33.9674],[135.639,33.9618],[135.6356,33.9589],[135.6372,33.9506],[135.6284,33.9495],[135.6255,33.9501],[135.623,33.953],[135.6183,33.9547],[135.6169,33.9538],[135.6154,33.9486],[135.6186,33.9442],[135.6171,33.9373],[135.6112,33.9369],[135.6095,33.9321],[135.6128,33.9298],[135.6141,33.9254],[135.6108,33.9187],[135.6105,33.9133],[135.6,33.9083],[135.6018,33.9055],[135.6011,33.9026],[135.6062,33.8991],[135.6195,33.8994],[135.6229,33.898],[135.6227,33.8939],[135.6263,33.8874],[135.6266,33.8834],[135.6235,33.8821],[135.6233,33.8793],[135.6181,33.8746],[135.6179,33.8721],[135.629,33.8731],[135.6381,33.8777],[135.6426,33.8763],[135.648,33.8769],[135.6514,33.8807],[135.6559,33.8816],[135.6572,33.8856],[135.6622,33.8891],[135.6626,33.8939],[135.6606,33.8976],[135.6639,33.8996],[135.671,33.9004],[135.6787,33.8982],[135.6823,33.8996],[135.686,33.904],[135.7066,33.9045],[135.7224,33.9023],[135.7241,33.9033],[135.7305,33.9],[135.7325,33.8962],[135.7362,33.8942],[135.7388,33.8949],[135.7422,33.8901],[135.7449,33.8907],[135.7484,33.8878],[135.7518,33.8896],[135.7561,33.8852],[135.7611,33.8877],[135.7641,33.8875],[135.7661,33.8908],[135.7733,33.8903],[135.7777,33.8882],[135.7926,33.8946],[135.8017,33.8957],[135.8034,33.903],[135.8086,33.9065],[135.8163,33.9056],[135.8361,33.8955],[135.8422,33.8971],[135.8513,33.8943],[135.8521,33.8903],[135.8553,33.8878],[135.8521,33.882],[135.8534,33.8767],[135.8579,33.8732],[135.8593,33.8756],[135.8621,33.8765],[135.8608,33.866],[135.8622,33.8627],[135.8668,33.86],[135.873,33.859],[135.8731,33.8612],[135.8748,33.8616],[135.8733,33.8704],[135.8749,33.873],[135.8809,33.8758],[135.8827,33.8789],[135.8784,33.8841],[135.8747,33.8839],[135.8716,33.8887],[135.8645,33.8891],[135.8613,33.8871],[135.8597,33.8891],[135.8584,33.8968],[135.8601,33.899],[135.8588,33.9015],[135.8689,33.9143],[135.8658,33.9219],[135.8772,33.9171],[135.8804,33.9178],[135.882,33.9149],[135.88,33.9127],[135.8822,33.9078],[135.8929,33.9062],[135.8963,33.9074],[135.8979,33.9123],[135.8944,33.9206],[135.9023,33.9212],[135.9091,33.9185],[135.9097,33.9227],[135.9047,33.9256],[135.9027,33.9241],[135.8992,33.9253],[135.898,33.934],[135.893,33.9389],[135.8924,33.9458],[135.8973,33.9542],[135.902,33.9538],[135.9047,33.9555],[135.9069,33.9584],[135.9067,33.9631],[135.915,33.9661],[135.9154,33.9726],[135.9219,33.9784],[135.9266,33.9814],[135.9344,33.9801],[135.9385,33.981],[135.9405,33.9802],[135.9398,33.9777],[135.9414,33.9757],[135.9473,33.9807],[135.954,33.9803],[135.9581,33.9815],[135.9611,33.9846],[135.9746,33.986],[135.9773,33.9897],[135.985,33.9918],[135.9848,33.9948],[135.9887,33.9982],[135.9907,34.0035],[136.0025,34.007],[136.0037,34.0135],[136.0063,34.015],[136.0073,34.0197],[136.015,34.0246],[136.017,34.0335],[136.0196,34.0368],[136.023,34.0365],[136.0275,34.0329],[136.0317,34.0319],[136.0375,34.0409],[136.0377,34.0379],[136.0397,34.0363],[136.0435,34.0407],[136.0441,34.0358],[136.0525,34.0321],[136.0548,34.0356],[136.0627,34.0322],[136.0666,34.034],[136.0728,34.0338],[136.0784,34.0307],[136.0785,34.0285],[136.0815,34.0295],[136.0807,34.0287],[136.0824,34.0275],[136.0859,34.0288],[136.0965,34.0224],[136.1012,34.0258],[136.1041,34.0259],[136.1014,34.0392],[136.0979,34.0447],[136.092,34.0483],[136.0971,34.0577],[136.0934,34.066],[136.0968,34.0786],[136.0933,34.0828],[136.0978,34.0867],[136.1034,34.0839],[136.1186,34.0823],[136.1023,34.0961],[136.1079,34.1032],[136.104,34.1066],[136.104,34.1087],[136.1057,34.1096],[136.1041,34.1151],[136.1003,34.1167],[136.0994,34.1189],[136.1007,34.1216],[136.1051,34.1231],[136.1084,34.1268],[136.1019,34.1413],[136.1065,34.1446],[136.1057,34.1525],[136.1108,34.1547],[136.1147,34.1608],[136.1134,34.1638],[136.111,34.1647],[136.112,34.1676],[136.1045,34.1734],[136.1053,34.1753],[136.1071,34.1751],[136.109,34.185],[136.0988,34.1867],[136.0927,34.1902],[136.0942,34.1934],[136.0934,34.1956],[136.0965,34.1983],[136.0976,34.2025],[136.1068,34.2067],[136.1087,34.2109],[136.1154,34.2104],[136.1182,34.2143],[136.1173,34.2231],[136.1096,34.2242],[136.1097,34.2281],[136.1158,34.2296],[136.1174,34.2339],[136.1226,34.2398],[136.1303,34.2429],[136.1294,34.2491],[136.1318,34.2519],[136.1255,34.2581],[136.1181,34.2606],[136.1188,34.2649],[136.1219,34.267],[136.1205,34.2702],[136.1172,34.2711],[136.112,34.2807],[136.1055,34.283],[136.0978,34.2888],[136.0949,34.3015],[136.1004,34.3055],[136.1116,34.305],[136.1149,34.3088],[136.1223,34.3104],[136.1295,34.3162],[136.1216,34.3262],[136.1158,34.3262],[136.1092,34.3291],[136.1021,34.3364],[136.1021,34.3422],[136.0984,34.3452],[136.0968,34.349],[136.0986,34.3521],[136.0954,34.3602],[136.0905,34.3628],[136.0904,34.3668],[136.092,34.3687],[136.0894,34.3743],[136.0866,34.3758],[136.0863,34.3794],[136.082,34.3836],[136.078,34.3865],[136.0721,34.387],[136.0696,34.3889],[136.0691,34.3941],[136.075,34.3984],[136.0743,34.3998],[136.078,34.4079],[136.0844,34.4098],[136.0903,34.416],[136.0912,34.4226],[136.0887,34.4286],[136.0959,34.4352],[136.1113,34.4357],[136.1183,34.4429],[136.127,34.4435],[136.1297,34.4455],[136.1439,34.4411],[136.1514,34.4419],[136.1534,34.4456],[136.1584,34.4491],[136.1775,34.4454],[136.1885,34.4506],[136.2062,34.4487],[136.2086,34.4551],[136.2075,34.4605],[136.2102,34.4687],[136.2148,34.4729],[136.2156,34.4812],[136.2192,34.4852],[136.2285,34.4891],[136.2299,34.4929],[136.2289,34.4948],[136.2183,34.497],[136.2147,34.5013],[136.2158,34.5078],[136.2195,34.5105],[136.2198,34.5159],[136.216,34.5233],[136.2166,34.528],[136.2152,34.529],[136.2099,34.529],[136.1964,34.5239],[136.1898,34.524],[136.1821,34.5168],[136.1675,34.52],[136.1672,34.5247],[136.17,34.5275],[136.1718,34.5344],[136.171,34.5375],[136.1598,34.5467],[136.1618,34.5485],[136.1575,34.5528],[136.1582,34.5552],[136.1558,34.5557],[136.1555,34.5597],[136.151,34.5591],[136.1504,34.5552],[136.1466,34.5558],[136.1381,34.561],[136.1339,34.5552],[136.1237,34.5481],[136.1217,34.5487],[136.1185,34.5464],[136.1143,34.5459],[136.1101,34.5567],[136.1076,34.5559],[136.1058,34.5574],[136.0992,34.5558],[136.0963,34.5579],[136.0918,34.5568],[136.09,34.5589],[136.0836,34.5591],[136.0821,34.5624],[136.0756,34.5646],[136.0737,34.5667],[136.0654,34.567],[136.0605,34.5693],[136.0611,34.5743],[136.0587,34.5777],[136.0522,34.5786],[136.0516,34.5809],[136.0498,34.5802],[136.0465,34.5854],[136.0484,34.5874],[136.0507,34.5869],[136.0521,34.5931],[136.0483,34.596],[136.0466,34.6006],[136.0503,34.6041],[136.051,34.6071],[136.0623,34.6169],[136.0625,34.62],[136.0689,34.6223],[136.0694,34.6286],[136.0723,34.6302],[136.0736,34.6348],[136.0648,34.6516],[136.063,34.6506],[136.0582,34.6528],[136.0505,34.6523],[136.0396,34.6614],[136.0409,34.6638],[136.0441,34.6601],[136.0644,34.6519],[136.0704,34.6577],[136.0778,34.6588],[136.0782,34.6632],[136.082,34.6652],[136.0834,34.6676],[136.0822,34.6699],[136.0865,34.6753],[136.0847,34.6782],[136.082,34.6791],[136.0826,34.6818],[136.0797,34.684],[136.0791,34.6894],[136.0749,34.6979],[136.0597,34.6998],[136.0572,34.7031],[136.0549,34.7029],[136.0537,34.7045],[136.0541,34.7062],[136.0643,34.7082],[136.0711,34.7148],[136.0673,34.7176],[136.0688,34.7198],[136.0681,34.7238],[136.063,34.7265],[136.0627,34.7306],[136.0555,34.7386],[136.05,34.7386],[136.043,34.7361],[136.0395,34.7202],[136.0338,34.7177],[136.0313,34.7138],[136.0289,34.7132],[136.0278,34.7099],[136.0288,34.7063],[136.0193,34.7086],[136.0139,34.7078],[136.0134,34.7131],[136.0093,34.7166],[136.0049,34.7173],[135.9997,34.713],[135.9922,34.7122],[135.9923,34.7146],[135.9863,34.7152],[135.985,34.7192],[135.9861,34.7265],[135.9827,34.7321],[135.9838,34.7342],[135.9814,34.7349],[135.9808,34.7372],[135.9777,34.7375],[135.9761,34.7411],[135.9748,34.7404],[135.9719,34.7421],[135.9696,34.7405],[135.966,34.7432],[135.9622,34.74],[135.9586,34.7403],[135.9579,34.7446],[135.9548,34.7483],[135.9438,34.7413],[135.9429,34.7375],[135.937,34.7401],[135.9325,34.7376],[135.9256,34.7403],[135.9235,34.7419],[135.9231,34.7448],[135.9289,34.7519],[135.9274,34.7545],[135.9288,34.7566],[135.9244,34.7577],[135.921,34.753],[135.9162,34.7537],[135.9113,34.7432],[135.9032,34.7363],[135.903,34.7329],[135.9011,34.731],[135.8974,34.7309],[135.8972,34.7256],[135.8954,34.7249],[135.8922,34.7181],[135.8902,34.7083],[135.8852,34.7136],[135.8812,34.7141],[135.8779,34.7123],[135.8759,34.7139],[135.8732,34.7112],[135.8661,34.7099],[135.8643,34.7064],[135.851,34.7058],[135.8492,34.706],[135.8493,34.7083],[135.8417,34.7093],[135.8391,34.7118],[135.8318,34.7134],[135.8279,34.7123],[135.8245,34.7135],[135.8198,34.7117],[135.8136,34.7152],[135.8096,34.715],[135.8119,34.715],[135.8127,34.7168],[135.8055,34.7182],[135.8036,34.7219],[135.7991,34.7231],[135.7958,34.7206],[135.7953,34.7233],[135.7914,34.7249],[135.7777,34.7231],[135.7735,34.7242],[135.7733,34.7258],[135.766,34.7254],[135.7569,34.7284],[135.7555,34.7275],[135.7553,34.7339],[135.757,34.7361],[135.7491,34.7414],[135.7472,34.7465],[135.7364,34.75],[135.7366,34.7553],[135.7332,34.7549],[135.7286,34.778]]]]},"properties":{"zone":6,"name":"奈良県"}},{"type":"Feature","geometry":{"type":"MultiPolygon","coordinates":[[[[135.8865,33.8827],[135.8842,33.8865],[135.8881,33.896],[135.8809,33.9023],[135.879,33.9084],[135.8808,33.9094],[135.88,33.913],[135.882,33.9152],[135.8802,33.9179],[135.8772,33.9171],[135.8659,33.9221],[135.8656,33.92],[135.8689,33.9143],[135.8588,33.9015],[135.8601,33.899],[135.8584,33.8968],[135.8601,33.8882],[135.8613,33.8871],[135.8645,33.8891],[135.8714,33.8887],[135.8747,33.8839],[135.8783,33.8841],[135.8817,33.881],[135.8827,33.8789],[135.8811,33.8761],[135.8749,33.873],[135.8733,33.8704],[135.8748,33.8616],[135.8781,33.8643],[135.8786,33.872],[135.8861,33.8722],[135.8915,33.8683],[135.8977,33.8699],[135.8983,33.8767],[135.9016,33.882],[135.9013,33.8854],[135.8921,33.8939],[135.8902,33.8903],[135.8931,33.8891],[135.8929,33.882],[135.8908,33.8809],[135.8865,33.8827]]],[[[135.9175,33.9231],[135.9189,33.9315],[135.9216,33.9342],[135.9277,33.9348],[135.9314,33.9334],[135.9279,33.9398],[135.9291,33.9414],[135.9357,33.9393],[135.9442,33.9396],[135.9576,33.9345],[135.9651,33.928],[135.9679,33.9283],[135.9724,33.9346],[135.9775,33.9474],[135.9773,33.9578],[135.9749,33.9616],[135.9772,33.9666],[135.9872,33.9682],[135.9995,33.9557],[136.0034,33.9625],[136.0119,33.9668],[136.0135,33.9697],[136.0132,33.9749],[136.0048,33.9841],[136.0043,33.9914],[135.9953,34.001],[135.9972,34.0025],[136.0043,34.002],[136.0065,34.0087],[136.0036,34.0099],[136.0011,34.006],[135.9909,34.0037],[135.9887,33.9982],[135.9848,33.9948],[135.985,33.9918],[135.9773,33.9897],[135.975,33.9861],[135.9611,33.9846],[135.9581,33.9815],[135.954,33.9803],[135.9473,33.9807],[135.9414,33.9757],[135.9397,33.9807],[135.9266,33.9814],[135.9154,33.9726],[135.915,33.9661],[135.9067,33.9631],[135.9069,33.9584],[135.9047,33.9555],[135.902,33.9538],[135.8973,33.9542],[135.8937,33.9499],[135.8949,33.9491],[135.8924,33.9458],[135.8925,33.9419],[135.893,33.9389],[135.898,33.934],[135.8996,33.9249],[135.9028,33.9241],[135.9047,33.9256],[135.9097,33.9227],[135.9091,33.9185],[135.9179,33.9196],[135.9223,33.9141],[135.9332,33.9172],[135.9342,33.9208],[135.93,33.9233],[135.923,33.9199],[135.9175,33.9231]]],[[[135.0032,34.1841],[134.9738,34.1675],[134.9585,34.1563],[134.9365,34.0847],[134.9177,34.0462],[134.8804,34.0122],[134.8843,33.995],[134.9177,33.9489],[134.9249,33.9332],[134.9329,33.9047],[134.9449,33.8294],[134.9869,33.6477],[134.9823,33.5967],[134.9714,33.5432],[134.9279,33.4514],[135.2047,33.4647],[135.2456,33.4284],[135.3045,33.3873],[135.3272,33.3751],[135.3646,33.3606],[135.3879,33.3474],[135.4131,33.3362],[135.4398,33.3277],[135.4677,33.322],[135.5207,33.3046],[135.5542,33.2987],[135.5801,33.2971],[135.5957,33.2844],[135.622,33.2678],[135.6511,33.2541],[135.6825,33.2438],[135.7149,33.2374],[135.747,33.2338],[135.769,33.2334],[135.8022,33.2362],[135.8499,33.2448],[135.9208,33.2636],[135.9423,33.2719],[135.9748,33.2874],[136.0079,33.307],[136.0368,33.3311],[136.0571,33.3527],[136.0776,33.3797],[136.0937,33.4107],[136.1235,33.4299],[136.1416,33.4449],[136.1569,33.4608],[136.1792,33.4922],[136.1933,33.5232],[136.3223,33.6135],[136.1073,33.6722],[136.0505,33.7047],[136.0115,33.7237],[136.0077,33.7273],[135.9833,33.7364],[135.9787,33.7369],[135.9727,33.7352],[135.9717,33.7317],[135.9756,33.7288],[135.9771,33.7248],[135.9752,33.7229],[135.9635,33.7243],[135.9451,33.7325],[135.9401,33.7378],[135.9387,33.7568],[135.9355,33.7575],[135.9311,33.7542],[135.9284,33.754],[135.9208,33.7584],[135.9193,33.7641],[135.9169,33.7666],[135.9069,33.7671],[135.9022,33.7794],[135.8968,33.7869],[135.898,33.791],[135.8924,33.8003],[135.8885,33.8026],[135.8825,33.8016],[135.8722,33.809],[135.8635,33.8109],[135.8569,33.8177],[135.8559,33.8203],[135.8589,33.8302],[135.8557,33.8367],[135.8606,33.849],[135.8587,33.8526],[135.8547,33.8555],[135.8533,33.8623],[135.8589,33.8685],[135.8579,33.8732],[135.8534,33.8767],[135.8522,33.8815],[135.8553,33.8878],[135.8521,33.8903],[135.8516,33.8941],[135.847,33.8966],[135.8407,33.897],[135.8361,33.8955],[135.8163,33.9056],[135.8086,33.9065],[135.8034,33.903],[135.8017,33.8957],[135.7926,33.8946],[135.7777,33.8882],[135.7733,33.8903],[135.7661,33.8908],[135.7641,33.8875],[135.7611,33.8877],[135.7561,33.8852],[135.7518,33.8896],[135.7484,33.8878],[135.7449,33.8907],[135.7422,33.8901],[135.7388,33.8949],[135.7362,33.8942],[135.7325,33.8962],[135.7305,33.9],[135.7241,33.9033],[135.7224,33.9023],[135.7066,33.9045],[135.6869,33.9041],[135.6787,33.8982],[135.671,33.9004],[135.6639,33.8996],[135.6606,33.8976],[135.6626,33.8939],[135.6622,33.8891],[135.6572,33.8856],[135.6559,33.8816],[135.6514,33.8807],[135.648,33.8769],[135.6426,33.8763],[135.6381,33.8777],[135.629,33.8731],[135.6179,33.8721],[135.6181,33.8746],[135.6233,33.8793],[135.6235,33.8821],[135.6266,33.8834],[135.6263,33.8874],[135.6227,33.8939],[135.6229,33.898],[135.6195,33.8994],[135.6062,33.8991],[135.6011,33.9026],[135.6018,33.9055],[135.6,33.9083],[135.6105,33.9133],[135.6108,33.9187],[135.6141,33.9254],[135.6128,33.9298],[135.6095,33.9321],[135.6112,33.9369],[135.6171,33.9373],[135.6186,33.9442],[135.6154,33.9486],[135.6169,33.9538],[135.6183,33.9547],[135.623,33.953],[135.6255,33.9501],[135.6284,33.9495],[135.6372,33.9506],[135.6356,33.9589],[135.639,33.9618],[135.6403,33.9674],[135.6398,33.9735],[135.6376,33.9765],[135.6387,33.9851],[135.6361,33.9909],[135.6304,33.9911],[135.629,33.9977],[135.6242,34.0002],[135.6235,34.0024],[135.6254,34.0071],[135.6222,34.0097],[135.6121,34.0101],[135.6085,34.0136],[135.5957,34.0116],[135.5938,34.013],[135.5915,34.0196],[135.5955,34.0239],[135.5948,34.0278],[135.5997,34.032],[135.5958,34.0368],[135.5944,34.0443],[135.5917,34.0466],[135.5877,34.0469],[135.5815,34.0545],[135.5805,34.0579],[135.5746,34.0589],[135.5671,34.0573],[135.5634,34.0634],[135.5525,34.0653],[135.5513,34.0684],[135.5465,34.069],[135.5397,34.0758],[135.5433,34.082],[135.5498,34.085],[135.5487,34.0968],[135.5463,34.098],[135.5473,34.1003],[135.5584,34.1034],[135.5573,34.1081],[135.5652,34.1126],[135.5784,34.1158],[135.5821,34.1285],[135.5848,34.1326],[135.5852,34.1409],[135.5876,34.1429],[135.5886,34.1471],[135.6048,34.1544],[135.6168,34.1559],[135.6219,34.1584],[135.623,34.1627],[135.6206,34.1685],[135.6231,34.1695],[135.6286,34.1769],[135.6376,34.1793],[135.6383,34.1814],[135.6418,34.1829],[135.6451,34.1907],[135.6413,34.1915],[135.6341,34.1987],[135.6354,34.2025],[135.6345,34.2046],[135.6411,34.2092],[135.6409,34.213],[135.6435,34.2156],[135.6481,34.219],[135.6553,34.2163],[135.6624,34.2184],[135.6678,34.2242],[135.6724,34.2243],[135.6833,34.2219],[135.6877,34.2174],[135.6939,34.2171],[135.6978,34.2118],[135.7014,34.2124],[135.708,34.2082],[135.7133,34.2143],[135.7177,34.2149],[135.7229,34.2196],[135.7275,34.2207],[135.73,34.2316],[135.7285,34.2354],[135.7235,34.2398],[135.7237,34.2428],[135.7201,34.2499],[135.7184,34.2633],[135.7083,34.2686],[135.7086,34.2718],[135.7038,34.2716],[135.7009,34.2754],[135.6925,34.2783],[135.6892,34.2716],[135.6808,34.2706],[135.6794,34.2723],[135.6804,34.2735],[135.6771,34.2746],[135.6768,34.2778],[135.6727,34.2816],[135.6755,34.2901],[135.671,34.295],[135.6722,34.2961],[135.6692,34.2969],[135.6686,34.301],[135.6672,34.3006],[135.669,34.3037],[135.667,34.305],[135.669,34.3067],[135.6666,34.3084],[135.667,34.311],[135.6657,34.3122],[135.6673,34.3119],[135.6691,34.3152],[135.668,34.3182],[135.669,34.3185],[135.6676,34.3192],[135.6689,34.3229],[135.6677,34.326],[135.6601,34.3269],[135.659,34.3329],[135.6599,34.3373],[135.6615,34.3381],[135.6604,34.3407],[135.6623,34.3434],[135.6608,34.3448],[135.6629,34.3469],[135.662,34.3501],[135.6635,34.3554],[135.6558,34.3662],[135.6511,34.3832],[135.639,34.3835],[135.639,34.3822],[135.6364,34.3815],[135.6199,34.3845],[135.6137,34.3766],[135.6043,34.3773],[135.6014,34.3801],[135.5977,34.3804],[135.595,34.3754],[135.5931,34.3748],[135.583,34.377],[135.5771,34.376],[135.5728,34.3721],[135.5669,34.3718],[135.5634,34.3693],[135.5547,34.3595],[135.5516,34.3597],[135.5474,34.3566],[135.5397,34.3575],[135.5345,34.3521],[135.5258,34.3504],[135.5215,34.3455],[135.5078,34.3365],[135.5037,34.3365],[135.5024,34.3381],[135.5049,34.3412],[135.5023,34.3451],[135.5036,34.3467],[135.5017,34.3502],[135.4988,34.3503],[135.4978,34.3523],[135.4899,34.3553],[135.4854,34.3628],[135.4793,34.3581],[135.4775,34.3533],[135.4722,34.3528],[135.4657,34.3473],[135.4576,34.3473],[135.4534,34.3499],[135.4418,34.3474],[135.4356,34.3487],[135.4289,34.3457],[135.4269,34.341],[135.4249,34.34],[135.4166,34.3398],[135.4124,34.3419],[135.409,34.3418],[135.4056,34.3339],[135.3991,34.3325],[135.397,34.3304],[135.3911,34.333],[135.3881,34.3323],[135.3868,34.3291],[135.3803,34.3284],[135.3755,34.331],[135.3682,34.3312],[135.3625,34.3289],[135.359,34.333],[135.3555,34.3334],[135.3459,34.3305],[135.3422,34.3351],[135.3382,34.3353],[135.3391,34.3294],[135.3344,34.3256],[135.3279,34.3237],[135.3305,34.3167],[135.3242,34.3191],[135.3114,34.3136],[135.304,34.3137],[135.3046,34.3106],[135.3025,34.3047],[135.2934,34.2993],[135.2914,34.2998],[135.2879,34.3049],[135.2863,34.3134],[135.2828,34.3179],[135.2723,34.312],[135.2617,34.3125],[135.2579,34.3157],[135.2542,34.3158],[135.2466,34.3133],[135.2355,34.3036],[135.225,34.3009],[135.2197,34.305],[135.208,34.3082],[135.2085,34.3028],[135.2043,34.2979],[135.2052,34.2883],[135.1987,34.2881],[135.1964,34.286],[135.1918,34.2866],[135.1897,34.2828],[135.1849,34.2811],[135.1843,34.2788],[135.1669,34.2799],[135.1574,34.2771],[135.1536,34.2743],[135.1523,34.2747],[135.1548,34.281],[135.1468,34.2838],[135.1434,34.2804],[135.1396,34.2819],[135.1366,34.2735],[135.1312,34.2725],[135.1257,34.2775],[135.1208,34.2738],[135.117,34.2731],[135.1139,34.2744],[135.1116,34.2718],[135.1074,34.2785],[135.1086,34.284],[135.1014,34.2858],[135.0986,34.2892],[135.0991,34.2946],[135.0968,34.2966],[135.1064,34.3058],[135.1059,34.3089],[135.1034,34.3098],[135.1035,34.3111],[135.0973,34.3079],[135.0915,34.313],[135.0842,34.314],[135.0815,34.3168],[135.0288,34.3872],[135.0259,34.394],[135.0071,34.3851],[134.9897,34.351],[134.985,34.3174],[134.9791,34.295],[134.9798,34.2637],[134.9857,34.2491],[135.0032,34.1841]]]]},"properties":{"zone":6,"name":"和歌山県"}},{"type":"Feature","geometry":{"type":"MultiPolygon","coordinates":[[[[136.244,36.2954],[136.2492,36.2918],[136.2587,36.2892],[136.2563,36.2797],[136.2598,36.2779],[136.2624,36.2796],[136.2642,36.2783],[136.2619,36.2762],[136.2641,36.2749],[136.2615,36.2729],[136.264,36.2714],[136.2631,36.269],[136.2684,36.2699],[136.2659,36.266],[136.2668,36.2651],[136.2756,36.2662],[136.2804,36.2644],[136.2828,36.2659],[136.2855,36.2617],[136.2939,36.261],[136.2988,36.2579],[136.3012,36.2582],[136.3032,36.2559],[136.3032,36.2529],[136.3084,36.2468],[136.3153,36.2459],[136.3176,36.2408],[136.3154,36.238],[136.317,36.2348],[136.3226,36.2318],[136.3268,36.2323],[136.3285,36.2304],[136.3323,36.2298],[136.329,36.2244],[136.329,36.2213],[136.3314,36.2174],[136.3279,36.2088],[136.3293,36.202],[136.3317,36.2003],[136.3328,36.1957],[136.3361,36.1943],[136.337,36.1908],[136.3357,36.1849],[136.3441,36.173],[136.3549,36.169],[136.358,36.1651],[136.3657,36.1661],[136.3689,36.1698],[136.3901,36.1674],[136.3968,36.1704],[136.4048,36.1703],[136.4093,36.1722],[136.4133,36.167],[136.4114,36.1606],[136.4143,36.1566],[136.4243,36.1545],[136.4278,36.1473],[136.4318,36.1435],[136.4383,36.1421],[136.4406,36.1373],[136.4486,36.1407],[136.4566,36.1363],[136.4642,36.1376],[136.4702,36.1456],[136.4741,36.1466],[136.4772,36.1516],[136.488,36.1591],[136.4918,36.1582],[136.4969,36.1497],[136.5032,36.1496],[136.5057,36.1466],[136.5107,36.1461],[136.5215,36.1514],[136.5267,36.1481],[136.5299,36.1489],[136.5312,36.1473],[136.5412,36.1536],[136.5462,36.1528],[136.5519,36.1549],[136.555,36.153],[136.5598,36.1532],[136.5632,36.1446],[136.5764,36.1422],[136.5805,36.1368],[136.5849,36.1359],[136.5874,36.1326],[136.5906,36.1312],[136.5957,36.132],[136.6017,36.1295],[136.6058,36.1205],[136.6123,36.1168],[136.6114,36.1128],[136.6149,36.1082],[136.6223,36.1064],[136.6295,36.1026],[136.6323,36.0994],[136.64,36.099],[136.6513,36.0922],[136.6534,36.0864],[136.6572,36.0835],[136.6552,36.0764],[136.6576,36.0746],[136.659,36.069],[136.6623,36.0676],[136.6686,36.0678],[136.6707,36.0694],[136.6742,36.0672],[136.6808,36.0713],[136.6896,36.0733],[136.6923,36.0717],[136.6954,36.0744],[136.6994,36.074],[136.7067,36.0794],[136.7151,36.082],[136.7248,36.0823],[136.7375,36.0802],[136.7453,36.0851],[136.7538,36.0859],[136.7562,36.0991],[136.7654,36.106],[136.7705,36.1157],[136.7696,36.1178],[136.7707,36.1232],[136.7723,36.1261],[136.7786,36.1294],[136.7774,36.1316],[136.78,36.1342],[136.7808,36.1417],[136.7758,36.1439],[136.7764,36.1491],[136.7736,36.1509],[136.7718,36.155],[136.7735,36.1572],[136.7662,36.1603],[136.7664,36.1626],[136.7773,36.1664],[136.7864,36.1662],[136.7911,36.1699],[136.7984,36.1726],[136.8003,36.1778],[136.7994,36.1813],[136.8021,36.1871],[136.8055,36.189],[136.8112,36.1966],[136.8179,36.2009],[136.8212,36.2002],[136.8226,36.2015],[136.8196,36.2062],[136.821,36.2107],[136.8316,36.2176],[136.8323,36.2236],[136.8404,36.2314],[136.8397,36.2326],[136.8438,36.2368],[136.8473,36.2456],[136.8518,36.2471],[136.8508,36.2517],[136.8447,36.2542],[136.8443,36.2592],[136.8361,36.2618],[136.8337,36.2658],[136.8146,36.2664],[136.8144,36.2703],[136.806,36.2758],[136.8059,36.2844],[136.8009,36.2903],[136.7955,36.2925],[136.7911,36.3006],[136.7884,36.3123],[136.7906,36.3159],[136.7892,36.32],[136.7904,36.3221],[136.7836,36.3296],[136.7869,36.3334],[136.7847,36.3438],[136.7875,36.3485],[136.7933,36.3485],[136.7967,36.352],[136.8059,36.3553],[136.8082,36.3587],[136.8067,36.3633],[136.8001,36.3703],[136.8005,36.3806],[136.7986,36.3839],[136.7965,36.3844],[136.7979,36.3862],[136.7972,36.3929],[136.7952,36.3945],[136.7951,36.4013],[136.7789,36.4144],[136.7702,36.4147],[136.7713,36.4225],[136.7684,36.4235],[136.7696,36.4309],[136.7741,36.4328],[136.7782,36.4309],[136.787,36.4395],[136.7967,36.4447],[136.7901,36.4474],[136.7882,36.4527],[136.7984,36.4616],[136.7949,36.4639],[136.7983,36.4686],[136.7958,36.4712],[136.7955,36.4749],[136.7999,36.483],[136.8028,36.485],[136.8025,36.4903],[136.7989,36.4903],[136.7939,36.497],[136.796,36.4977],[136.7971,36.502],[136.7951,36.5108],[136.7995,36.5157],[136.7998,36.521],[136.804,36.5225],[136.8129,36.5381],[136.8172,36.5521],[136.8118,36.5606],[136.8076,36.5623],[136.8024,36.5688],[136.799,36.5699],[136.7927,36.5683],[136.791,36.5696],[136.7939,36.5756],[136.7931,36.5802],[136.7953,36.5848],[136.7942,36.5899],[136.7883,36.593],[136.7894,36.5975],[136.7885,36.6021],[136.7909,36.6039],[136.7861,36.6088],[136.7858,36.6135],[136.7831,36.6168],[136.7847,36.6192],[136.7848,36.6285],[136.7947,36.6314],[136.7974,36.6355],[136.7999,36.6364],[136.8006,36.6466],[136.8073,36.6477],[136.8095,36.6515],[136.8073,36.6534],[136.8104,36.6581],[136.8163,36.6616],[136.8159,36.6637],[136.8186,36.6676],[136.8238,36.6697],[136.8229,36.6737],[136.8206,36.675],[136.8226,36.681],[136.8176,36.6854],[136.8116,36.6848],[136.81,36.6866],[136.8123,36.6918],[136.8115,36.6942],[136.8156,36.7005],[136.8128,36.7033],[136.8068,36.7051],[136.8039,36.7085],[136.7987,36.7099],[136.7892,36.719],[136.7931,36.7206],[136.7938,36.727],[136.7961,36.7296],[136.8068,36.7282],[136.8085,36.7302],[136.8199,36.7307],[136.822,36.7403],[136.8252,36.7421],[136.832,36.7418],[136.8393,36.7452],[136.8452,36.7558],[136.8492,36.7592],[136.8508,36.7679],[136.8527,36.7703],[136.849,36.7734],[136.8487,36.7763],[136.8453,36.7785],[136.8432,36.7825],[136.8508,36.7869],[136.854,36.795],[136.8505,36.8016],[136.8501,36.8079],[136.848,36.8098],[136.852,36.8171],[136.8549,36.8182],[136.8542,36.8213],[136.86,36.8291],[136.8564,36.8368],[136.8564,36.8398],[136.8618,36.8411],[136.8633,36.8428],[136.8619,36.8477],[136.8672,36.8509],[136.8611,36.8546],[136.8636,36.8572],[136.8624,36.8603],[136.8712,36.8627],[136.8726,36.8668],[136.8773,36.8686],[136.883,36.8768],[136.8821,36.8821],[136.8856,36.8852],[136.8814,36.8883],[136.879,36.8927],[136.8779,36.8995],[136.8791,36.9065],[136.8877,36.915],[136.8876,36.9169],[136.8926,36.9187],[136.8956,36.9247],[136.9058,36.9265],[136.9086,36.9293],[136.9156,36.9308],[136.9194,36.9375],[136.9231,36.9379],[136.9233,36.9409],[136.9273,36.944],[136.9273,36.9474],[136.9309,36.9488],[136.9309,36.9506],[136.9359,36.9499],[136.9473,36.9552],[136.9538,36.9561],[136.9633,36.9487],[136.9707,36.9476],[136.9737,36.9443],[136.9824,36.9527],[136.9841,36.9635],[136.9869,36.9673],[136.9963,36.967],[136.9996,36.9635],[137.0051,36.9611],[137.0215,36.9639],[137.0272,36.9624],[137.0377,36.9671],[137.0523,36.9589],[137.0534,36.961],[137.056,36.9615],[137.064,36.9601],[137.2307,36.925],[137.2452,36.9723],[137.2499,36.9942],[137.2635,37.0343],[137.2836,37.0681],[137.3103,37.1039],[137.3573,37.1217],[137.4553,37.1691],[137.4905,37.1925],[137.59,37.2519],[137.6389,37.278],[137.742,37.3575],[137.7845,37.4078],[137.8168,37.4603],[137.8652,37.526],[137.6673,37.8597],[137.6184,37.9501],[137.5547,38.0224],[137.5316,38.135],[136.9252,38.0578],[136.8855,38.0553],[136.8507,38.0493],[136.8283,38.0432],[136.7953,38.0306],[136.7544,38.0078],[136.7357,37.9949],[136.7189,37.9804],[136.6899,37.9483],[136.6748,37.924],[136.6657,37.9032],[136.6587,37.8777],[136.4778,37.371],[136.4732,37.3527],[136.4702,37.3262],[136.4468,37.2809],[136.4349,37.2525],[136.4227,37.1998],[136.418,37.1482],[136.4192,37.1286],[136.4227,37.1091],[136.432,37.08],[136.4396,37.0638],[136.4562,37.0383],[136.4725,37.0184],[136.4838,36.9876],[136.5014,36.958],[136.4991,36.922],[136.5046,36.8865],[136.4724,36.8304],[136.4385,36.7811],[136.4168,36.7615],[136.388,36.7301],[136.3729,36.7121],[136.3576,36.6879],[136.3125,36.64],[136.2865,36.6169],[136.2457,36.5689],[136.2176,36.5417],[136.1749,36.526],[136.1376,36.5049],[136.1069,36.4797],[136.0817,36.4515],[136.1041,36.4231],[136.1287,36.3836],[136.244,36.2954]]]]},"properties":{"zone":7,"name":"石川県"}},{"type":"Feature","geometry":{"type":"MultiPolygon","coordinates":[[[[136.8857,36.9138],[136.8827,36.909],[136.879,36.9063],[136.8779,36.8995],[136.881,36.8888],[136.8856,36.8852],[136.8821,36.8821],[136.883,36.8768],[136.8773,36.8686],[136.8726,36.8668],[136.8712,36.8627],[136.8624,36.8603],[136.8636,36.8572],[136.8611,36.8546],[136.8672,36.8509],[136.8619,36.8477],[136.8633,36.8428],[136.8618,36.8411],[136.8564,36.8398],[136.8564,36.8368],[136.86,36.8291],[136.8542,36.8213],[136.8549,36.8182],[136.852,36.8171],[136.848,36.8099],[136.8501,36.8079],[136.8505,36.8016],[136.854,36.795],[136.8508,36.7869],[136.8432,36.7825],[136.8453,36.7785],[136.8487,36.7763],[136.849,36.7734],[136.8527,36.7703],[136.8508,36.7679],[136.8492,36.7592],[136.8452,36.7558],[136.8393,36.7452],[136.832,36.7418],[136.8252,36.7421],[136.822,36.7403],[136.8199,36.7307],[136.8085,36.7302],[136.8068,36.7282],[136.7961,36.7296],[136.7938,36.727],[136.7931,36.7206],[136.7892,36.719],[136.7987,36.7099],[136.8039,36.7085],[136.8068,36.7051],[136.8128,36.7033],[136.8156,36.7005],[136.8115,36.6942],[136.8123,36.6918],[136.81,36.6866],[136.8116,36.6848],[136.817,36.6855],[136.8206,36.6839],[136.8226,36.681],[136.8206,36.675],[136.8229,36.6737],[136.8238,36.6702],[136.8218,36.668],[136.8186,36.6676],[136.8143,36.6594],[136.8103,36.658],[136.8073,36.6534],[136.8095,36.6515],[136.8073,36.6477],[136.8006,36.6466],[136.7999,36.6364],[136.7974,36.6355],[136.7947,36.6314],[136.7848,36.6285],[136.7847,36.6192],[136.7831,36.6168],[136.7858,36.6135],[136.7861,36.6088],[136.7909,36.6039],[136.7885,36.6021],[136.7894,36.5975],[136.7883,36.593],[136.7942,36.5899],[136.7953,36.5848],[136.7931,36.5802],[136.7939,36.5756],[136.791,36.5696],[136.7927,36.5683],[136.799,36.5699],[136.8024,36.5688],[136.8076,36.5623],[136.8118,36.5606],[136.8172,36.5524],[136.8129,36.5381],[136.804,36.5225],[136.7998,36.521],[136.7995,36.5157],[136.7951,36.5108],[136.7971,36.502],[136.796,36.4977],[136.7939,36.497],[136.7989,36.4903],[136.8025,36.4903],[136.8028,36.485],[136.7999,36.483],[136.7955,36.4749],[136.7958,36.4712],[136.7983,36.4686],[136.7949,36.4639],[136.7984,36.4616],[136.7882,36.4527],[136.7901,36.4474],[136.7967,36.4447],[136.787,36.4395],[136.7782,36.4309],[136.7741,36.4328],[136.7696,36.4309],[136.7686,36.4288],[136.7684,36.4234],[136.7713,36.4227],[136.7716,36.4204],[136.7698,36.415],[136.7789,36.4144],[136.7951,36.4013],[136.7952,36.3945],[136.7972,36.3929],[136.7979,36.3862],[136.7965,36.3844],[136.7986,36.3839],[136.8005,36.3806],[136.8001,36.3703],[136.8067,36.3633],[136.8082,36.3587],[136.8059,36.3553],[136.7967,36.352],[136.7933,36.3485],[136.7875,36.3485],[136.7847,36.3438],[136.7869,36.3334],[136.7836,36.3296],[136.7904,36.3221],[136.7892,36.32],[136.7906,36.3159],[136.7884,36.3123],[136.7923,36.2992],[136.7954,36.3027],[136.8042,36.3062],[136.8094,36.3025],[136.8262,36.3025],[136.8275,36.3048],[136.8324,36.3068],[136.8304,36.3077],[136.8325,36.3154],[136.8383,36.3232],[136.8425,36.3327],[136.8373,36.3433],[136.8371,36.3472],[136.8441,36.3511],[136.8521,36.3474],[136.8549,36.3475],[136.8556,36.3498],[136.8651,36.3497],[136.8661,36.3514],[136.8641,36.3552],[136.868,36.3607],[136.8681,36.3656],[136.8712,36.3676],[136.8734,36.3663],[136.8728,36.3616],[136.876,36.3607],[136.8763,36.3579],[136.8759,36.3555],[136.8733,36.3532],[136.8706,36.3533],[136.8696,36.3507],[136.8704,36.3489],[136.8757,36.3501],[136.8765,36.3469],[136.8745,36.3448],[136.8748,36.3428],[136.8788,36.3449],[136.8823,36.3419],[136.887,36.3454],[136.8901,36.3456],[136.8969,36.3513],[136.8971,36.3533],[136.9031,36.3557],[136.9075,36.3608],[136.9131,36.3576],[136.9254,36.3539],[136.9328,36.3483],[136.9396,36.3492],[136.947,36.3457],[136.9511,36.3392],[136.9549,36.3394],[136.9614,36.3276],[136.9603,36.3255],[136.9614,36.3229],[136.9643,36.3187],[136.9711,36.3155],[136.9733,36.3099],[136.9689,36.3052],[136.9678,36.2962],[136.9655,36.2953],[136.9655,36.2922],[136.9605,36.2878],[136.9616,36.2846],[136.9586,36.2823],[136.9577,36.2779],[136.9665,36.2777],[136.9679,36.2752],[136.9707,36.2778],[136.9753,36.2744],[136.9802,36.2793],[136.9865,36.2825],[136.9862,36.2863],[136.9945,36.2877],[136.9973,36.286],[137.0027,36.2869],[137.0077,36.2895],[137.0078,36.2921],[137.0126,36.2931],[137.0108,36.295],[137.0108,36.298],[137.0142,36.301],[137.0145,36.3042],[137.0212,36.3092],[137.0182,36.3115],[137.0197,36.3183],[137.0245,36.3167],[137.0376,36.3174],[137.0439,36.3219],[137.0453,36.3246],[137.0515,36.3281],[137.0525,36.3385],[137.0587,36.3425],[137.0489,36.3455],[137.0502,36.3495],[137.0565,36.355],[137.0622,36.3661],[137.0584,36.3682],[137.0594,36.3734],[137.0664,36.3755],[137.0787,36.3843],[137.0893,36.3827],[137.0949,36.384],[137.0948,36.3928],[137.0919,36.3965],[137.0959,36.3994],[137.1019,36.3992],[137.1045,36.4046],[137.1093,36.4074],[137.1081,36.41],[137.1115,36.4154],[137.1161,36.4161],[137.1173,36.4186],[137.122,36.4172],[137.1242,36.4221],[137.1276,36.4239],[137.1323,36.4346],[137.137,36.4378],[137.1434,36.4385],[137.1422,36.443],[137.1442,36.4455],[137.1528,36.4477],[137.1607,36.4566],[137.1644,36.4543],[137.1677,36.4555],[137.1712,36.4547],[137.1749,36.4501],[137.178,36.4542],[137.1797,36.4524],[137.1823,36.4525],[137.1917,36.4552],[137.1943,36.4531],[137.1931,36.448],[137.1984,36.4459],[137.1998,36.4415],[137.2049,36.4368],[137.2056,36.4276],[137.2089,36.4317],[137.214,36.4308],[137.2139,36.4388],[137.219,36.439],[137.2225,36.4437],[137.2321,36.4445],[137.2398,36.4523],[137.2424,36.4577],[137.2476,36.462],[137.2519,36.4585],[137.2564,36.4511],[137.2628,36.4555],[137.2639,36.4584],[137.2785,36.465],[137.2822,36.4645],[137.2858,36.4613],[137.2985,36.4582],[137.301,36.4615],[137.3085,36.4638],[137.317,36.4608],[137.3178,36.4512],[137.3133,36.4489],[137.3136,36.4463],[137.312,36.4449],[137.3138,36.4416],[137.3088,36.44],[137.305,36.4358],[137.3129,36.4253],[137.3186,36.4244],[137.3309,36.4308],[137.3347,36.4299],[137.3384,36.4339],[137.3445,36.433],[137.3465,36.4345],[137.3512,36.4329],[137.3513,36.4347],[137.3586,36.4368],[137.3594,36.4398],[137.3577,36.4432],[137.3615,36.4501],[137.3665,36.4509],[137.3703,36.4536],[137.378,36.4527],[137.3798,36.455],[137.3889,36.4571],[137.3899,36.4599],[137.3948,36.4559],[137.3962,36.4505],[137.3947,36.4482],[137.3952,36.4364],[137.4039,36.4271],[137.4097,36.4247],[137.4172,36.4256],[137.4207,36.4228],[137.426,36.4224],[137.4272,36.4202],[137.4322,36.4214],[137.436,36.4204],[137.4399,36.4159],[137.4453,36.413],[137.4494,36.4168],[137.4607,36.4122],[137.4687,36.4172],[137.4741,36.4254],[137.4911,36.4235],[137.497,36.4261],[137.5042,36.4257],[137.5115,36.4237],[137.515,36.4113],[137.5203,36.4061],[137.5312,36.4024],[137.5328,36.3989],[137.536,36.3975],[137.5409,36.3914],[137.5595,36.3875],[137.5712,36.389],[137.5733,36.3924],[137.5767,36.393],[137.5855,36.3898],[137.5922,36.3896],[137.5938,36.3935],[137.5967,36.3944],[137.6054,36.4025],[137.6038,36.4107],[137.6074,36.413],[137.6092,36.4179],[137.6081,36.4194],[137.6174,36.4186],[137.623,36.4238],[137.6329,36.4249],[137.6365,36.4284],[137.6399,36.4458],[137.6432,36.4487],[137.6453,36.4545],[137.6495,36.4548],[137.6518,36.4583],[137.6554,36.4592],[137.6547,36.4644],[137.6567,36.4702],[137.6508,36.4798],[137.652,36.4882],[137.6576,36.4931],[137.6668,36.4938],[137.6669,36.5062],[137.6687,36.5095],[137.6755,36.5114],[137.6774,36.5144],[137.6832,36.5127],[137.6901,36.5137],[137.6943,36.5107],[137.697,36.5146],[137.7054,36.5178],[137.7027,36.5247],[137.7105,36.5357],[137.6969,36.5377],[137.6873,36.5362],[137.6846,36.5378],[137.685,36.5444],[137.6895,36.5538],[137.6877,36.5621],[137.6939,36.5691],[137.7018,36.571],[137.7132,36.5771],[137.7243,36.5865],[137.7339,36.5881],[137.7479,36.5869],[137.751,36.5885],[137.7511,36.5916],[137.7531,36.5935],[137.7512,36.5999],[137.7478,36.6037],[137.744,36.6124],[137.7442,36.6175],[137.7467,36.6245],[137.7518,36.6271],[137.7526,36.635],[137.7546,36.6391],[137.7539,36.6413],[137.7565,36.6521],[137.7534,36.6578],[137.7589,36.6606],[137.7619,36.6662],[137.76,36.6683],[137.7609,36.6706],[137.7585,36.676],[137.7597,36.6859],[137.7542,36.6875],[137.7536,36.6915],[137.7567,36.6956],[137.7553,36.6985],[137.7507,36.7011],[137.75,36.7047],[137.7526,36.7168],[137.7507,36.7266],[137.7549,36.7293],[137.7541,36.7333],[137.7593,36.7407],[137.7552,36.743],[137.7556,36.7458],[137.7518,36.7511],[137.7523,36.753],[137.7569,36.7556],[137.76,36.7643],[137.7634,36.7682],[137.7578,36.7745],[137.7525,36.7768],[137.7495,36.78],[137.7508,36.7916],[137.7543,36.7966],[137.7495,36.8042],[137.7493,36.8096],[137.7456,36.8122],[137.744,36.816],[137.7322,36.8235],[137.7301,36.8264],[137.7344,36.8314],[137.7326,36.8361],[137.7342,36.8424],[137.7329,36.8447],[137.7352,36.8552],[137.7324,36.8579],[137.7341,36.8611],[137.7328,36.8671],[137.7341,36.8688],[137.7322,36.8735],[137.7245,36.8782],[137.7135,36.8914],[137.7144,36.8991],[137.7126,36.9041],[137.7178,36.9077],[137.7175,36.9197],[137.7163,36.9214],[137.7205,36.9267],[137.7162,36.9327],[137.7137,36.9338],[137.7138,36.9379],[137.7114,36.9407],[137.7113,36.9441],[137.6986,36.9423],[137.6877,36.9431],[137.6735,36.9507],[137.6665,36.9502],[137.6662,36.9537],[137.6578,36.9596],[137.6515,36.969],[137.6377,36.9766],[137.635,36.9797],[137.6323,37.0209],[137.6195,37.0585],[137.6126,37.1287],[137.5931,37.2528],[137.4905,37.1925],[137.4553,37.1691],[137.3573,37.1217],[137.3103,37.1039],[137.2836,37.0681],[137.2635,37.0343],[137.2499,36.9942],[137.2452,36.9723],[137.2307,36.925],[137.064,36.9601],[137.056,36.9615],[137.0534,36.961],[137.0523,36.9589],[137.0377,36.9671],[137.0272,36.9624],[137.0215,36.9639],[137.0051,36.9611],[136.9996,36.9635],[136.9963,36.967],[136.9869,36.9673],[136.9841,36.9635],[136.9824,36.9527],[136.9737,36.9443],[136.9707,36.9476],[136.9633,36.9487],[136.9538,36.9561],[136.9473,36.9552],[136.9359,36.9499],[136.9309,36.9506],[136.9309,36.9488],[136.9273,36.9474],[136.9273,36.944],[136.9233,36.9409],[136.9231,36.9379],[136.9194,36.9375],[136.9156,36.9308],[136.9086,36.9293],[136.9058,36.9265],[136.8956,36.9247],[136.8926,36.9187],[136.8876,36.9169],[136.8877,36.915],[136.8857,36.9138]]]]},"properties":{"zone":7,"name":"富山県"}},{"type":"Feature","geometry":{"type":"MultiPolygon","coordinates":[[[[136.5363,35.2502],[136.5366,35.2474],[136.5414,35.2457],[136.5397,35.2409],[136.5409,35.2373],[136.5504,35.2331],[136.5472,35.2278],[136.5482,35.2258],[136.5474,35.2203],[136.5497,35.2192],[136.557,35.2206],[136.5576,35.2168],[136.56,35.2155],[136.5595,35.213],[136.5614,35.2089],[136.5598,35.2066],[136.5658,35.2055],[136.5702,35.2027],[136.5761,35.2023],[136.5774,35.1967],[136.5822,35.1971],[136.5852,35.1945],[136.5838,35.1907],[136.5846,35.1887],[136.5883,35.1871],[136.5877,35.1845],[136.5927,35.1866],[136.592,35.1838],[136.5971,35.1793],[136.5972,35.1771],[136.6023,35.178],[136.6061,35.1721],[136.6051,35.1673],[136.6124,35.1596],[136.6133,35.1532],[136.6156,35.1499],[136.6214,35.1484],[136.6238,35.1458],[136.63,35.1501],[136.6341,35.1498],[136.6353,35.1479],[136.6397,35.1477],[136.6452,35.1446],[136.6462,35.1566],[136.6446,35.1622],[136.6464,35.1658],[136.6555,35.1613],[136.6615,35.1492],[136.6677,35.1412],[136.6696,35.1337],[136.6728,35.1348],[136.6711,35.1421],[136.6746,35.1546],[136.6711,35.1737],[136.6723,35.1888],[136.6823,35.1984],[136.6834,35.2023],[136.6781,35.2422],[136.6806,35.246],[136.696,35.2586],[136.7079,35.2801],[136.7208,35.2899],[136.7257,35.2956],[136.7365,35.316],[136.7501,35.3365],[136.7596,35.3581],[136.7681,35.3669],[136.7746,35.3696],[136.7945,35.3683],[136.7929,35.3635],[136.8008,35.3609],[136.8343,35.356],[136.8604,35.3679],[136.8649,35.3726],[136.874,35.3734],[136.8885,35.3779],[136.9136,35.3778],[136.9242,35.3801],[136.936,35.3888],[136.9567,35.3965],[136.9617,35.3998],[136.9631,35.4066],[136.9611,35.4149],[136.9644,35.4209],[136.9885,35.4248],[136.9932,35.4241],[136.9864,35.4199],[136.9853,35.4175],[136.9871,35.4154],[136.9786,35.4064],[136.9783,35.4032],[136.989,35.4012],[136.9901,35.3947],[136.9984,35.3913],[136.999,35.3862],[137.0022,35.3834],[137.0022,35.3814],[137.0149,35.3816],[137.0162,35.3775],[137.02,35.3757],[137.0283,35.3761],[137.0297,35.371],[137.034,35.368],[137.0448,35.3675],[137.047,35.3661],[137.0498,35.3596],[137.0479,35.3524],[137.0452,35.3506],[137.0466,35.3485],[137.0472,35.3368],[137.0499,35.3344],[137.0525,35.3366],[137.0614,35.3391],[137.0634,35.3382],[137.0638,35.3362],[137.0682,35.3357],[137.073,35.3265],[137.0641,35.3207],[137.0635,35.3182],[137.0671,35.3117],[137.0668,35.309],[137.0722,35.3067],[137.0798,35.3068],[137.0818,35.3051],[137.0802,35.3032],[137.0815,35.2998],[137.0798,35.2962],[137.0813,35.2922],[137.0921,35.2928],[137.096,35.2906],[137.0989,35.2925],[137.0978,35.2972],[137.1023,35.3016],[137.1166,35.2973],[137.1189,35.2979],[137.1288,35.2947],[137.1304,35.2927],[137.1317,35.2936],[137.1456,35.2798],[137.1494,35.2816],[137.1541,35.2794],[137.1652,35.2834],[137.1696,35.2781],[137.1696,35.276],[137.173,35.2751],[137.1739,35.2717],[137.1771,35.2692],[137.1729,35.2649],[137.1755,35.2645],[137.1765,35.2603],[137.1865,35.2531],[137.1968,35.2534],[137.2001,35.2515],[137.2038,35.2551],[137.207,35.2531],[137.2088,35.2576],[137.2123,35.2599],[137.2187,35.2589],[137.221,35.2604],[137.2216,35.2559],[137.224,35.2562],[137.2299,35.2609],[137.2335,35.2611],[137.2354,35.2647],[137.2422,35.2645],[137.2443,35.2669],[137.2437,35.2687],[137.2497,35.2684],[137.2534,35.2726],[137.2572,35.2724],[137.2576,35.275],[137.2608,35.2752],[137.2595,35.2787],[137.2627,35.2852],[137.268,35.2868],[137.2714,35.286],[137.2751,35.2905],[137.2779,35.2881],[137.2827,35.2877],[137.2963,35.2901],[137.2984,35.2887],[137.3081,35.2912],[137.31,35.2882],[137.3213,35.2843],[137.3257,35.2805],[137.3321,35.2782],[137.3312,35.2768],[137.3339,35.2774],[137.3366,35.2747],[137.338,35.2746],[137.3378,35.2759],[137.3446,35.2737],[137.3463,35.2707],[137.3399,35.2645],[137.3427,35.2612],[137.3451,35.2618],[137.3441,35.2579],[137.35,35.2571],[137.3623,35.261],[137.3688,35.2604],[137.3726,35.2634],[137.3777,35.2588],[137.3832,35.2602],[137.3851,35.2587],[137.3868,35.252],[137.3828,35.2473],[137.3854,35.2453],[137.387,35.2409],[137.3949,35.2398],[137.4007,35.2418],[137.4034,35.2385],[137.4071,35.2377],[137.4084,35.2348],[137.4171,35.2403],[137.4232,35.2318],[137.4249,35.2269],[137.4298,35.2229],[137.4355,35.2246],[137.4381,35.2297],[137.4411,35.23],[137.4419,35.2336],[137.4505,35.2351],[137.4534,35.2405],[137.4607,35.2402],[137.4661,35.2466],[137.4687,35.2454],[137.4706,35.2463],[137.4765,35.2534],[137.4827,35.2549],[137.4843,35.2574],[137.4921,35.2595],[137.497,35.2591],[137.4981,35.2602],[137.497,35.2642],[137.5048,35.2629],[137.506,35.2664],[137.5088,35.2662],[137.5139,35.2693],[137.513,35.2719],[137.5161,35.275],[137.5207,35.2735],[137.5189,35.2833],[137.529,35.2842],[137.5339,35.2813],[137.536,35.2823],[137.5434,35.2806],[137.5514,35.2842],[137.5619,35.2833],[137.5607,35.2854],[137.562,35.2893],[137.5564,35.2955],[137.5593,35.3021],[137.557,35.3099],[137.5651,35.3108],[137.5644,35.3134],[137.5687,35.3133],[137.5671,35.3149],[137.5715,35.3183],[137.5742,35.3167],[137.5779,35.3188],[137.5834,35.319],[137.5834,35.3217],[137.5876,35.3237],[137.5912,35.3281],[137.5906,35.3306],[137.6011,35.3308],[137.6039,35.3332],[137.6027,35.3357],[137.6039,35.3372],[137.6004,35.3423],[137.6019,35.3452],[137.6001,35.3466],[137.5998,35.3523],[137.6026,35.354],[137.601,35.3568],[137.6026,35.3583],[137.5978,35.3663],[137.5985,35.379],[137.5885,35.3857],[137.5864,35.3896],[137.5774,35.3904],[137.5752,35.4],[137.5797,35.3993],[137.5907,35.3936],[137.595,35.3954],[137.5966,35.394],[137.6181,35.3917],[137.6314,35.3977],[137.635,35.4013],[137.631,35.4069],[137.632,35.4107],[137.6215,35.4124],[137.6199,35.4152],[137.6205,35.4173],[137.6157,35.4233],[137.6178,35.4267],[137.6155,35.4306],[137.6083,35.4379],[137.6014,35.4393],[137.593,35.447],[137.6073,35.458],[137.6104,35.4589],[137.6132,35.4629],[137.6169,35.4647],[137.6182,35.4678],[137.6213,35.4687],[137.6229,35.4669],[137.6285,35.4673],[137.6317,35.47],[137.6324,35.4743],[137.6296,35.4771],[137.6298,35.4836],[137.627,35.4846],[137.6259,35.4926],[137.6244,35.4938],[137.6245,35.5006],[137.6283,35.5015],[137.6289,35.507],[137.6316,35.5099],[137.6262,35.5122],[137.6223,35.5186],[137.6232,35.52],[137.6194,35.5214],[137.6184,35.526],[137.6161,35.5264],[137.6078,35.5333],[137.6024,35.5307],[137.5986,35.5341],[137.5951,35.5339],[137.5903,35.5353],[137.5874,35.5383],[137.5811,35.5388],[137.5769,35.5449],[137.5739,35.5447],[137.5748,35.5494],[137.5706,35.5538],[137.5726,35.558],[137.5721,35.5612],[137.5648,35.566],[137.5641,35.5686],[137.5687,35.5735],[137.5682,35.5773],[137.5713,35.5842],[137.5681,35.5859],[137.5642,35.5848],[137.5505,35.5877],[137.5376,35.5845],[137.5365,35.5869],[137.531,35.589],[137.532,35.5932],[137.5201,35.6001],[137.5199,35.6029],[137.5182,35.6029],[137.5181,35.6046],[137.5138,35.608],[137.5168,35.6183],[137.5227,35.6194],[137.5238,35.626],[137.5277,35.6287],[137.5266,35.6343],[137.5323,35.6378],[137.5384,35.6386],[137.541,35.6421],[137.5393,35.644],[137.5397,35.6468],[137.545,35.6492],[137.5454,35.6511],[137.536,35.6612],[137.5354,35.6658],[137.5245,35.6715],[137.5199,35.6772],[137.5147,35.6773],[137.5094,35.6824],[137.5055,35.683],[137.4972,35.6885],[137.4987,35.6962],[137.4976,35.6981],[137.4931,35.6995],[137.4908,35.7042],[137.4857,35.706],[137.4876,35.7165],[137.4852,35.7247],[137.479,35.7266],[137.4781,35.7305],[137.4708,35.7358],[137.4698,35.7389],[137.4666,35.741],[137.4656,35.7439],[137.4681,35.747],[137.4655,35.7495],[137.4648,35.7564],[137.4597,35.7614],[137.4525,35.7634],[137.4499,35.7593],[137.4402,35.7586],[137.434,35.767],[137.4343,35.7712],[137.4278,35.7712],[137.4235,35.7752],[137.419,35.7735],[137.4166,35.7762],[137.4111,35.7773],[137.3999,35.7754],[137.3933,35.7777],[137.3911,35.7807],[137.397,35.7854],[137.3941,35.7974],[137.3918,35.7986],[137.3861,35.7987],[137.381,35.8013],[137.3641,35.7984],[137.3603,35.796],[137.3539,35.8012],[137.3512,35.8015],[137.3383,35.798],[137.3357,35.7994],[137.3348,35.8034],[137.3326,35.8049],[137.3324,35.8093],[137.3246,35.812],[137.3263,35.8143],[137.325,35.8167],[137.327,35.8211],[137.3288,35.8219],[137.3272,35.8257],[137.3303,35.8292],[137.3333,35.842],[137.336,35.8442],[137.3558,35.8424],[137.3611,35.8462],[137.3676,35.8607],[137.3663,35.8653],[137.3682,35.8742],[137.3644,35.8789],[137.3735,35.8841],[137.3741,35.8867],[137.3781,35.8887],[137.3808,35.8924],[137.3978,35.8957],[137.4194,35.9045],[137.4244,35.9032],[137.4349,35.9055],[137.4376,35.9051],[137.4388,35.9001],[137.4434,35.8981],[137.4477,35.8934],[137.4583,35.8894],[137.462,35.8895],[137.4651,35.8926],[137.4765,35.8942],[137.4819,35.9005],[137.4811,35.9058],[137.4845,35.9086],[137.4833,35.9133],[137.4842,35.9161],[137.4893,35.9198],[137.4924,35.9253],[137.4977,35.9288],[137.5036,35.9399],[137.5107,35.9411],[137.5187,35.9397],[137.5245,35.9425],[137.5243,35.945],[137.5326,35.9616],[137.542,35.9666],[137.5414,35.9693],[137.5443,35.9724],[137.545,35.9771],[137.5429,35.9804],[137.5435,35.9829],[137.5505,35.9871],[137.5622,35.9901],[137.5691,35.9957],[137.5757,35.9955],[137.5808,36.0014],[137.5904,36.0067],[137.5948,36.0129],[137.594,36.0145],[137.6002,36.0286],[137.5979,36.0424],[137.6013,36.0468],[137.6054,36.0487],[137.607,36.0558],[137.6137,36.0596],[137.6146,36.0631],[137.6109,36.0676],[137.6115,36.0732],[137.6139,36.0764],[137.6096,36.0781],[137.5968,36.0758],[137.5928,36.0809],[137.5734,36.0877],[137.5678,36.0969],[137.563,36.0984],[137.5617,36.1021],[137.5549,36.1055],[137.5509,36.1099],[137.5502,36.1129],[137.552,36.1167],[137.5571,36.1181],[137.5569,36.1216],[137.5605,36.1302],[137.5544,36.137],[137.5547,36.1402],[137.5582,36.1416],[137.5596,36.1444],[137.568,36.1477],[137.5679,36.1536],[137.5705,36.1556],[137.5908,36.1638],[137.5919,36.1693],[137.5951,36.172],[137.5912,36.1781],[137.5924,36.1828],[137.5909,36.1859],[137.5951,36.1907],[137.5944,36.192],[137.5909,36.191],[137.5862,36.1928],[137.5786,36.1975],[137.5778,36.2018],[137.5748,36.2047],[137.5734,36.2107],[137.5761,36.2143],[137.5731,36.2187],[137.5747,36.2202],[137.5779,36.2191],[137.583,36.2204],[137.5845,36.2229],[137.5832,36.2269],[137.5875,36.2269],[137.5897,36.2286],[137.5913,36.2344],[137.5955,36.2371],[137.5963,36.243],[137.6059,36.2488],[137.607,36.2531],[137.6126,36.2574],[137.6147,36.2648],[137.6209,36.2667],[137.6263,36.272],[137.629,36.2786],[137.6478,36.2891],[137.6469,36.2965],[137.6531,36.3047],[137.6488,36.3091],[137.6497,36.3155],[137.6514,36.3171],[137.6506,36.3208],[137.6524,36.322],[137.6507,36.3274],[137.6464,36.3302],[137.6454,36.3417],[137.6355,36.3426],[137.6244,36.3548],[137.618,36.3651],[137.6077,36.3668],[137.5999,36.3702],[137.5941,36.3687],[137.5871,36.372],[137.5861,36.3767],[137.5873,36.3898],[137.5767,36.393],[137.5733,36.3924],[137.5712,36.389],[137.5595,36.3875],[137.5409,36.3914],[137.536,36.3975],[137.5328,36.3989],[137.5312,36.4024],[137.5203,36.4061],[137.515,36.4113],[137.5108,36.4242],[137.4977,36.4262],[137.4911,36.4235],[137.4741,36.4254],[137.4687,36.4172],[137.4608,36.4122],[137.4494,36.4168],[137.4453,36.413],[137.4399,36.4159],[137.436,36.4204],[137.4322,36.4214],[137.4272,36.4202],[137.426,36.4224],[137.4207,36.4228],[137.4172,36.4256],[137.4102,36.4246],[137.4039,36.4271],[137.3952,36.4364],[137.3947,36.4482],[137.3962,36.4505],[137.3948,36.4559],[137.3899,36.4599],[137.3889,36.4571],[137.3798,36.455],[137.378,36.4527],[137.3703,36.4536],[137.3665,36.4509],[137.3615,36.4501],[137.3577,36.4432],[137.3594,36.4398],[137.3586,36.4368],[137.3513,36.4347],[137.3512,36.4329],[137.3465,36.4345],[137.3445,36.433],[137.3384,36.4339],[137.3347,36.4299],[137.3309,36.4308],[137.3246,36.4284],[137.3198,36.4245],[137.3138,36.425],[137.3097,36.4282],[137.3088,36.4318],[137.3067,36.4322],[137.305,36.4358],[137.3088,36.44],[137.3139,36.4417],[137.312,36.4449],[137.3136,36.4463],[137.3134,36.4491],[137.3178,36.4512],[137.317,36.4608],[137.3066,36.4639],[137.301,36.4615],[137.2985,36.4582],[137.2858,36.4613],[137.2822,36.4645],[137.279,36.4651],[137.2639,36.4584],[137.2628,36.4555],[137.2564,36.4511],[137.2519,36.4585],[137.2471,36.4617],[137.2321,36.4445],[137.2225,36.4437],[137.219,36.439],[137.2139,36.4388],[137.214,36.4308],[137.2089,36.4317],[137.2056,36.4276],[137.2049,36.4368],[137.1998,36.4415],[137.1984,36.4459],[137.1931,36.448],[137.1943,36.4531],[137.1917,36.4552],[137.1823,36.4525],[137.1797,36.4524],[137.178,36.4542],[137.1749,36.4501],[137.1712,36.4547],[137.1677,36.4555],[137.1644,36.4543],[137.1597,36.4564],[137.1528,36.4477],[137.1442,36.4455],[137.1422,36.443],[137.1434,36.4385],[137.137,36.4378],[137.1323,36.4346],[137.1276,36.4239],[137.1242,36.4221],[137.122,36.4172],[137.1173,36.4186],[137.1161,36.4161],[137.1115,36.4154],[137.1081,36.41],[137.1093,36.4074],[137.1045,36.4046],[137.1019,36.3992],[137.0959,36.3994],[137.0919,36.3965],[137.0948,36.3928],[137.0949,36.384],[137.0893,36.3827],[137.0787,36.3843],[137.0664,36.3755],[137.0594,36.3734],[137.0584,36.3682],[137.0622,36.3661],[137.0565,36.355],[137.0502,36.3495],[137.0489,36.3455],[137.0587,36.3425],[137.0525,36.3385],[137.0515,36.3281],[137.0453,36.3246],[137.0439,36.3219],[137.0376,36.3174],[137.0245,36.3167],[137.0197,36.3183],[137.0182,36.3115],[137.0212,36.3092],[137.0145,36.3042],[137.0142,36.301],[137.0108,36.298],[137.0108,36.295],[137.0126,36.2931],[137.0078,36.2921],[137.0077,36.2895],[137.0027,36.2869],[136.9973,36.286],[136.9945,36.2877],[136.9862,36.2863],[136.9865,36.2825],[136.9802,36.2793],[136.9753,36.2744],[136.9707,36.2778],[136.9679,36.2752],[136.9665,36.2777],[136.9577,36.2779],[136.9586,36.2823],[136.9616,36.2846],[136.9605,36.2878],[136.9655,36.2922],[136.9655,36.2953],[136.9678,36.2962],[136.9689,36.3052],[136.9733,36.3099],[136.9711,36.3155],[136.9643,36.3187],[136.9614,36.3229],[136.9603,36.3255],[136.9614,36.3276],[136.9581,36.3316],[136.9551,36.3391],[136.9511,36.3392],[136.9468,36.3458],[136.9394,36.3493],[136.9328,36.3483],[136.9254,36.3539],[136.9131,36.3576],[136.9075,36.3608],[136.9031,36.3557],[136.8971,36.3533],[136.8969,36.3513],[136.8901,36.3456],[136.887,36.3454],[136.8823,36.3419],[136.8788,36.3449],[136.8748,36.3428],[136.8745,36.3448],[136.8765,36.3469],[136.8757,36.3501],[136.8704,36.3489],[136.8696,36.3507],[136.8706,36.3533],[136.8733,36.3532],[136.8759,36.3555],[136.8763,36.3579],[136.876,36.3607],[136.8728,36.3616],[136.8734,36.3663],[136.8712,36.3676],[136.8681,36.3656],[136.868,36.3607],[136.8641,36.3552],[136.8661,36.3514],[136.8651,36.3497],[136.8556,36.3498],[136.8549,36.3475],[136.8521,36.3474],[136.8441,36.3511],[136.8371,36.3472],[136.8373,36.3433],[136.8425,36.3327],[136.8383,36.3232],[136.8325,36.3154],[136.8304,36.3077],[136.8324,36.3068],[136.8275,36.3048],[136.8262,36.3025],[136.8094,36.3025],[136.8042,36.3062],[136.7954,36.3027],[136.7923,36.2985],[136.7955,36.2925],[136.8009,36.2903],[136.8059,36.2844],[136.806,36.2758],[136.8144,36.2703],[136.8146,36.2664],[136.8337,36.2658],[136.8361,36.2618],[136.8443,36.2592],[136.8447,36.2542],[136.8508,36.2517],[136.8518,36.2471],[136.8473,36.2456],[136.8438,36.2368],[136.8397,36.2326],[136.8404,36.2314],[136.8323,36.2236],[136.8316,36.2176],[136.821,36.2107],[136.8196,36.2062],[136.8226,36.2015],[136.8212,36.2002],[136.8179,36.2009],[136.8112,36.1966],[136.8055,36.189],[136.8021,36.1871],[136.7994,36.1813],[136.8003,36.1778],[136.7984,36.1726],[136.7911,36.1699],[136.7864,36.1662],[136.7773,36.1664],[136.7664,36.1626],[136.7662,36.1603],[136.7734,36.1574],[136.7718,36.155],[136.7736,36.1509],[136.7764,36.1491],[136.7758,36.1439],[136.7808,36.1415],[136.7799,36.134],[136.7774,36.1316],[136.7786,36.1294],[136.7723,36.1261],[136.7688,36.1119],[136.7653,36.1058],[136.7562,36.0991],[136.7564,36.0947],[136.754,36.0902],[136.7543,36.0863],[136.764,36.0744],[136.765,36.0694],[136.7643,36.0677],[136.7547,36.0648],[136.7517,36.0617],[136.7446,36.0601],[136.7401,36.0569],[136.7399,36.0536],[136.7328,36.0489],[136.7355,36.0478],[136.7357,36.0323],[136.733,36.0264],[136.7344,36.021],[136.7309,36.0177],[136.7324,36.013],[136.7289,36.0094],[136.7294,36.0015],[136.7267,35.9959],[136.7497,35.9909],[136.7522,35.9886],[136.7536,35.9684],[136.7505,35.967],[136.7488,35.9636],[136.7499,35.9594],[136.7529,35.9565],[136.7666,35.9528],[136.7704,35.9504],[136.777,35.9512],[136.7888,35.9488],[136.7932,35.946],[136.7934,35.9409],[136.7869,35.9336],[136.7839,35.9278],[136.7848,35.924],[136.7887,35.9213],[136.799,35.9206],[136.7991,35.9185],[136.806,35.9128],[136.812,35.9125],[136.8165,35.9057],[136.8158,35.9027],[136.8209,35.8989],[136.8238,35.8928],[136.8222,35.8847],[136.819,35.8817],[136.8261,35.8745],[136.8258,35.8701],[136.8301,35.8658],[136.8323,35.8593],[136.8311,35.8519],[136.826,35.8459],[136.8209,35.8439],[136.812,35.8425],[136.8022,35.844],[136.7994,35.8313],[136.7971,35.8281],[136.7986,35.8251],[136.7985,35.8177],[136.7954,35.8111],[136.7958,35.8088],[136.7927,35.8069],[136.7893,35.7994],[136.7834,35.7981],[136.7821,35.7994],[136.776,35.7988],[136.774,35.8002],[136.7744,35.8067],[136.7639,35.8106],[136.755,35.8095],[136.7411,35.8011],[136.7324,35.8066],[136.7234,35.8082],[136.7206,35.8002],[136.71,35.792],[136.7054,35.7913],[136.7004,35.7941],[136.6971,35.7941],[136.6898,35.7893],[136.6814,35.7898],[136.677,35.7933],[136.6685,35.7886],[136.6661,35.7851],[136.6577,35.7835],[136.6538,35.7873],[136.6525,35.7987],[136.6452,35.8068],[136.6408,35.8035],[136.6379,35.7973],[136.6305,35.7956],[136.6266,35.7968],[136.6276,35.7908],[136.6221,35.7868],[136.6153,35.7893],[136.6115,35.7888],[136.6095,35.7923],[136.6068,35.7922],[136.5991,35.7985],[136.5952,35.7953],[136.5897,35.7955],[136.5852,35.7896],[136.586,35.7843],[136.5771,35.7815],[136.5707,35.7774],[136.5658,35.7797],[136.5618,35.7787],[136.5558,35.781],[136.5507,35.7811],[136.5449,35.7788],[136.5364,35.781],[136.5294,35.7858],[136.5228,35.7882],[136.5183,35.7791],[136.5133,35.7753],[136.512,35.7717],[136.5137,35.7622],[136.5119,35.7586],[136.5082,35.757],[136.508,35.7532],[136.5059,35.7503],[136.5034,35.7509],[136.4994,35.7558],[136.4965,35.7655],[136.4853,35.7737],[136.4857,35.7765],[136.4812,35.7739],[136.4726,35.7727],[136.4676,35.7732],[136.4618,35.7786],[136.4589,35.7791],[136.4458,35.7729],[136.4412,35.7752],[136.4307,35.775],[136.4185,35.7824],[136.4147,35.7826],[136.4092,35.7799],[136.408,35.7821],[136.4037,35.7839],[136.4003,35.7893],[136.3895,35.788],[136.3888,35.7919],[136.3767,35.7952],[136.3643,35.7882],[136.3571,35.7868],[136.356,35.7844],[136.3484,35.78],[136.3465,35.776],[136.3366,35.7747],[136.3334,35.7765],[136.3279,35.7751],[136.324,35.7694],[136.3247,35.7671],[136.3216,35.7651],[136.3221,35.7612],[136.3184,35.7511],[136.3198,35.7475],[136.3252,35.7436],[136.324,35.7406],[136.327,35.7314],[136.3253,35.7264],[136.3204,35.7225],[136.324,35.7167],[136.3118,35.712],[136.3095,35.7035],[136.3066,35.7011],[136.3045,35.7014],[136.2978,35.6918],[136.2918,35.6905],[136.2908,35.6878],[136.292,35.6839],[136.2989,35.6777],[136.2888,35.6714],[136.2905,35.6659],[136.2844,35.6634],[136.2763,35.6538],[136.2766,35.6515],[136.2816,35.6476],[136.2831,35.6437],[136.2826,35.6414],[136.2797,35.6397],[136.2792,35.6367],[136.2873,35.6281],[136.2887,35.6205],[136.2984,35.6175],[136.3053,35.62],[136.3069,35.6224],[136.3158,35.6234],[136.3237,35.6164],[136.3205,35.6106],[136.315,35.6059],[136.3203,35.6016],[136.3215,35.5938],[136.3228,35.593],[136.3222,35.5879],[136.3244,35.5842],[136.3221,35.5812],[136.3227,35.5695],[136.3188,35.5653],[136.3162,35.5569],[136.3175,35.5474],[136.3225,35.5442],[136.3256,35.546],[136.3269,35.55],[136.3373,35.5503],[136.3414,35.5427],[136.3396,35.5408],[136.3409,35.5373],[136.346,35.5361],[136.3468,35.5377],[136.3567,35.5399],[136.3591,35.5488],[136.3622,35.5537],[136.3626,35.5587],[136.3728,35.5597],[136.3758,35.5512],[136.3803,35.5461],[136.381,35.5377],[136.3826,35.5371],[136.3843,35.5331],[136.3976,35.532],[136.4004,35.5301],[136.3998,35.5273],[136.4018,35.5257],[136.3991,35.5213],[136.4025,35.519],[136.4057,35.5135],[136.4037,35.5114],[136.4001,35.5136],[136.4005,35.5116],[136.3941,35.5063],[136.3878,35.4968],[136.3867,35.4888],[136.398,35.4809],[136.402,35.4735],[136.4016,35.47],[136.4143,35.4665],[136.4189,35.4675],[136.4205,35.466],[136.4215,35.4556],[136.4246,35.4533],[136.4262,35.4484],[136.4222,35.4426],[136.4231,35.4397],[136.4157,35.4334],[136.4162,35.4304],[136.4189,35.4278],[136.4118,35.4224],[136.4118,35.4186],[136.4203,35.4129],[136.428,35.4008],[136.4366,35.3972],[136.437,35.3951],[136.4409,35.3939],[136.4414,35.3909],[136.4444,35.3894],[136.4365,35.3788],[136.4263,35.3734],[136.4156,35.3736],[136.412,35.3701],[136.4135,35.36],[136.4097,35.357],[136.4106,35.3525],[136.4133,35.3523],[136.4162,35.3548],[136.4214,35.3539],[136.4223,35.3484],[136.4192,35.3448],[136.419,35.3412],[136.4156,35.337],[136.4154,35.334],[136.4114,35.329],[136.4136,35.3243],[136.4121,35.3222],[136.4123,35.3156],[136.4066,35.3097],[136.4068,35.3053],[136.4032,35.3034],[136.4031,35.3006],[136.3994,35.2994],[136.391,35.29],[136.3909,35.2879],[136.396,35.2802],[136.3935,35.2619],[136.3945,35.259],[136.397,35.2577],[136.3892,35.2498],[136.3792,35.2475],[136.379,35.2446],[136.3773,35.2432],[136.3836,35.2397],[136.3857,35.2351],[136.392,35.2342],[136.3938,35.2308],[136.3925,35.2298],[136.3986,35.228],[136.3993,35.2259],[136.4084,35.2236],[136.412,35.2184],[136.4151,35.2177],[136.416,35.2203],[136.4247,35.2243],[136.431,35.2293],[136.4334,35.2282],[136.4328,35.2241],[136.4345,35.2204],[136.4408,35.2167],[136.45,35.2233],[136.4539,35.2299],[136.4552,35.2293],[136.4617,35.2362],[136.4634,35.2358],[136.4661,35.238],[136.4703,35.2327],[136.473,35.2374],[136.4796,35.2343],[136.4811,35.235],[136.4832,35.2374],[136.4824,35.2398],[136.4894,35.2355],[136.4914,35.2373],[136.4971,35.2379],[136.5007,35.2351],[136.5057,35.235],[136.5108,35.2386],[136.5117,35.2455],[136.5166,35.2543],[136.5204,35.254],[136.528,35.2576],[136.5342,35.2571],[136.5339,35.2539],[136.5363,35.2502]]]]},"properties":{"zone":7,"name":"岐阜県"}},{"type":"Feature","geometry":{"type":"MultiPolygon","coordinates":[[[[137.4928,34.7913],[137.4913,34.7959],[137.4942,34.8019],[137.4874,34.809],[137.487,34.8115],[137.4934,34.815],[137.4949,34.8196],[137.5013,34.8228],[137.4985,34.8265],[137.5,34.8314],[137.5081,34.8352],[137.518,34.836],[137.5238,34.8413],[137.5282,34.8417],[137.5295,34.8437],[137.5344,34.8444],[137.5371,34.8422],[137.5423,34.8422],[137.5528,34.8524],[137.5572,34.8511],[137.5651,34.8523],[137.5867,34.8503],[137.5952,34.8593],[137.5956,34.8704],[137.5969,34.8722],[137.6036,34.8745],[137.6159,34.8753],[137.6168,34.8782],[137.6285,34.8823],[137.6336,34.8855],[137.6373,34.891],[137.6413,34.893],[137.6421,34.8967],[137.6399,34.8984],[137.6405,34.905],[137.6429,34.9082],[137.6464,34.9084],[137.6478,34.9121],[137.6467,34.9187],[137.6497,34.9203],[137.6528,34.9255],[137.6525,34.9304],[137.6507,34.9329],[137.6562,34.9379],[137.6595,34.9447],[137.6693,34.9485],[137.6761,34.9454],[137.6802,34.9493],[137.6828,34.9551],[137.6859,34.9546],[137.6895,34.9566],[137.6899,34.9636],[137.6931,34.9663],[137.6955,34.9712],[137.6972,34.972],[137.7039,34.9699],[137.707,34.9718],[137.6998,34.9844],[137.7081,34.9944],[137.7076,34.9963],[137.7046,34.9961],[137.702,34.9985],[137.7013,35.0018],[137.7049,35.0148],[137.7109,35.0208],[137.7128,35.0253],[137.7165,35.0274],[137.7172,35.0351],[137.7222,35.0363],[137.7233,35.0391],[137.7288,35.0403],[137.7403,35.0565],[137.7514,35.0641],[137.7564,35.065],[137.7568,35.0676],[137.7616,35.0686],[137.7639,35.0723],[137.7696,35.0727],[137.7755,35.0776],[137.7734,35.0905],[137.7783,35.0996],[137.7818,35.0966],[137.7926,35.0954],[137.795,35.1029],[137.8012,35.106],[137.7982,35.1188],[137.799,35.1255],[137.7922,35.1286],[137.7928,35.1348],[137.7973,35.1364],[137.801,35.1309],[137.8059,35.1311],[137.8102,35.1374],[137.8149,35.1406],[137.8122,35.1446],[137.8147,35.1524],[137.8161,35.1527],[137.8186,35.1493],[137.8219,35.148],[137.8291,35.1523],[137.8277,35.1552],[137.8213,35.1584],[137.8258,35.1661],[137.8255,35.1682],[137.8175,35.175],[137.8104,35.1748],[137.8046,35.1796],[137.8032,35.1835],[137.8074,35.1878],[137.8135,35.1863],[137.8164,35.188],[137.817,35.193],[137.8203,35.1973],[137.822,35.2037],[137.8311,35.2053],[137.8278,35.2085],[137.8278,35.2113],[137.8381,35.2125],[137.823,35.2159],[137.7953,35.2041],[137.7836,35.206],[137.7793,35.2027],[137.7739,35.2033],[137.7735,35.2054],[137.7684,35.2064],[137.7661,35.21],[137.7692,35.2142],[137.7681,35.2184],[137.7651,35.2184],[137.7596,35.2221],[137.7437,35.2188],[137.7355,35.2227],[137.7293,35.221],[137.7232,35.2216],[137.7208,35.2248],[137.7226,35.2281],[137.7216,35.2309],[137.7119,35.2288],[137.7044,35.2339],[137.6993,35.2315],[137.6941,35.2337],[137.6872,35.2307],[137.6815,35.2352],[137.6788,35.231],[137.6736,35.2312],[137.6681,35.2273],[137.657,35.2283],[137.654,35.2268],[137.6524,35.2231],[137.6537,35.2177],[137.6448,35.2138],[137.6446,35.209],[137.6332,35.2122],[137.6171,35.2095],[137.6149,35.2105],[137.6031,35.2061],[137.6022,35.2044],[137.5915,35.1993],[137.5787,35.1984],[137.5766,35.2067],[137.5782,35.2093],[137.5769,35.2127],[137.5787,35.2194],[137.5754,35.2205],[137.5746,35.2234],[137.5726,35.2239],[137.5723,35.2267],[137.5684,35.2279],[137.5626,35.2354],[137.5526,35.2403],[137.5479,35.2509],[137.546,35.2517],[137.5476,35.259],[137.5521,35.2599],[137.5579,35.2652],[137.5558,35.2745],[137.5642,35.2777],[137.5665,35.2812],[137.5708,35.2827],[137.5658,35.2902],[137.5621,35.2899],[137.5607,35.2854],[137.5615,35.2832],[137.5514,35.2842],[137.5434,35.2806],[137.536,35.2823],[137.5339,35.2813],[137.529,35.2842],[137.5189,35.2833],[137.5207,35.2735],[137.5161,35.275],[137.513,35.2719],[137.5139,35.2693],[137.5088,35.2662],[137.506,35.2664],[137.5048,35.2629],[137.497,35.2642],[137.4981,35.2602],[137.497,35.2591],[137.4921,35.2595],[137.4843,35.2574],[137.4827,35.2549],[137.4765,35.2534],[137.4706,35.2463],[137.4687,35.2454],[137.4661,35.2466],[137.4607,35.2402],[137.4534,35.2405],[137.4505,35.2351],[137.4419,35.2336],[137.4411,35.23],[137.4381,35.2297],[137.4355,35.2246],[137.4298,35.2229],[137.4249,35.2269],[137.4232,35.2318],[137.4171,35.2403],[137.4084,35.2348],[137.4071,35.2377],[137.4034,35.2385],[137.4007,35.2418],[137.3949,35.2398],[137.387,35.2409],[137.3854,35.2453],[137.3828,35.2473],[137.3868,35.252],[137.3851,35.2587],[137.3832,35.2602],[137.3777,35.2588],[137.3726,35.2634],[137.3688,35.2604],[137.3623,35.261],[137.35,35.2571],[137.3441,35.2579],[137.3451,35.2618],[137.3427,35.2612],[137.3399,35.2645],[137.3463,35.2707],[137.3446,35.2737],[137.3378,35.2759],[137.338,35.2746],[137.3366,35.2747],[137.3339,35.2774],[137.3312,35.2768],[137.3321,35.2782],[137.3257,35.2805],[137.3213,35.2843],[137.31,35.2882],[137.3081,35.2912],[137.2984,35.2887],[137.2963,35.2901],[137.2827,35.2877],[137.2779,35.2881],[137.2751,35.2905],[137.2714,35.286],[137.268,35.2868],[137.2627,35.2852],[137.2595,35.2787],[137.2608,35.2752],[137.2576,35.275],[137.2572,35.2724],[137.2534,35.2726],[137.2497,35.2684],[137.2437,35.2687],[137.2443,35.2669],[137.2422,35.2645],[137.2354,35.2647],[137.2335,35.2611],[137.2299,35.2609],[137.224,35.2562],[137.2216,35.2559],[137.221,35.2604],[137.2187,35.2589],[137.2123,35.2599],[137.2088,35.2576],[137.207,35.2531],[137.2038,35.2551],[137.2001,35.2515],[137.1968,35.2534],[137.1865,35.2531],[137.1765,35.2603],[137.1755,35.2645],[137.1729,35.2649],[137.1771,35.2692],[137.1739,35.2717],[137.173,35.2751],[137.1696,35.276],[137.1696,35.2781],[137.1652,35.2834],[137.1541,35.2794],[137.1494,35.2816],[137.1456,35.2798],[137.1317,35.2936],[137.1304,35.2927],[137.1288,35.2947],[137.1189,35.2979],[137.1166,35.2973],[137.1023,35.3016],[137.0978,35.2972],[137.0989,35.2925],[137.096,35.2906],[137.0921,35.2928],[137.0813,35.2922],[137.0798,35.2962],[137.0815,35.2998],[137.0802,35.3032],[137.0818,35.3051],[137.0798,35.3068],[137.0722,35.3067],[137.0668,35.309],[137.0671,35.3117],[137.0635,35.3182],[137.0641,35.3207],[137.073,35.3265],[137.0682,35.3357],[137.0638,35.3362],[137.0634,35.3382],[137.0614,35.3391],[137.0525,35.3366],[137.0499,35.3344],[137.0472,35.3368],[137.0466,35.3485],[137.0452,35.3506],[137.0479,35.3524],[137.0498,35.3596],[137.047,35.3661],[137.0448,35.3675],[137.034,35.368],[137.0297,35.371],[137.0283,35.3761],[137.02,35.3757],[137.0162,35.3775],[137.0149,35.3816],[137.0022,35.3814],[137.0022,35.3834],[136.999,35.3862],[136.9984,35.3913],[136.9901,35.3947],[136.989,35.4012],[136.9783,35.4032],[136.9786,35.4064],[136.9871,35.4154],[136.9853,35.4175],[136.9864,35.4199],[136.9932,35.4241],[136.9894,35.4248],[136.9644,35.4209],[136.9611,35.4149],[136.9631,35.4066],[136.9617,35.3998],[136.9567,35.3965],[136.936,35.3888],[136.9242,35.3801],[136.9136,35.3778],[136.8885,35.3779],[136.874,35.3734],[136.8649,35.3726],[136.8604,35.3679],[136.834,35.3559],[136.8008,35.3609],[136.7929,35.3635],[136.7945,35.3683],[136.7746,35.3696],[136.7688,35.3674],[136.7596,35.3581],[136.7501,35.3365],[136.7365,35.316],[136.7257,35.2956],[136.7208,35.2899],[136.7079,35.2801],[136.696,35.2586],[136.6789,35.2438],[136.6778,35.2385],[136.6834,35.2023],[136.6823,35.1984],[136.6723,35.1888],[136.6711,35.1737],[136.6746,35.1546],[136.6711,35.1421],[136.6722,35.1361],[136.6764,35.1289],[136.6951,35.1247],[136.7141,35.1052],[136.7313,35.0973],[136.7412,35.0866],[136.7501,35.0802],[136.7534,35.053],[136.7609,35.0377],[136.7727,35.0244],[136.7697,35.0226],[136.7725,35.0122],[136.7662,34.9895],[136.7532,34.9715],[136.7465,34.9682],[136.7402,34.9592],[136.7385,34.9537],[136.7432,34.922],[136.724,34.8939],[136.7155,34.8635],[136.7088,34.8218],[136.7054,34.7877],[136.7069,34.7677],[136.6931,34.7292],[136.7037,34.7073],[136.7337,34.6823],[136.7636,34.6535],[136.8108,34.6298],[136.8388,34.6278],[136.9138,34.6279],[136.9561,34.615],[136.9705,34.5866],[137.0101,34.5589],[137.097,34.4708],[137.118,34.4304],[137.1797,34.3829],[137.2708,34.3075],[137.3256,34.2763],[137.5346,34.3951],[137.4845,34.6764],[137.4859,34.6796],[137.4847,34.684],[137.4893,34.6888],[137.4918,34.7025],[137.4878,34.7166],[137.4819,34.7213],[137.4823,34.726],[137.4807,34.7265],[137.4803,34.7294],[137.4813,34.7319],[137.4782,34.7355],[137.4806,34.7407],[137.4741,34.7499],[137.4749,34.7551],[137.4774,34.7567],[137.4768,34.7678],[137.4791,34.7714],[137.4767,34.7748],[137.482,34.7822],[137.493,34.7868],[137.4928,34.7913]]]]},"properties":{"zone":7,"name":"愛知県"}},{"type":"Feature","geometry":{"type":"MultiPolygon","coordinates":[[[[138.3787,36.9804],[138.389,36.9864],[138.3909,36.9888],[138.3903,36.9913],[138.3945,36.9942],[138.3947,36.9972],[138.4105,36.9984],[138.4122,37.0024],[138.4314,37.0061],[138.4428,37.0131],[138.4508,37.0149],[138.4544,37.0173],[138.4551,37.0196],[138.468,37.0178],[138.4814,37.0216],[138.4826,37.0198],[138.4907,37.0199],[138.4974,37.0264],[138.5024,37.0252],[138.5128,37.0278],[138.5141,37.0297],[138.5199,37.0278],[138.5234,37.0304],[138.5259,37.0298],[138.5285,37.0249],[138.5365,37.0209],[138.5488,37.0212],[138.5526,37.0236],[138.5659,37.0213],[138.5697,37.0158],[138.5708,37.0057],[138.5732,37.0045],[138.5759,36.9963],[138.5867,36.988],[138.5868,36.9789],[138.5883,36.9771],[138.5858,36.9726],[138.5874,36.9659],[138.5859,36.965],[138.5866,36.9618],[138.5851,36.9603],[138.587,36.9547],[138.5846,36.9325],[138.5829,36.9287],[138.5921,36.9253],[138.5888,36.914],[138.5909,36.9142],[138.5964,36.907],[138.6129,36.9085],[138.621,36.9041],[138.6182,36.8994],[138.6178,36.892],[138.6213,36.8893],[138.6254,36.8824],[138.6355,36.8834],[138.635,36.8799],[138.6405,36.879],[138.6418,36.8756],[138.651,36.8744],[138.6525,36.8713],[138.657,36.8696],[138.6574,36.868],[138.672,36.8663],[138.6764,36.8673],[138.6815,36.8654],[138.687,36.8628],[138.6888,36.8581],[138.6932,36.8548],[138.6927,36.8498],[138.6901,36.8461],[138.6916,36.8412],[138.6902,36.8327],[138.6807,36.8242],[138.6796,36.8211],[138.687,36.8182],[138.69,36.8129],[138.6945,36.8106],[138.6958,36.8079],[138.689,36.7981],[138.6894,36.7935],[138.6867,36.7903],[138.6842,36.7879],[138.6717,36.7836],[138.669,36.7788],[138.6695,36.7737],[138.6727,36.7704],[138.68,36.7664],[138.6881,36.7657],[138.6915,36.7586],[138.6919,36.7461],[138.6947,36.7442],[138.6959,36.7385],[138.7035,36.7365],[138.7131,36.7392],[138.7158,36.7458],[138.7185,36.7462],[138.7219,36.7497],[138.7214,36.7592],[138.727,36.7642],[138.7295,36.7624],[138.7354,36.7628],[138.7406,36.7593],[138.7482,36.7578],[138.758,36.7508],[138.7616,36.7489],[138.7649,36.7491],[138.7673,36.7465],[138.778,36.7477],[138.7824,36.7473],[138.785,36.7449],[138.7894,36.7449],[138.7927,36.7479],[138.7926,36.7524],[138.7949,36.7576],[138.8017,36.7623],[138.8078,36.7649],[138.8111,36.7649],[138.8174,36.7616],[138.8211,36.7639],[138.8269,36.7723],[138.825,36.7758],[138.829,36.782],[138.829,36.7916],[138.8318,36.7939],[138.8291,36.7954],[138.8267,36.7999],[138.8263,36.8051],[138.822,36.8114],[138.8217,36.8176],[138.8302,36.8177],[138.836,36.8153],[138.8396,36.8172],[138.8509,36.812],[138.8564,36.8116],[138.8646,36.8163],[138.8756,36.8186],[138.8795,36.825],[138.8819,36.8258],[138.9073,36.8277],[138.9291,36.8326],[138.9299,36.8373],[138.925,36.8465],[138.917,36.8489],[138.916,36.8508],[138.9179,36.8568],[138.9221,36.861],[138.9216,36.8654],[138.9171,36.871],[138.922,36.8785],[138.9231,36.8836],[138.9305,36.887],[138.9323,36.8935],[138.9406,36.8952],[138.9495,36.893],[138.9547,36.8953],[138.967,36.891],[138.9715,36.8872],[138.9795,36.8918],[138.9796,36.9051],[138.9744,36.913],[138.975,36.9164],[138.9772,36.9179],[138.9767,36.9208],[138.9666,36.9312],[138.9638,36.9514],[138.9661,36.9573],[138.9654,36.9674],[138.9678,36.9737],[138.9665,36.9791],[138.9708,36.9814],[139.0003,36.9791],[139.0155,36.9883],[139.0306,36.9836],[139.0474,36.9873],[139.0501,36.9949],[139.0542,36.9983],[139.0608,37.0006],[139.0656,37.0049],[139.072,37.0065],[139.0735,37.0085],[139.0807,37.0087],[139.0814,37.0115],[139.0911,37.0197],[139.0887,37.0309],[139.0915,37.0395],[139.0904,37.0449],[139.0946,37.0562],[139.097,37.0586],[139.1113,37.0552],[139.1154,37.0475],[139.1229,37.0471],[139.125,37.0448],[139.1245,37.0409],[139.1278,37.0385],[139.1319,37.0257],[139.1432,37.0213],[139.1507,37.0093],[139.1621,37.0041],[139.171,37.002],[139.174,36.9959],[139.1796,36.9904],[139.1772,36.9854],[139.1752,36.9733],[139.1827,36.9617],[139.1867,36.9599],[139.1935,36.961],[139.1981,36.9578],[139.2019,36.9584],[139.206,36.9559],[139.2142,36.957],[139.2189,36.9608],[139.2285,36.9613],[139.2379,36.9466],[139.2319,36.9405],[139.2354,36.9423],[139.2416,36.9416],[139.2407,36.9435],[139.2433,36.9444],[139.2441,36.9479],[139.2417,36.9497],[139.245,36.9523],[139.2465,36.9559],[139.2499,36.9558],[139.25,36.9597],[139.2485,36.9613],[139.2513,36.9627],[139.2509,36.965],[139.2479,36.966],[139.2493,36.9676],[139.2477,36.971],[139.2526,36.9734],[139.2522,36.9765],[139.2472,36.9806],[139.2484,36.9824],[139.2531,36.9836],[139.2557,36.9887],[139.2526,36.9943],[139.251,37.0046],[139.2434,37.0151],[139.2485,37.024],[139.2485,37.0309],[139.2532,37.0343],[139.2543,37.0372],[139.2528,37.0398],[139.2595,37.0433],[139.2603,37.0476],[139.2573,37.0498],[139.2573,37.0564],[139.255,37.0576],[139.2545,37.0623],[139.247,37.0708],[139.2465,37.0736],[139.2489,37.0811],[139.2428,37.0847],[139.2388,37.0899],[139.2409,37.0936],[139.2359,37.1015],[139.2351,37.1124],[139.238,37.1205],[139.2438,37.1281],[139.2459,37.1458],[139.2498,37.1516],[139.25,37.1567],[139.253,37.1584],[139.2529,37.1614],[139.2503,37.1637],[139.2538,37.165],[139.2464,37.1663],[139.2473,37.1697],[139.2432,37.1704],[139.2429,37.1732],[139.2453,37.1754],[139.2453,37.1772],[139.2435,37.1773],[139.2444,37.1816],[139.2409,37.1842],[139.2412,37.1869],[139.2356,37.1885],[139.2292,37.1966],[139.2256,37.1983],[139.2265,37.2032],[139.2213,37.2048],[139.2207,37.2092],[139.2176,37.2094],[139.2134,37.2],[139.2084,37.1958],[139.2053,37.1942],[139.1966,37.194],[139.1967,37.1995],[139.1944,37.2047],[139.1871,37.2097],[139.1846,37.216],[139.1738,37.2236],[139.1709,37.2285],[139.1659,37.2322],[139.1647,37.2374],[139.1703,37.2503],[139.1732,37.2526],[139.1747,37.2564],[139.1778,37.2567],[139.1791,37.2598],[139.1893,37.2687],[139.1919,37.2694],[139.193,37.2734],[139.1976,37.2754],[139.2057,37.2839],[139.2123,37.2862],[139.2147,37.292],[139.2149,37.2992],[139.2177,37.3052],[139.2157,37.3091],[139.2219,37.3147],[139.2243,37.32],[139.2211,37.3237],[139.2203,37.3316],[139.2179,37.3342],[139.2218,37.3357],[139.2281,37.3433],[139.2336,37.3436],[139.2348,37.3508],[139.2336,37.3583],[139.238,37.3726],[139.2349,37.3789],[139.2315,37.3802],[139.2315,37.3879],[139.2271,37.3887],[139.2281,37.3909],[139.2226,37.3933],[139.2153,37.3913],[139.2121,37.3921],[139.2077,37.3962],[139.2076,37.4006],[139.2046,37.4062],[139.1972,37.4108],[139.1987,37.413],[139.2084,37.4168],[139.2067,37.4239],[139.2075,37.4289],[139.2136,37.4365],[139.2132,37.4391],[139.2185,37.4451],[139.2223,37.4461],[139.2236,37.4492],[139.2355,37.4448],[139.2465,37.4489],[139.2514,37.4525],[139.2563,37.4509],[139.2585,37.447],[139.2732,37.4503],[139.2788,37.4532],[139.2814,37.4501],[139.284,37.4499],[139.2867,37.4524],[139.3048,37.4588],[139.3107,37.4556],[139.3154,37.4594],[139.3265,37.4624],[139.3275,37.46],[139.3351,37.4578],[139.3457,37.4602],[139.3512,37.4656],[139.3516,37.4681],[139.3559,37.4672],[139.3625,37.47],[139.3664,37.4684],[139.3685,37.4654],[139.3738,37.4639],[139.385,37.4637],[139.3975,37.4598],[139.4063,37.466],[139.4046,37.4682],[139.4046,37.4751],[139.4099,37.4836],[139.4069,37.4865],[139.4086,37.4891],[139.4079,37.4925],[139.414,37.4968],[139.4107,37.5019],[139.4112,37.5052],[139.4142,37.5102],[139.4279,37.5113],[139.4294,37.5147],[139.4391,37.5132],[139.4506,37.5174],[139.4572,37.5179],[139.4579,37.5158],[139.4636,37.5129],[139.4661,37.5083],[139.4718,37.5064],[139.4761,37.5026],[139.4829,37.5062],[139.4858,37.5103],[139.4967,37.5126],[139.5137,37.5086],[139.5196,37.5136],[139.5234,37.5145],[139.5282,37.5124],[139.5431,37.5121],[139.545,37.5094],[139.5489,37.509],[139.5552,37.5061],[139.5561,37.5041],[139.5617,37.5039],[139.5647,37.5017],[139.5836,37.5118],[139.5881,37.5233],[139.5911,37.5253],[139.5906,37.5279],[139.5842,37.5278],[139.5787,37.53],[139.5764,37.5347],[139.5702,37.5391],[139.5709,37.5438],[139.5658,37.546],[139.5703,37.5506],[139.5676,37.5629],[139.5724,37.5704],[139.5704,37.5729],[139.5717,37.5744],[139.5704,37.5794],[139.5682,37.5799],[139.5661,37.5831],[139.5675,37.5847],[139.5642,37.5884],[139.5658,37.5904],[139.564,37.5962],[139.565,37.5974],[139.5596,37.6018],[139.5541,37.6026],[139.5485,37.6096],[139.5481,37.6136],[139.5514,37.6159],[139.5522,37.6186],[139.5479,37.6218],[139.546,37.6289],[139.5476,37.6339],[139.5553,37.6411],[139.5518,37.6435],[139.5493,37.6491],[139.563,37.6538],[139.5685,37.6531],[139.5798,37.6608],[139.5848,37.6623],[139.5886,37.6673],[139.5913,37.6676],[139.5938,37.6651],[139.5964,37.6659],[139.6009,37.6688],[139.601,37.6713],[139.605,37.6741],[139.606,37.6776],[139.6045,37.6793],[139.6094,37.6843],[139.6176,37.6888],[139.6272,37.6883],[139.6282,37.6924],[139.6257,37.6932],[139.6215,37.7001],[139.6235,37.7025],[139.6241,37.7102],[139.6327,37.7164],[139.6318,37.7199],[139.6383,37.7212],[139.6429,37.7276],[139.6496,37.7291],[139.6522,37.7378],[139.6574,37.741],[139.6589,37.745],[139.6579,37.755],[139.6667,37.757],[139.6687,37.7633],[139.6776,37.77],[139.6803,37.7754],[139.6965,37.7851],[139.7053,37.7962],[139.7135,37.799],[139.7216,37.8094],[139.7415,37.8177],[139.736,37.8279],[139.7294,37.8308],[139.727,37.835],[139.7205,37.8396],[139.7186,37.8449],[139.7156,37.847],[139.7146,37.8529],[139.7103,37.8543],[139.6978,37.8477],[139.6911,37.8483],[139.6891,37.8467],[139.6818,37.8467],[139.6784,37.8498],[139.6788,37.8517],[139.6572,37.8635],[139.6569,37.8716],[139.6522,37.8732],[139.6485,37.8771],[139.6386,37.8799],[139.6378,37.8842],[139.6318,37.8893],[139.6293,37.8937],[139.6318,37.9009],[139.6264,37.9088],[139.6286,37.9124],[139.6271,37.9164],[139.6248,37.9179],[139.6272,37.9248],[139.6302,37.9259],[139.6318,37.9303],[139.6394,37.9347],[139.6394,37.9413],[139.643,37.9467],[139.6401,37.9524],[139.642,37.9552],[139.6423,37.9593],[139.6452,37.9626],[139.6432,37.9669],[139.638,37.97],[139.6443,37.9796],[139.6393,37.9855],[139.6449,37.9918],[139.6436,37.9953],[139.6544,37.997],[139.6553,38.0008],[139.6526,38.0033],[139.6544,38.0147],[139.6523,38.0212],[139.6534,38.0251],[139.6567,38.0285],[139.6547,38.0352],[139.6624,38.04],[139.6748,38.0406],[139.6801,38.0432],[139.682,38.0495],[139.6904,38.0524],[139.691,38.056],[139.6927,38.057],[139.6862,38.065],[139.692,38.0707],[139.6918,38.0751],[139.6878,38.0748],[139.6865,38.0769],[139.6815,38.0754],[139.6713,38.0769],[139.674,38.0807],[139.6726,38.0823],[139.6725,38.0891],[139.6748,38.0913],[139.6783,38.1011],[139.6827,38.1081],[139.6919,38.1128],[139.6939,38.1158],[139.6906,38.1188],[139.6883,38.1346],[139.6922,38.1487],[139.6906,38.1501],[139.6906,38.1552],[139.6847,38.1593],[139.6855,38.1665],[139.6828,38.1688],[139.6823,38.1718],[139.6875,38.1781],[139.6875,38.1821],[139.6923,38.1825],[139.6962,38.1855],[139.6959,38.1889],[139.6985,38.1914],[139.6984,38.1951],[139.7026,38.1992],[139.6992,38.2032],[139.7089,38.2043],[139.7132,38.2066],[139.7186,38.2045],[139.7216,38.2059],[139.7246,38.2029],[139.7306,38.201],[139.7389,38.202],[139.7469,38.1964],[139.7549,38.1931],[139.7596,38.1939],[139.7623,38.1985],[139.764,38.199],[139.7699,38.1972],[139.776,38.1982],[139.7814,38.1935],[139.7863,38.1922],[139.7865,38.1943],[139.7905,38.198],[139.8006,38.2026],[139.8022,38.2065],[139.8069,38.2071],[139.8109,38.2115],[139.8193,38.2128],[139.8202,38.2146],[139.8366,38.2213],[139.8386,38.2236],[139.847,38.2246],[139.8579,38.2297],[139.8638,38.2349],[139.8643,38.2402],[139.8686,38.248],[139.8757,38.2521],[139.8764,38.2616],[139.8845,38.2652],[139.8885,38.2693],[139.8999,38.2758],[139.898,38.278],[139.8998,38.2873],[139.8989,38.2932],[139.8885,38.301],[139.8792,38.3035],[139.875,38.3167],[139.8669,38.3216],[139.8652,38.3259],[139.862,38.3286],[139.8476,38.3367],[139.8489,38.3429],[139.8277,38.3447],[139.826,38.3505],[139.82,38.3519],[139.8165,38.356],[139.8038,38.3551],[139.7906,38.3488],[139.7853,38.3528],[139.7747,38.354],[139.7707,38.3529],[139.7616,38.3611],[139.7501,38.3594],[139.7324,38.3716],[139.7288,38.3772],[139.7311,38.3815],[139.7255,38.3887],[139.7258,38.3916],[139.7226,38.3938],[139.7121,38.3868],[139.7098,38.3868],[139.7047,38.3937],[139.7034,38.4002],[139.7056,38.4073],[139.712,38.4125],[139.715,38.4199],[139.7172,38.4213],[139.7186,38.4289],[139.7165,38.4321],[139.7184,38.4382],[139.7177,38.4472],[139.7201,38.4507],[139.7151,38.4594],[139.7152,38.4638],[139.7191,38.4662],[139.7134,38.4696],[139.7114,38.4768],[139.7125,38.4795],[139.716,38.479],[139.7251,38.4852],[139.7247,38.4902],[139.7203,38.4934],[139.7217,38.4962],[139.7102,38.4995],[139.7025,38.4992],[139.7003,38.5034],[139.6959,38.5039],[139.6931,38.5068],[139.6829,38.505],[139.6671,38.5065],[139.6636,38.5085],[139.653,38.507],[139.6473,38.5106],[139.6378,38.5114],[139.6359,38.5132],[139.6369,38.5157],[139.6324,38.5187],[139.6313,38.522],[139.6232,38.5233],[139.6212,38.5256],[139.6139,38.5263],[139.6114,38.524],[139.6081,38.525],[139.5998,38.5221],[139.5952,38.5271],[139.5867,38.5326],[139.5817,38.533],[139.5809,38.536],[139.5773,38.5396],[139.571,38.5385],[139.5644,38.5434],[139.5607,38.5429],[139.5594,38.5451],[139.5566,38.5452],[139.5564,38.5483],[139.5523,38.5477],[139.5527,38.5492],[139.5493,38.5536],[139.5426,38.5488],[139.5309,38.5449],[139.4986,38.5423],[139.4834,38.5433],[139.3847,38.5664],[139.3461,38.6621],[139.3107,38.727],[139.2736,38.7785],[139.1801,38.8872],[139.1382,38.8973],[139.0463,38.6589],[138.5128,38.5413],[138.4685,38.541],[138.4254,38.5347],[138.3935,38.526],[138.3637,38.5142],[138.3282,38.4964],[138.2866,38.4704],[138.2219,38.4139],[138.1971,38.382],[138.1563,38.3605],[138.1261,38.3374],[138.1103,38.3216],[138.0907,38.296],[138.0766,38.2693],[138.0677,38.2429],[138.0388,38.214],[138.0239,38.1952],[137.5316,38.135],[137.5547,38.0224],[137.6184,37.9501],[137.6673,37.8597],[137.8652,37.526],[137.8168,37.4603],[137.7845,37.4078],[137.742,37.3575],[137.6389,37.278],[137.5931,37.2528],[137.6126,37.1287],[137.6195,37.0585],[137.6323,37.0209],[137.635,36.9797],[137.6377,36.9766],[137.6515,36.969],[137.6578,36.9596],[137.6662,36.9537],[137.6665,36.9502],[137.6735,36.9507],[137.6877,36.9431],[137.6986,36.9423],[137.7113,36.9441],[137.7114,36.9407],[137.7138,36.9379],[137.7137,36.9338],[137.7162,36.9327],[137.7205,36.9267],[137.7163,36.9214],[137.7175,36.9197],[137.7178,36.9077],[137.7126,36.9041],[137.7144,36.8991],[137.7135,36.8914],[137.7245,36.8782],[137.7322,36.8735],[137.7341,36.869],[137.7328,36.8671],[137.7341,36.8611],[137.7324,36.8579],[137.7352,36.8552],[137.7329,36.8447],[137.7342,36.8424],[137.7326,36.8361],[137.7344,36.8314],[137.7301,36.8264],[137.7322,36.8235],[137.744,36.816],[137.7456,36.8122],[137.7493,36.8096],[137.7495,36.8042],[137.7543,36.7966],[137.7508,36.7916],[137.7498,36.7795],[137.7621,36.7704],[137.7634,36.7682],[137.7624,36.7662],[137.7691,36.7714],[137.7758,36.7737],[137.7821,36.773],[137.7911,36.7784],[137.7933,36.7867],[137.82,36.7982],[137.8229,36.8024],[137.8228,36.806],[137.831,36.808],[137.8326,36.8115],[137.8316,36.8195],[137.8439,36.8298],[137.8451,36.8345],[137.8542,36.8405],[137.857,36.8439],[137.8558,36.8492],[137.8582,36.8531],[137.8683,36.8628],[137.8734,36.8636],[137.8765,36.8662],[137.8753,36.8691],[137.8778,36.8733],[137.8687,36.8773],[137.8661,36.8836],[137.8667,36.8866],[137.8615,36.8911],[137.8651,36.8964],[137.8686,36.8974],[137.8716,36.9011],[137.8712,36.9029],[137.8621,36.9077],[137.8639,36.9098],[137.8636,36.9131],[137.8683,36.9159],[137.8746,36.9159],[137.8786,36.9127],[137.8933,36.91],[137.9004,36.9114],[137.9028,36.9143],[137.911,36.9179],[137.9206,36.92],[137.9321,36.9143],[137.9485,36.9128],[137.953,36.9052],[137.9579,36.9028],[137.9626,36.9022],[137.967,36.9057],[137.9696,36.9108],[137.9764,36.9083],[137.9914,36.9108],[138.0029,36.905],[138.0137,36.904],[138.0157,36.9017],[138.0147,36.8952],[138.0157,36.8931],[138.0218,36.8905],[138.0266,36.8925],[138.0312,36.8913],[138.0328,36.8862],[138.0325,36.881],[138.0318,36.8784],[138.0221,36.8675],[138.0209,36.8634],[138.0169,36.8604],[138.0137,36.8604],[138.0155,36.8574],[138.0157,36.8526],[138.0189,36.8504],[138.0202,36.8424],[138.0143,36.8389],[138.0035,36.8264],[138.0072,36.825],[138.0086,36.8227],[138.0116,36.8231],[138.017,36.8188],[138.0213,36.8196],[138.0243,36.8168],[138.0289,36.8171],[138.0312,36.8152],[138.0303,36.8135],[138.0337,36.8107],[138.0338,36.8088],[138.0413,36.8077],[138.0454,36.8098],[138.0515,36.8076],[138.0522,36.8],[138.0707,36.8053],[138.0753,36.8107],[138.073,36.8168],[138.0816,36.8301],[138.086,36.8343],[138.0923,36.8364],[138.0933,36.8402],[138.0993,36.8436],[138.1063,36.8438],[138.1124,36.8495],[138.115,36.8504],[138.1247,36.848],[138.1318,36.8507],[138.1405,36.8472],[138.1474,36.8494],[138.1505,36.8463],[138.156,36.8451],[138.1689,36.845],[138.1724,36.8475],[138.1761,36.8477],[138.1775,36.8518],[138.1956,36.8537],[138.2034,36.8571],[138.2061,36.8597],[138.2064,36.863],[138.2138,36.8712],[138.213,36.8683],[138.2172,36.8664],[138.235,36.8637],[138.2493,36.8653],[138.2549,36.8699],[138.2574,36.8683],[138.2584,36.8634],[138.2684,36.8605],[138.2717,36.8553],[138.2706,36.8441],[138.2749,36.8409],[138.2876,36.8457],[138.29,36.8529],[138.2916,36.8516],[138.2919,36.8541],[138.2961,36.8556],[138.295,36.8608],[138.2924,36.862],[138.2924,36.8645],[138.2885,36.869],[138.2894,36.8715],[138.2931,36.873],[138.293,36.8781],[138.2994,36.8867],[138.2953,36.8885],[138.2945,36.8934],[138.2903,36.8968],[138.2944,36.9013],[138.2963,36.9108],[138.3074,36.9194],[138.3148,36.9219],[138.3176,36.9252],[138.3299,36.9268],[138.3373,36.9251],[138.3432,36.9208],[138.3492,36.9292],[138.3523,36.9294],[138.3573,36.9333],[138.3597,36.94],[138.3645,36.9443],[138.3637,36.9531],[138.3682,36.9571],[138.3672,36.9594],[138.3694,36.9639],[138.3744,36.9684],[138.3759,36.9722],[138.3823,36.9764],[138.3787,36.9804]]]]},"properties":{"zone":8,"name":"新潟県"}},{"type":"Feature","geometry":{"type":"MultiPolygon","coordinates":[[[[138.1205,35.4546],[138.1231,35.4566],[138.1316,35.4533],[138.141,35.459],[138.1569,35.46],[138.1603,35.469],[138.1601,35.4715],[138.1561,35.4743],[138.1588,35.4829],[138.1584,35.4868],[138.1646,35.4939],[138.155,35.4953],[138.1475,35.5004],[138.1402,35.4997],[138.1398,35.5027],[138.1433,35.5063],[138.1438,35.5105],[138.146,35.5128],[138.1463,35.5186],[138.1391,35.5205],[138.1383,35.5221],[138.147,35.5297],[138.1479,35.5348],[138.1516,35.5363],[138.1594,35.545],[138.1542,35.5535],[138.1515,35.5527],[138.1414,35.5551],[138.1462,35.5571],[138.1518,35.571],[138.1571,35.573],[138.162,35.5813],[138.1709,35.5824],[138.1782,35.575],[138.1843,35.5731],[138.1895,35.5768],[138.189,35.5814],[138.1946,35.5884],[138.1954,35.5947],[138.2061,35.6082],[138.2024,35.6183],[138.2034,35.6321],[138.2105,35.6346],[138.2187,35.6445],[138.2171,35.6477],[138.2081,35.6557],[138.2056,35.6642],[138.1933,35.6722],[138.1942,35.6749],[138.1913,35.6854],[138.1937,35.689],[138.1936,35.6969],[138.1912,35.7018],[138.182,35.7097],[138.1801,35.7144],[138.1835,35.7199],[138.1975,35.727],[138.2005,35.7331],[138.2069,35.7354],[138.2197,35.7458],[138.222,35.7504],[138.2277,35.7537],[138.2296,35.753],[138.2369,35.758],[138.2324,35.7634],[138.2247,35.7657],[138.2212,35.7707],[138.217,35.7715],[138.2059,35.7827],[138.2002,35.7809],[138.1928,35.7836],[138.1852,35.7911],[138.1856,35.7955],[138.1904,35.8031],[138.1935,35.8039],[138.1934,35.8058],[138.1956,35.8056],[138.199,35.8121],[138.2017,35.8121],[138.2057,35.8157],[138.2058,35.8196],[138.2034,35.8231],[138.2052,35.8242],[138.2038,35.8255],[138.2047,35.8281],[138.2127,35.837],[138.2156,35.8449],[138.2191,35.8471],[138.2234,35.8553],[138.2268,35.8575],[138.2324,35.8757],[138.2387,35.8829],[138.2486,35.8859],[138.2515,35.885],[138.2658,35.8747],[138.2728,35.8649],[138.2789,35.8604],[138.2836,35.8593],[138.2961,35.8701],[138.3073,35.8871],[138.3265,35.9033],[138.3331,35.9172],[138.339,35.9243],[138.3422,35.926],[138.3457,35.9344],[138.345,35.9413],[138.3559,35.9504],[138.3599,35.9507],[138.3597,35.9557],[138.3619,35.9626],[138.3691,35.9669],[138.3705,35.9714],[138.3729,35.9717],[138.3814,35.9714],[138.3907,35.9663],[138.4083,35.9625],[138.414,35.9594],[138.4242,35.959],[138.4432,35.9511],[138.4506,35.9454],[138.4543,35.9383],[138.4475,35.9292],[138.4484,35.9251],[138.4446,35.9225],[138.4455,35.9198],[138.4443,35.9179],[138.4489,35.913],[138.4547,35.8998],[138.4568,35.9032],[138.4594,35.9037],[138.4716,35.8962],[138.4826,35.8988],[138.4901,35.8964],[138.4955,35.9036],[138.4947,35.9113],[138.5028,35.9122],[138.5055,35.9187],[138.5106,35.9223],[138.5128,35.9201],[138.5217,35.9187],[138.5291,35.9145],[138.531,35.9157],[138.5402,35.9137],[138.5554,35.9191],[138.557,35.9179],[138.5562,35.9163],[138.5644,35.9173],[138.5721,35.9122],[138.5765,35.9114],[138.5792,35.913],[138.581,35.9171],[138.5893,35.9179],[138.591,35.9198],[138.601,35.9134],[138.6027,35.9098],[138.6076,35.9082],[138.6122,35.9093],[138.6071,35.8995],[138.6076,35.8959],[138.605,35.8938],[138.6067,35.8785],[138.6109,35.8736],[138.6215,35.8705],[138.6281,35.8734],[138.6342,35.87],[138.6425,35.8748],[138.6497,35.8735],[138.6575,35.8759],[138.6603,35.8738],[138.6657,35.8739],[138.6691,35.8714],[138.6762,35.8698],[138.6827,35.8815],[138.6858,35.8939],[138.6919,35.8959],[138.6935,35.8993],[138.6971,35.8992],[138.7002,35.9032],[138.7057,35.906],[138.7081,35.9098],[138.7217,35.9079],[138.729,35.9092],[138.7307,35.9149],[138.7281,35.9178],[138.7323,35.9195],[138.7385,35.929],[138.7392,35.9333],[138.7374,35.9363],[138.7393,35.9391],[138.7311,35.9451],[138.7305,35.9503],[138.7268,35.9567],[138.721,35.9591],[138.7195,35.9629],[138.7144,35.9653],[138.7129,35.9677],[138.7114,35.9719],[138.7128,35.9852],[138.7012,35.988],[138.697,35.9912],[138.6887,35.9918],[138.6864,35.9949],[138.6872,35.9998],[138.6811,36.0043],[138.6799,36.0091],[138.6809,36.0107],[138.6796,36.0117],[138.662,36.0115],[138.6613,36.0164],[138.646,36.0199],[138.6451,36.024],[138.6419,36.0258],[138.6361,36.0277],[138.6318,36.0272],[138.6387,36.0426],[138.6442,36.0497],[138.6418,36.0595],[138.6428,36.0687],[138.6406,36.0708],[138.6403,36.0749],[138.6329,36.08],[138.6325,36.0843],[138.6303,36.0864],[138.6305,36.0912],[138.6351,36.0926],[138.6373,36.0971],[138.6387,36.0962],[138.6452,36.0988],[138.645,36.1034],[138.6476,36.1066],[138.6462,36.1099],[138.6423,36.112],[138.6426,36.114],[138.6402,36.1172],[138.6454,36.1202],[138.6376,36.1238],[138.6376,36.1279],[138.6343,36.1339],[138.6225,36.1319],[138.6206,36.134],[138.6123,36.1334],[138.6072,36.1361],[138.6008,36.1355],[138.5943,36.1442],[138.5955,36.1465],[138.5932,36.1503],[138.5932,36.1532],[138.5906,36.1548],[138.5876,36.1608],[138.5839,36.1603],[138.5807,36.1619],[138.5802,36.1666],[138.5773,36.1681],[138.5813,36.1774],[138.5834,36.1788],[138.5842,36.1772],[138.5873,36.1769],[138.5883,36.179],[138.5906,36.1779],[138.5883,36.1726],[138.5945,36.1656],[138.6028,36.1648],[138.6095,36.1614],[138.6084,36.1654],[138.6132,36.1687],[138.6309,36.1728],[138.6359,36.1709],[138.6363,36.1721],[138.6371,36.1749],[138.6359,36.1773],[138.6295,36.1833],[138.6272,36.1916],[138.6228,36.1969],[138.6304,36.2035],[138.6348,36.2056],[138.6367,36.2043],[138.6344,36.2087],[138.6347,36.2137],[138.6314,36.2173],[138.6222,36.2146],[138.6147,36.2242],[138.6146,36.228],[138.6118,36.2295],[138.6125,36.2409],[138.6102,36.244],[138.6021,36.2491],[138.6048,36.2541],[138.6037,36.2628],[138.6059,36.2668],[138.6038,36.2696],[138.6036,36.2749],[138.6003,36.2784],[138.6072,36.2796],[138.6112,36.2821],[138.6125,36.2857],[138.6309,36.2885],[138.6375,36.2935],[138.6445,36.2933],[138.6463,36.2975],[138.6511,36.299],[138.6501,36.3015],[138.6535,36.3031],[138.6537,36.3072],[138.6512,36.308],[138.6478,36.3156],[138.6533,36.3243],[138.6515,36.3272],[138.6532,36.33],[138.6505,36.3323],[138.6512,36.3353],[138.6496,36.3384],[138.6513,36.3496],[138.6501,36.3525],[138.654,36.3571],[138.6522,36.3592],[138.6522,36.3624],[138.6572,36.3689],[138.6515,36.373],[138.6496,36.3792],[138.6522,36.3854],[138.6522,36.3954],[138.6485,36.3998],[138.6478,36.4093],[138.6371,36.4172],[138.6328,36.418],[138.6251,36.4157],[138.6212,36.4165],[138.6187,36.4205],[138.613,36.4226],[138.6038,36.422],[138.5997,36.4241],[138.5924,36.4244],[138.5869,36.4204],[138.5838,36.4225],[138.5731,36.4192],[138.5645,36.4202],[138.555,36.4178],[138.5496,36.4133],[138.5438,36.4053],[138.5389,36.4025],[138.5293,36.403],[138.5173,36.4075],[138.5052,36.4149],[138.4952,36.414],[138.4918,36.4131],[138.4888,36.4089],[138.489,36.4009],[138.4779,36.4045],[138.4596,36.4048],[138.4612,36.4077],[138.457,36.4125],[138.4582,36.4171],[138.457,36.4202],[138.4516,36.4212],[138.447,36.4193],[138.4418,36.4226],[138.4206,36.4286],[138.4153,36.4316],[138.4017,36.4339],[138.4007,36.4353],[138.401,36.4462],[138.4035,36.452],[138.3987,36.4532],[138.401,36.4564],[138.4005,36.4634],[138.4033,36.4669],[138.3996,36.4732],[138.4008,36.4812],[138.3973,36.4841],[138.3982,36.4869],[138.397,36.4895],[138.4017,36.5014],[138.406,36.5074],[138.4028,36.5161],[138.4039,36.5213],[138.4128,36.5293],[138.414,36.5326],[138.4114,36.5392],[138.4124,36.5415],[138.4181,36.5433],[138.4288,36.5562],[138.4262,36.5604],[138.4287,36.5636],[138.4284,36.5687],[138.4203,36.574],[138.4208,36.5785],[138.4244,36.5818],[138.427,36.5878],[138.4266,36.5945],[138.4288,36.5979],[138.432,36.5993],[138.4413,36.5997],[138.4389,36.6056],[138.4416,36.6107],[138.4503,36.6107],[138.455,36.6139],[138.4606,36.6265],[138.4581,36.6295],[138.4586,36.6344],[138.4633,36.637],[138.4671,36.6372],[138.4731,36.644],[138.4812,36.6452],[138.4901,36.6412],[138.502,36.6446],[138.508,36.6483],[138.5117,36.6467],[138.5151,36.6491],[138.5241,36.6504],[138.5288,36.6546],[138.5292,36.658],[138.5346,36.6656],[138.5261,36.6687],[138.518,36.6768],[138.5198,36.6804],[138.5185,36.6839],[138.5199,36.6892],[138.514,36.6904],[138.52,36.6923],[138.521,36.694],[138.531,36.6977],[138.5371,36.6971],[138.5388,36.7005],[138.5436,36.7038],[138.553,36.7046],[138.5598,36.707],[138.5624,36.7057],[138.5713,36.7055],[138.5748,36.7072],[138.5841,36.7012],[138.5898,36.7078],[138.5926,36.7089],[138.5957,36.7145],[138.5999,36.7141],[138.6059,36.7076],[138.6109,36.7064],[138.6171,36.7113],[138.6173,36.7144],[138.6222,36.7204],[138.6275,36.721],[138.6303,36.7195],[138.645,36.7244],[138.6489,36.7271],[138.6555,36.7271],[138.6564,36.7285],[138.663,36.7296],[138.6657,36.7287],[138.6685,36.7309],[138.6762,36.7306],[138.6847,36.7364],[138.6959,36.7385],[138.6947,36.7442],[138.6919,36.7461],[138.6915,36.7586],[138.6881,36.7657],[138.68,36.7664],[138.6727,36.7704],[138.6695,36.7737],[138.669,36.7788],[138.6717,36.7836],[138.6842,36.7879],[138.6867,36.7903],[138.6894,36.7935],[138.689,36.7981],[138.6958,36.8079],[138.6945,36.8106],[138.69,36.8129],[138.687,36.8182],[138.6796,36.8211],[138.6807,36.8242],[138.6902,36.8327],[138.6916,36.8412],[138.6901,36.8461],[138.6927,36.8498],[138.6932,36.8548],[138.6888,36.8581],[138.687,36.8628],[138.6815,36.8654],[138.6764,36.8673],[138.672,36.8663],[138.6574,36.868],[138.657,36.8696],[138.6525,36.8713],[138.651,36.8744],[138.6418,36.8756],[138.6405,36.879],[138.635,36.8799],[138.6355,36.8834],[138.6254,36.8824],[138.6213,36.8893],[138.6178,36.892],[138.6182,36.8994],[138.621,36.9041],[138.6129,36.9085],[138.5964,36.907],[138.5909,36.9142],[138.5888,36.914],[138.5921,36.9253],[138.5829,36.9287],[138.5846,36.9325],[138.587,36.9547],[138.5851,36.9603],[138.5866,36.9618],[138.5859,36.965],[138.5874,36.9659],[138.5858,36.9726],[138.5883,36.9771],[138.5868,36.9789],[138.5867,36.988],[138.5759,36.9963],[138.5732,37.0045],[138.5708,37.0057],[138.5697,37.0158],[138.5659,37.0213],[138.5637,37.0208],[138.5598,37.023],[138.5526,37.0236],[138.5488,37.0212],[138.5365,37.0209],[138.5282,37.0251],[138.525,37.0303],[138.5212,37.0297],[138.5199,37.0278],[138.5141,37.0297],[138.5128,37.0278],[138.5024,37.0252],[138.4973,37.0264],[138.4907,37.0199],[138.4826,37.0198],[138.4814,37.0216],[138.468,37.0178],[138.4551,37.0196],[138.4544,37.0173],[138.4508,37.0149],[138.4428,37.0131],[138.4314,37.0061],[138.4122,37.0024],[138.4105,36.9984],[138.3947,36.9972],[138.3945,36.9942],[138.3903,36.9913],[138.3909,36.9888],[138.389,36.9864],[138.3787,36.9805],[138.3823,36.9764],[138.3759,36.9722],[138.3744,36.9684],[138.3694,36.9639],[138.3672,36.9594],[138.3682,36.9571],[138.3637,36.9531],[138.3647,36.9446],[138.3597,36.94],[138.3576,36.9336],[138.3523,36.9294],[138.3492,36.9292],[138.3432,36.9208],[138.3373,36.9251],[138.3299,36.9268],[138.3176,36.9252],[138.3148,36.9219],[138.3074,36.9194],[138.2963,36.9108],[138.2944,36.9013],[138.2903,36.8968],[138.2945,36.8934],[138.2953,36.8885],[138.2994,36.8867],[138.293,36.8781],[138.2931,36.873],[138.2894,36.8715],[138.2885,36.869],[138.2924,36.8645],[138.2924,36.862],[138.295,36.8608],[138.2961,36.8558],[138.2919,36.8541],[138.2916,36.8516],[138.29,36.8529],[138.2876,36.8457],[138.2749,36.8409],[138.2718,36.8426],[138.2704,36.8471],[138.2716,36.8555],[138.2683,36.8605],[138.2582,36.8635],[138.2574,36.8683],[138.2547,36.87],[138.2493,36.8653],[138.235,36.8637],[138.2172,36.8664],[138.213,36.8683],[138.2138,36.8712],[138.2064,36.863],[138.2061,36.8597],[138.2034,36.8571],[138.1956,36.8537],[138.1775,36.8518],[138.1761,36.8477],[138.1724,36.8475],[138.1689,36.845],[138.156,36.8451],[138.1505,36.8463],[138.1474,36.8494],[138.1405,36.8472],[138.1318,36.8507],[138.1247,36.848],[138.115,36.8504],[138.1124,36.8495],[138.1063,36.8438],[138.0993,36.8436],[138.0933,36.8402],[138.0923,36.8364],[138.086,36.8343],[138.0816,36.8301],[138.073,36.8168],[138.0753,36.8107],[138.0707,36.8053],[138.0676,36.8036],[138.0618,36.8037],[138.0541,36.8001],[138.0522,36.8],[138.0515,36.8076],[138.0454,36.8098],[138.0413,36.8077],[138.0338,36.8088],[138.0337,36.8107],[138.0303,36.8135],[138.0312,36.8152],[138.0289,36.8171],[138.0243,36.8168],[138.0213,36.8196],[138.017,36.8188],[138.0116,36.8231],[138.0086,36.8227],[138.0072,36.825],[138.0035,36.8264],[138.0143,36.8389],[138.0202,36.8424],[138.0189,36.8504],[138.0157,36.8526],[138.0155,36.8574],[138.0137,36.8604],[138.0169,36.8604],[138.0209,36.8634],[138.0221,36.8675],[138.0318,36.8784],[138.0325,36.881],[138.0328,36.8862],[138.0312,36.8913],[138.0266,36.8925],[138.0218,36.8905],[138.0157,36.8931],[138.0147,36.8952],[138.0157,36.9017],[138.0137,36.904],[138.0029,36.905],[137.9914,36.9108],[137.9764,36.9083],[137.9696,36.9108],[137.967,36.9057],[137.9626,36.9022],[137.9579,36.9028],[137.953,36.9052],[137.9485,36.9128],[137.9321,36.9143],[137.9206,36.92],[137.911,36.9179],[137.9028,36.9143],[137.9004,36.9114],[137.8938,36.91],[137.8786,36.9127],[137.8746,36.9159],[137.8681,36.9159],[137.8638,36.9133],[137.8623,36.9073],[137.8675,36.9053],[137.8717,36.9014],[137.8686,36.8974],[137.8651,36.8964],[137.8616,36.8909],[137.8667,36.8866],[137.8661,36.8836],[137.8687,36.8773],[137.8778,36.8733],[137.8753,36.8691],[137.8765,36.8662],[137.8734,36.8636],[137.8683,36.8628],[137.8582,36.8531],[137.8558,36.8492],[137.857,36.8439],[137.8542,36.8405],[137.8451,36.8345],[137.8439,36.8298],[137.8316,36.8195],[137.8326,36.8115],[137.8306,36.8077],[137.8228,36.806],[137.8229,36.8024],[137.82,36.7982],[137.7933,36.7867],[137.7912,36.7786],[137.7848,36.7743],[137.7819,36.773],[137.7758,36.7737],[137.7674,36.7705],[137.7601,36.7644],[137.7569,36.7556],[137.752,36.7524],[137.7557,36.7455],[137.7552,36.743],[137.7593,36.7407],[137.7541,36.7333],[137.7549,36.7293],[137.7507,36.7266],[137.7526,36.7168],[137.75,36.7047],[137.7507,36.7011],[137.7553,36.6985],[137.7567,36.6956],[137.7536,36.6915],[137.7542,36.6875],[137.7597,36.6859],[137.7585,36.676],[137.7619,36.666],[137.7583,36.6601],[137.7534,36.6578],[137.7565,36.6521],[137.7539,36.6413],[137.7546,36.6391],[137.7526,36.635],[137.7518,36.6271],[137.7467,36.6245],[137.7442,36.6175],[137.745,36.6099],[137.7529,36.5948],[137.751,36.5885],[137.7476,36.5868],[137.7339,36.5881],[137.7243,36.5865],[137.7132,36.5771],[137.7018,36.571],[137.6939,36.5691],[137.6877,36.5621],[137.6895,36.5538],[137.685,36.5444],[137.6846,36.5378],[137.6873,36.5362],[137.6969,36.5377],[137.7105,36.5357],[137.7027,36.5247],[137.7054,36.5178],[137.697,36.5146],[137.6943,36.5107],[137.6901,36.5137],[137.6832,36.5127],[137.6774,36.5144],[137.6755,36.5114],[137.6687,36.5095],[137.6669,36.5062],[137.6668,36.4938],[137.6576,36.4931],[137.652,36.4882],[137.6508,36.4798],[137.6567,36.4702],[137.6547,36.4644],[137.6554,36.4592],[137.6518,36.4583],[137.6495,36.4548],[137.6453,36.4545],[137.6432,36.4487],[137.6399,36.4458],[137.6365,36.4284],[137.6329,36.4249],[137.623,36.4238],[137.6174,36.4186],[137.6081,36.4194],[137.6092,36.4179],[137.6074,36.413],[137.6038,36.4107],[137.6054,36.4025],[137.5967,36.3944],[137.5938,36.3935],[137.5924,36.3897],[137.5873,36.3898],[137.5867,36.388],[137.5871,36.372],[137.5941,36.3687],[137.5999,36.3702],[137.6077,36.3668],[137.618,36.3651],[137.6244,36.3548],[137.6355,36.3426],[137.6454,36.3417],[137.6464,36.3302],[137.6507,36.3274],[137.6524,36.322],[137.6506,36.3208],[137.6514,36.3171],[137.6497,36.3155],[137.6488,36.3091],[137.6531,36.3047],[137.6469,36.2965],[137.6478,36.2891],[137.629,36.2786],[137.6263,36.272],[137.6209,36.2667],[137.6147,36.2648],[137.6126,36.2574],[137.607,36.2531],[137.6059,36.2488],[137.5963,36.243],[137.5955,36.2371],[137.5913,36.2344],[137.5897,36.2286],[137.5875,36.2269],[137.5832,36.2269],[137.5845,36.2229],[137.583,36.2204],[137.5779,36.2191],[137.5747,36.2202],[137.5731,36.2187],[137.5761,36.2143],[137.5734,36.2107],[137.5748,36.2047],[137.5778,36.2018],[137.5786,36.1975],[137.5862,36.1928],[137.5909,36.191],[137.5944,36.192],[137.5951,36.1907],[137.5909,36.1859],[137.5924,36.1828],[137.5912,36.1781],[137.5951,36.172],[137.5919,36.1693],[137.5908,36.1638],[137.5705,36.1556],[137.5679,36.1536],[137.568,36.1477],[137.5596,36.1444],[137.5582,36.1416],[137.5547,36.1402],[137.5544,36.137],[137.5605,36.1302],[137.5569,36.1216],[137.5571,36.1181],[137.552,36.1167],[137.5502,36.1129],[137.5509,36.1099],[137.5549,36.1055],[137.5617,36.1021],[137.563,36.0984],[137.5678,36.0969],[137.5725,36.0884],[137.578,36.0851],[137.5826,36.0854],[137.5928,36.0809],[137.5968,36.0758],[137.6096,36.0781],[137.6139,36.0764],[137.6115,36.0732],[137.6109,36.0676],[137.6146,36.0631],[137.6137,36.0596],[137.607,36.0558],[137.6054,36.0487],[137.6013,36.0468],[137.5979,36.0424],[137.6002,36.0286],[137.594,36.0145],[137.5948,36.0129],[137.5904,36.0067],[137.5808,36.0014],[137.5757,35.9955],[137.5691,35.9957],[137.5622,35.9901],[137.5505,35.9871],[137.5435,35.9829],[137.5429,35.9804],[137.545,35.9771],[137.5443,35.9724],[137.5414,35.9693],[137.542,35.9666],[137.5326,35.9616],[137.5243,35.945],[137.5245,35.9425],[137.5187,35.9397],[137.5107,35.9411],[137.5036,35.9399],[137.4977,35.9288],[137.4924,35.9253],[137.4893,35.9198],[137.4842,35.9161],[137.4833,35.9133],[137.4845,35.9086],[137.4811,35.9058],[137.4819,35.9005],[137.4765,35.8942],[137.4651,35.8926],[137.462,35.8895],[137.4583,35.8894],[137.4477,35.8934],[137.4434,35.8981],[137.4388,35.9001],[137.4376,35.9051],[137.4349,35.9055],[137.4244,35.9032],[137.4194,35.9045],[137.3978,35.8957],[137.3808,35.8924],[137.3781,35.8887],[137.3741,35.8867],[137.3735,35.8841],[137.3644,35.8789],[137.3682,35.8742],[137.3663,35.8653],[137.3676,35.8607],[137.3611,35.8462],[137.3543,35.8422],[137.336,35.8442],[137.3321,35.8407],[137.3303,35.8292],[137.3272,35.8257],[137.3288,35.8219],[137.327,35.8211],[137.325,35.8167],[137.3263,35.8143],[137.3246,35.812],[137.3324,35.8093],[137.3326,35.8049],[137.3348,35.8034],[137.3364,35.7987],[137.344,35.7986],[137.3512,35.8015],[137.3539,35.8012],[137.3603,35.796],[137.3641,35.7984],[137.381,35.8013],[137.3861,35.7987],[137.3918,35.7986],[137.3941,35.7974],[137.397,35.7854],[137.3911,35.7807],[137.3933,35.7777],[137.3999,35.7754],[137.4111,35.7773],[137.4166,35.7762],[137.419,35.7735],[137.4235,35.7752],[137.4272,35.7714],[137.4344,35.771],[137.434,35.767],[137.4402,35.7586],[137.4499,35.7593],[137.4526,35.7634],[137.4597,35.7614],[137.4648,35.7564],[137.4655,35.7495],[137.4681,35.747],[137.4656,35.7439],[137.4666,35.7412],[137.4698,35.7389],[137.4708,35.7358],[137.4781,35.7305],[137.479,35.7266],[137.4852,35.7247],[137.4876,35.7165],[137.4857,35.706],[137.4908,35.7042],[137.4931,35.6995],[137.4976,35.6981],[137.4987,35.6962],[137.4972,35.6885],[137.5055,35.683],[137.5094,35.6824],[137.5147,35.6773],[137.5199,35.6772],[137.5245,35.6715],[137.5354,35.6658],[137.536,35.6612],[137.5454,35.6511],[137.545,35.6492],[137.5397,35.6468],[137.5393,35.644],[137.541,35.6421],[137.5384,35.6386],[137.5323,35.6378],[137.5266,35.6343],[137.5277,35.6287],[137.5238,35.626],[137.5227,35.6194],[137.5168,35.6183],[137.5138,35.608],[137.5181,35.6046],[137.5182,35.6029],[137.5199,35.6029],[137.5201,35.6001],[137.532,35.5932],[137.531,35.589],[137.5365,35.5869],[137.5376,35.5845],[137.5505,35.5877],[137.5642,35.5848],[137.5681,35.5859],[137.5713,35.5842],[137.5682,35.5773],[137.5687,35.5735],[137.5641,35.5686],[137.5648,35.566],[137.5721,35.5612],[137.5726,35.558],[137.5706,35.5538],[137.5748,35.5494],[137.5739,35.5447],[137.5769,35.5449],[137.5811,35.5388],[137.5874,35.5383],[137.5903,35.5353],[137.5951,35.5339],[137.5986,35.5341],[137.6024,35.5307],[137.6078,35.5333],[137.6161,35.5264],[137.6184,35.526],[137.6194,35.5214],[137.6232,35.52],[137.6223,35.5186],[137.6262,35.5122],[137.6316,35.5099],[137.6289,35.507],[137.6283,35.5015],[137.6245,35.5006],[137.6244,35.4938],[137.6259,35.4926],[137.627,35.4846],[137.6298,35.4836],[137.6296,35.4771],[137.6324,35.4743],[137.6317,35.47],[137.6285,35.4673],[137.6229,35.4669],[137.6213,35.4687],[137.6182,35.4678],[137.6169,35.4647],[137.6132,35.4629],[137.6104,35.4589],[137.6073,35.458],[137.593,35.447],[137.6014,35.4393],[137.6083,35.4379],[137.6155,35.4306],[137.6178,35.4267],[137.6157,35.4233],[137.6205,35.4173],[137.6199,35.4152],[137.6215,35.4124],[137.632,35.4107],[137.631,35.4069],[137.6343,35.4039],[137.6348,35.4009],[137.6314,35.3977],[137.6181,35.3917],[137.5966,35.394],[137.595,35.3954],[137.5907,35.3936],[137.5797,35.3993],[137.5752,35.4],[137.5774,35.3904],[137.5864,35.3896],[137.5885,35.3857],[137.5985,35.379],[137.5978,35.3663],[137.6026,35.3583],[137.601,35.3568],[137.6026,35.354],[137.5998,35.3523],[137.6001,35.3466],[137.6019,35.3452],[137.6004,35.3423],[137.6039,35.3372],[137.6027,35.3357],[137.6039,35.3332],[137.6011,35.3308],[137.5906,35.3306],[137.5912,35.3281],[137.5876,35.3237],[137.5834,35.3217],[137.5834,35.319],[137.5779,35.3188],[137.5742,35.3167],[137.5715,35.3183],[137.5671,35.3149],[137.5687,35.3133],[137.5644,35.3134],[137.5651,35.3108],[137.5627,35.3114],[137.5607,35.3097],[137.5566,35.3094],[137.5593,35.3029],[137.5581,35.2971],[137.5564,35.2955],[137.5613,35.2893],[137.5671,35.2898],[137.5672,35.2874],[137.5708,35.2829],[137.5665,35.2812],[137.5642,35.2777],[137.5558,35.2745],[137.5579,35.2652],[137.5521,35.2599],[137.5482,35.2596],[137.546,35.2532],[137.5526,35.2403],[137.5626,35.2354],[137.5684,35.2279],[137.5723,35.2267],[137.5726,35.2239],[137.5746,35.2234],[137.5754,35.2205],[137.5787,35.2194],[137.5769,35.2127],[137.5782,35.2093],[137.5766,35.2067],[137.5787,35.1984],[137.5915,35.1993],[137.6022,35.2044],[137.6031,35.2061],[137.6149,35.2105],[137.6171,35.2095],[137.6332,35.2122],[137.6446,35.209],[137.6448,35.2138],[137.6537,35.2177],[137.6524,35.2231],[137.654,35.2268],[137.657,35.2283],[137.6681,35.2273],[137.6736,35.2312],[137.6788,35.231],[137.6815,35.2352],[137.6872,35.2307],[137.6941,35.2337],[137.6993,35.2315],[137.7044,35.2339],[137.7119,35.2288],[137.7216,35.2309],[137.7226,35.2281],[137.7208,35.2248],[137.7232,35.2216],[137.7293,35.221],[137.7355,35.2227],[137.7437,35.2188],[137.7596,35.2221],[137.7651,35.2184],[137.7681,35.2184],[137.7692,35.2142],[137.7661,35.21],[137.7677,35.2069],[137.7735,35.2054],[137.7739,35.2033],[137.7792,35.2027],[137.7836,35.206],[137.7953,35.2041],[137.8215,35.2156],[137.8267,35.2159],[137.8381,35.2125],[137.8373,35.2162],[137.8434,35.2175],[137.8448,35.221],[137.8473,35.2219],[137.8648,35.2227],[137.8725,35.2189],[137.8793,35.2248],[137.8849,35.2363],[137.8819,35.2416],[137.8841,35.244],[137.8825,35.2481],[137.8911,35.2542],[137.8935,35.2542],[137.8954,35.258],[137.9124,35.2533],[137.9184,35.2543],[137.9249,35.2605],[137.9262,35.2689],[137.9283,35.2703],[137.9293,35.2755],[137.944,35.2762],[137.9519,35.2831],[137.9591,35.2827],[137.9639,35.2846],[137.967,35.2828],[137.9737,35.2932],[137.9824,35.2924],[137.9921,35.3017],[138.0057,35.3044],[138.0197,35.3015],[138.0277,35.3116],[138.0262,35.3204],[138.0392,35.3261],[138.0376,35.3329],[138.0433,35.3352],[138.051,35.3356],[138.0552,35.3398],[138.0556,35.344],[138.0612,35.3471],[138.0706,35.3473],[138.079,35.3435],[138.0844,35.3379],[138.096,35.3396],[138.0968,35.3472],[138.0938,35.35],[138.0969,35.3542],[138.101,35.3544],[138.1072,35.3604],[138.1181,35.3662],[138.124,35.368],[138.1295,35.3653],[138.1412,35.3695],[138.1457,35.3836],[138.1479,35.3877],[138.1513,35.3901],[138.1531,35.3972],[138.149,35.4],[138.1445,35.406],[138.1402,35.4056],[138.1348,35.4078],[138.1346,35.4132],[138.1387,35.4158],[138.1398,35.4227],[138.1291,35.4272],[138.1215,35.4286],[138.1204,35.4301],[138.124,35.4357],[138.1193,35.446],[138.1205,35.4546]]]]},"properties":{"zone":8,"name":"長野県"}},{"type":"Feature","geometry":{"type":"MultiPolygon","coordinates":[[[[138.5819,35.4457],[138.5875,35.4376],[138.5973,35.4327],[138.6091,35.3932],[138.639,35.3983],[138.6636,35.3982],[138.6712,35.3928],[138.6805,35.3577],[138.6987,35.3597],[138.7007,35.3627],[138.7209,35.3657],[138.727,35.3639],[138.7991,35.3766],[138.8175,35.3764],[138.8217,35.3741],[138.8292,35.3781],[138.8327,35.3832],[138.8512,35.3905],[138.8563,35.388],[138.8627,35.3903],[138.8739,35.3797],[138.8732,35.3814],[138.8789,35.3858],[138.8879,35.3864],[138.8926,35.3904],[138.8986,35.392],[138.9029,35.3963],[138.9109,35.3977],[138.9164,35.4006],[138.9158,35.4055],[138.9181,35.4113],[138.9251,35.4147],[138.9267,35.42],[138.9302,35.4209],[138.9306,35.4263],[138.9262,35.4324],[138.9279,35.4352],[138.9274,35.4376],[138.9374,35.447],[138.9374,35.4489],[138.9406,35.4496],[138.9587,35.4621],[138.9692,35.4635],[138.9735,35.4665],[138.9765,35.4662],[138.9788,35.4637],[138.9888,35.4736],[138.9957,35.4737],[138.9986,35.4751],[139.0079,35.4745],[139.0146,35.4798],[139.0209,35.4788],[139.0237,35.481],[139.0275,35.481],[139.0279,35.4845],[139.0306,35.4887],[139.0373,35.4911],[139.0437,35.4989],[139.0461,35.5097],[139.0514,35.5106],[139.0532,35.5089],[139.0601,35.5075],[139.0687,35.511],[139.0747,35.51],[139.0803,35.5127],[139.0858,35.5121],[139.091,35.5192],[139.1041,35.5269],[139.1069,35.5325],[139.1101,35.5323],[139.1102,35.5346],[139.1122,35.5352],[139.114,35.5387],[139.1119,35.5401],[139.1117,35.5449],[139.1134,35.5478],[139.112,35.5498],[139.1155,35.5539],[139.1225,35.5569],[139.1284,35.5626],[139.1299,35.5664],[139.127,35.5717],[139.1277,35.5811],[139.1241,35.582],[139.1257,35.5835],[139.1222,35.5841],[139.1214,35.587],[139.1246,35.5926],[139.1293,35.5946],[139.1331,35.6067],[139.1278,35.6129],[139.1344,35.6165],[139.1325,35.6182],[139.13,35.6176],[139.1303,35.6191],[139.1255,35.622],[139.1262,35.6233],[139.1235,35.624],[139.1244,35.6322],[139.1233,35.6328],[139.1276,35.6411],[139.1172,35.6545],[139.1197,35.6566],[139.1199,35.6605],[139.127,35.667],[139.13,35.6676],[139.1313,35.672],[139.1274,35.6765],[139.1233,35.6775],[139.1059,35.691],[139.0974,35.6923],[139.0921,35.6906],[139.0844,35.6931],[139.082,35.6956],[139.0722,35.6954],[139.0707,35.6976],[139.0653,35.6978],[139.0627,35.7007],[139.0521,35.7048],[139.0474,35.7093],[139.0389,35.7112],[139.0348,35.715],[139.0248,35.7197],[139.0221,35.7227],[139.0209,35.7273],[139.0138,35.735],[139.0052,35.7505],[139.0004,35.7505],[138.9926,35.7554],[138.9894,35.7635],[138.9844,35.7678],[138.9837,35.7722],[138.9853,35.7744],[138.9864,35.7823],[138.9849,35.7856],[138.9767,35.7892],[138.9771,35.7928],[138.9718,35.799],[138.9702,35.8049],[138.9722,35.8115],[138.9718,35.8144],[138.9696,35.8162],[138.9698,35.8312],[138.9627,35.8294],[138.9502,35.8393],[138.9473,35.8432],[138.9485,35.8495],[138.9452,35.8545],[138.9266,35.8489],[138.9109,35.8527],[138.8983,35.8462],[138.8922,35.8398],[138.8856,35.8471],[138.8777,35.8479],[138.8694,35.8572],[138.8651,35.8592],[138.8589,35.8575],[138.8559,35.8651],[138.8452,35.8674],[138.8341,35.8623],[138.8307,35.863],[138.8305,35.8647],[138.8278,35.8658],[138.8195,35.8654],[138.8136,35.8624],[138.8084,35.8699],[138.8019,35.8704],[138.792,35.8755],[138.7928,35.8819],[138.7906,35.8919],[138.7793,35.8999],[138.7711,35.9006],[138.7657,35.8991],[138.7577,35.9026],[138.7491,35.9016],[138.7389,35.9059],[138.7344,35.904],[138.729,35.9092],[138.7217,35.9079],[138.7081,35.9098],[138.7057,35.906],[138.7002,35.9032],[138.6971,35.8992],[138.6935,35.8993],[138.6919,35.8959],[138.6858,35.8939],[138.6827,35.8815],[138.6762,35.8698],[138.6691,35.8714],[138.6657,35.8739],[138.6603,35.8738],[138.6575,35.8759],[138.6497,35.8735],[138.6425,35.8748],[138.6342,35.87],[138.6282,35.8734],[138.6219,35.8704],[138.6109,35.8736],[138.6067,35.8785],[138.605,35.8938],[138.6076,35.8959],[138.6071,35.8995],[138.6123,35.9092],[138.6076,35.9082],[138.6027,35.9098],[138.601,35.9134],[138.591,35.9198],[138.5893,35.9179],[138.581,35.9171],[138.5792,35.913],[138.5765,35.9114],[138.5721,35.9122],[138.5644,35.9173],[138.5562,35.9163],[138.557,35.9179],[138.5554,35.9191],[138.5402,35.9137],[138.531,35.9157],[138.5291,35.9145],[138.5217,35.9187],[138.5128,35.9201],[138.5106,35.9223],[138.5055,35.9187],[138.5028,35.9122],[138.4947,35.9113],[138.4955,35.9036],[138.4901,35.8964],[138.4826,35.8988],[138.4716,35.8962],[138.4602,35.9036],[138.4568,35.9032],[138.4546,35.8999],[138.4489,35.913],[138.4444,35.9178],[138.4455,35.9198],[138.4446,35.9225],[138.4484,35.9251],[138.4475,35.9292],[138.4518,35.9333],[138.4544,35.9385],[138.4506,35.9454],[138.4447,35.9502],[138.4242,35.959],[138.414,35.9594],[138.4083,35.9625],[138.3913,35.9661],[138.3814,35.9714],[138.3705,35.9714],[138.3694,35.9672],[138.3618,35.9623],[138.3599,35.9507],[138.3559,35.9504],[138.345,35.9413],[138.3457,35.9344],[138.3422,35.926],[138.339,35.9243],[138.3331,35.9172],[138.3265,35.9033],[138.3073,35.8871],[138.2961,35.8701],[138.2836,35.8593],[138.2789,35.8604],[138.2728,35.8649],[138.2658,35.8747],[138.2515,35.885],[138.2486,35.8859],[138.2387,35.8829],[138.2324,35.8757],[138.2268,35.8575],[138.2234,35.8553],[138.2191,35.8471],[138.2156,35.8449],[138.2127,35.837],[138.2047,35.8281],[138.2038,35.8255],[138.2052,35.8242],[138.2034,35.8231],[138.2058,35.8196],[138.2057,35.8157],[138.2017,35.8121],[138.199,35.8121],[138.1957,35.8057],[138.1934,35.8058],[138.1935,35.8039],[138.1904,35.8031],[138.1856,35.7955],[138.1852,35.7911],[138.1912,35.7845],[138.2,35.781],[138.2059,35.7827],[138.217,35.7715],[138.2212,35.7707],[138.2247,35.7657],[138.2324,35.7634],[138.2369,35.758],[138.2296,35.753],[138.2277,35.7537],[138.222,35.7504],[138.2197,35.7458],[138.2071,35.7355],[138.2005,35.7331],[138.1975,35.727],[138.1835,35.7199],[138.1801,35.7141],[138.182,35.7097],[138.1912,35.7018],[138.1936,35.6969],[138.1937,35.689],[138.1913,35.6854],[138.1942,35.6749],[138.1933,35.6722],[138.2056,35.6642],[138.2081,35.6557],[138.2171,35.6477],[138.218,35.6449],[138.2288,35.6459],[138.2323,35.6401],[138.2283,35.627],[138.2289,35.6251],[138.2369,35.6211],[138.2341,35.6149],[138.2363,35.6127],[138.2351,35.6074],[138.2408,35.605],[138.2433,35.5975],[138.2436,35.5915],[138.2387,35.5838],[138.2411,35.5804],[138.2405,35.5762],[138.242,35.5727],[138.2457,35.57],[138.2444,35.5641],[138.2457,35.5615],[138.2522,35.5555],[138.2596,35.5529],[138.2601,35.5429],[138.2573,35.5308],[138.2638,35.5267],[138.2632,35.523],[138.269,35.5142],[138.2602,35.5057],[138.2586,35.4797],[138.2552,35.4689],[138.2526,35.4654],[138.2458,35.4632],[138.244,35.4586],[138.2442,35.4544],[138.2483,35.4472],[138.2555,35.4444],[138.2554,35.4403],[138.2593,35.4321],[138.2581,35.4074],[138.2465,35.3999],[138.2476,35.3952],[138.246,35.3912],[138.2403,35.3883],[138.237,35.3845],[138.2338,35.3792],[138.232,35.3712],[138.2376,35.3699],[138.2427,35.3659],[138.2469,35.3671],[138.2511,35.3638],[138.251,35.3582],[138.2558,35.3488],[138.2539,35.3454],[138.2571,35.339],[138.2487,35.3316],[138.252,35.3293],[138.2516,35.3256],[138.255,35.3242],[138.2548,35.3198],[138.2613,35.3152],[138.2702,35.3143],[138.2753,35.3104],[138.2764,35.3074],[138.2817,35.3049],[138.2854,35.3044],[138.2939,35.3118],[138.2961,35.3164],[138.309,35.3185],[138.3136,35.3227],[138.3258,35.3276],[138.3356,35.3265],[138.3434,35.318],[138.3484,35.3157],[138.3585,35.3176],[138.3591,35.3135],[138.3675,35.3097],[138.3725,35.2994],[138.3668,35.2903],[138.3667,35.2805],[138.3693,35.2769],[138.367,35.2702],[138.3736,35.2633],[138.3782,35.2539],[138.3812,35.2527],[138.3862,35.2462],[138.3866,35.2398],[138.3918,35.2248],[138.3907,35.2194],[138.3934,35.2152],[138.3944,35.2073],[138.3966,35.2058],[138.3987,35.2003],[138.4076,35.2029],[138.4184,35.1993],[138.4246,35.1903],[138.4275,35.1827],[138.4311,35.1803],[138.4388,35.178],[138.4414,35.1794],[138.4568,35.1782],[138.4611,35.1795],[138.4722,35.1761],[138.4779,35.1781],[138.4789,35.1754],[138.4844,35.1742],[138.4876,35.1697],[138.4915,35.1684],[138.4957,35.1716],[138.4964,35.1745],[138.5011,35.1765],[138.5062,35.1861],[138.5137,35.1906],[138.5139,35.1938],[138.5168,35.1963],[138.5145,35.1966],[138.5154,35.1982],[138.5212,35.1972],[138.5207,35.1987],[138.5221,35.1992],[138.5285,35.1975],[138.5332,35.2009],[138.5319,35.2054],[138.5329,35.2074],[138.5274,35.2168],[138.5323,35.2234],[138.5299,35.2307],[138.5269,35.2326],[138.5231,35.2486],[138.5206,35.2507],[138.5207,35.2554],[138.5142,35.2622],[138.5154,35.2673],[138.5203,35.2709],[138.5217,35.2838],[138.5165,35.2943],[138.5166,35.2989],[138.5128,35.3033],[138.5121,35.3136],[138.5254,35.3219],[138.5269,35.3262],[138.5351,35.3306],[138.5349,35.3409],[138.5306,35.3456],[138.5294,35.3497],[138.531,35.3535],[138.5298,35.3593],[138.5307,35.376],[138.5282,35.379],[138.5346,35.3862],[138.5358,35.3899],[138.5312,35.4021],[138.5317,35.4093],[138.5383,35.4142],[138.5454,35.4165],[138.5493,35.4212],[138.553,35.4231],[138.5589,35.4342],[138.5633,35.4346],[138.5705,35.4395],[138.5774,35.4409],[138.5819,35.4457]]]]},"properties":{"zone":8,"name":"山梨県"}},{"type":"Feature","geometry":{"type":"MultiPolygon","coordinates":[[[[138.9521,34.3724],[138.9724,34.3807],[139.0208,34.4139],[139.09,34.4803],[139.1092,34.5637],[139.1743,34.6589],[139.1802,34.6629],[139.1966,34.7258],[139.2012,34.7515],[139.2108,34.7855],[139.2501,34.8442],[139.2805,34.8931],[139.3391,34.9554],[139.4208,34.9985],[139.3858,35.1064],[139.1734,35.0901],[139.1475,35.0901],[139.1293,35.1332],[139.1172,35.137],[139.1109,35.1417],[139.0898,35.1402],[139.0831,35.1413],[139.0758,35.145],[139.0658,35.1441],[139.0593,35.1472],[139.0516,35.1471],[139.0482,35.1497],[139.0289,35.1503],[139.0284,35.1549],[139.0312,35.157],[139.0305,35.1587],[139.0263,35.1603],[139.0294,35.1648],[139.0276,35.1672],[139.0291,35.1703],[139.0266,35.1722],[139.0264,35.1756],[139.0217,35.1795],[139.0216,35.182],[139.0093,35.1832],[139.0029,35.1879],[138.9931,35.1988],[138.9877,35.2009],[138.9864,35.2054],[138.9884,35.2113],[138.9822,35.2178],[138.9836,35.2228],[138.9791,35.229],[138.9795,35.2332],[138.9761,35.2356],[138.9787,35.2394],[138.9761,35.2417],[138.9744,35.2481],[138.9755,35.2638],[138.9819,35.2701],[138.9853,35.2778],[138.9962,35.2878],[139.0046,35.2899],[139.0045,35.2929],[139.0068,35.2959],[139.0061,35.2985],[139.0107,35.3106],[139.0096,35.3136],[139.0129,35.3175],[139.0127,35.3197],[139.0165,35.3224],[139.019,35.3291],[139.0105,35.3385],[139.011,35.3436],[139.0084,35.3469],[139.0095,35.3484],[139.0081,35.3505],[139.0134,35.3587],[139.0088,35.359],[139.0068,35.3614],[139.0075,35.3644],[139.0045,35.3737],[139.0059,35.3754],[138.9987,35.3837],[139.0018,35.3989],[138.9986,35.4024],[138.9936,35.4035],[138.9841,35.4018],[138.9813,35.4043],[138.9718,35.4052],[138.9691,35.4048],[138.9666,35.4019],[138.9515,35.4017],[138.9433,35.3992],[138.9312,35.4011],[138.9154,35.4006],[138.9109,35.3977],[138.9029,35.3963],[138.8986,35.392],[138.8926,35.3904],[138.8879,35.3864],[138.8789,35.3858],[138.8732,35.3814],[138.8739,35.3797],[138.8627,35.3903],[138.8563,35.388],[138.8512,35.3905],[138.8327,35.3832],[138.8292,35.3781],[138.8217,35.3741],[138.8175,35.3764],[138.7991,35.3766],[138.727,35.3639],[138.7209,35.3657],[138.7007,35.3627],[138.6987,35.3597],[138.6805,35.3577],[138.6712,35.3928],[138.6636,35.3982],[138.639,35.3983],[138.6091,35.3932],[138.5973,35.4327],[138.5875,35.4376],[138.5819,35.4457],[138.5774,35.4409],[138.5705,35.4395],[138.5633,35.4346],[138.5589,35.4342],[138.553,35.4231],[138.5493,35.4212],[138.5454,35.4165],[138.5383,35.4142],[138.5318,35.4093],[138.5312,35.4021],[138.5358,35.3899],[138.5346,35.3862],[138.5282,35.379],[138.5307,35.376],[138.5298,35.3593],[138.531,35.3535],[138.5294,35.3497],[138.5306,35.3456],[138.5349,35.3409],[138.5351,35.3306],[138.5269,35.3262],[138.5243,35.321],[138.5121,35.3137],[138.5128,35.3033],[138.5166,35.2989],[138.5165,35.2943],[138.5217,35.2838],[138.5203,35.2709],[138.5154,35.2673],[138.5142,35.2622],[138.5207,35.2554],[138.5206,35.2507],[138.5231,35.2486],[138.5269,35.2326],[138.5299,35.2307],[138.5323,35.2234],[138.5274,35.2168],[138.5329,35.2074],[138.5319,35.2054],[138.5331,35.2007],[138.5285,35.1975],[138.5221,35.1992],[138.5207,35.1987],[138.5212,35.1972],[138.5154,35.1982],[138.5145,35.1966],[138.5168,35.1963],[138.5139,35.1938],[138.5137,35.1906],[138.5062,35.1861],[138.5011,35.1765],[138.4964,35.1745],[138.4957,35.1716],[138.4915,35.1684],[138.4876,35.1697],[138.4844,35.1742],[138.4789,35.1754],[138.4779,35.1781],[138.4722,35.1761],[138.4611,35.1795],[138.4568,35.1782],[138.4414,35.1794],[138.4388,35.178],[138.4309,35.1804],[138.4275,35.1827],[138.4246,35.1903],[138.4184,35.1993],[138.4076,35.2029],[138.3987,35.2003],[138.3966,35.2058],[138.3945,35.207],[138.3934,35.2152],[138.3907,35.2194],[138.3918,35.2248],[138.3866,35.2398],[138.3862,35.2462],[138.3812,35.2527],[138.3782,35.2539],[138.3736,35.2633],[138.367,35.2702],[138.3693,35.2769],[138.3667,35.2805],[138.3668,35.2903],[138.3725,35.2994],[138.3675,35.3097],[138.3591,35.3135],[138.3586,35.3175],[138.3484,35.3157],[138.3434,35.318],[138.3356,35.3265],[138.3258,35.3276],[138.3136,35.3227],[138.309,35.3185],[138.2959,35.3163],[138.2937,35.3116],[138.2842,35.3043],[138.2764,35.3074],[138.2753,35.3104],[138.2702,35.3143],[138.2577,35.3166],[138.2545,35.3204],[138.2549,35.3244],[138.2516,35.3256],[138.2515,35.3302],[138.2487,35.3316],[138.2571,35.339],[138.2539,35.3454],[138.2558,35.3488],[138.251,35.3582],[138.2513,35.3635],[138.2469,35.3671],[138.2427,35.3659],[138.2376,35.3699],[138.232,35.3712],[138.2338,35.3792],[138.237,35.3845],[138.2403,35.3883],[138.246,35.3912],[138.2476,35.3952],[138.2465,35.3999],[138.2581,35.4074],[138.2593,35.4321],[138.2554,35.4403],[138.2555,35.4444],[138.2483,35.4472],[138.2442,35.4544],[138.244,35.4586],[138.2458,35.4632],[138.2526,35.4654],[138.2552,35.4689],[138.2586,35.4797],[138.2602,35.5057],[138.269,35.5142],[138.2632,35.523],[138.2638,35.5267],[138.2573,35.5308],[138.2601,35.5429],[138.2596,35.5529],[138.2522,35.5555],[138.2457,35.5615],[138.2444,35.5641],[138.2457,35.57],[138.242,35.5727],[138.2405,35.5762],[138.2411,35.5804],[138.2387,35.5838],[138.2436,35.5915],[138.2433,35.5974],[138.2408,35.605],[138.2351,35.6074],[138.2363,35.6127],[138.2341,35.6149],[138.2369,35.6211],[138.2289,35.6251],[138.2283,35.627],[138.2323,35.64],[138.2288,35.6459],[138.2187,35.6445],[138.2105,35.6346],[138.2034,35.6321],[138.2024,35.6183],[138.2061,35.6082],[138.1954,35.5947],[138.1946,35.5884],[138.189,35.5814],[138.1895,35.5768],[138.1843,35.5731],[138.1782,35.575],[138.1709,35.5824],[138.162,35.5813],[138.1571,35.573],[138.1518,35.571],[138.1462,35.5571],[138.1414,35.5551],[138.1515,35.5527],[138.1542,35.5535],[138.1594,35.545],[138.1516,35.5363],[138.1479,35.5348],[138.147,35.5297],[138.1383,35.5222],[138.1391,35.5205],[138.1463,35.5185],[138.1459,35.5125],[138.1395,35.5012],[138.1403,35.4997],[138.1475,35.5004],[138.155,35.4953],[138.1647,35.4937],[138.1584,35.4868],[138.1588,35.4829],[138.1561,35.4743],[138.1601,35.4715],[138.1603,35.469],[138.1569,35.46],[138.141,35.459],[138.1316,35.4533],[138.1226,35.4566],[138.1198,35.4534],[138.1193,35.446],[138.124,35.4357],[138.1204,35.4301],[138.1215,35.4286],[138.1291,35.4272],[138.1398,35.4227],[138.1387,35.4158],[138.1346,35.4132],[138.1348,35.4078],[138.1402,35.4056],[138.1445,35.406],[138.149,35.4],[138.1531,35.3972],[138.1513,35.3901],[138.1479,35.3877],[138.1457,35.3836],[138.1413,35.3696],[138.1295,35.3653],[138.124,35.368],[138.1181,35.3662],[138.1072,35.3604],[138.101,35.3544],[138.0969,35.3542],[138.0938,35.35],[138.0968,35.3472],[138.096,35.3396],[138.0844,35.3379],[138.079,35.3435],[138.0706,35.3473],[138.0612,35.3471],[138.0556,35.344],[138.0552,35.3398],[138.051,35.3356],[138.0433,35.3352],[138.0376,35.3329],[138.0392,35.3261],[138.0262,35.3204],[138.0277,35.3116],[138.0197,35.3015],[138.0057,35.3044],[137.9921,35.3017],[137.9824,35.2924],[137.9737,35.2932],[137.967,35.2828],[137.9639,35.2846],[137.9591,35.2827],[137.9519,35.2831],[137.944,35.2762],[137.9293,35.2755],[137.9283,35.2703],[137.9262,35.2689],[137.9249,35.2605],[137.9184,35.2543],[137.9124,35.2533],[137.8955,35.258],[137.8935,35.2542],[137.884,35.2499],[137.8825,35.2481],[137.8841,35.244],[137.8819,35.2416],[137.8849,35.2363],[137.8807,35.2296],[137.8803,35.2262],[137.8735,35.2195],[137.8717,35.2188],[137.8649,35.2227],[137.8592,35.2233],[137.8498,35.2211],[137.8473,35.2219],[137.8448,35.221],[137.8434,35.2175],[137.8374,35.2163],[137.8383,35.2129],[137.837,35.2116],[137.8278,35.2113],[137.8278,35.2085],[137.8311,35.2053],[137.822,35.2037],[137.8203,35.1973],[137.817,35.193],[137.8164,35.188],[137.8135,35.1863],[137.8074,35.1878],[137.8032,35.1831],[137.8048,35.1794],[137.8104,35.1748],[137.8175,35.175],[137.8255,35.1682],[137.8258,35.1661],[137.8213,35.1584],[137.8277,35.1552],[137.829,35.152],[137.8219,35.148],[137.8186,35.1493],[137.8161,35.1527],[137.8147,35.1524],[137.8122,35.1446],[137.8149,35.1406],[137.8102,35.1374],[137.8059,35.1311],[137.801,35.1309],[137.7973,35.1364],[137.7931,35.1352],[137.7921,35.1288],[137.799,35.1254],[137.7982,35.1188],[137.8011,35.1058],[137.795,35.1029],[137.7926,35.0954],[137.7818,35.0966],[137.7783,35.0996],[137.7734,35.0905],[137.7755,35.0776],[137.7696,35.0727],[137.7639,35.0723],[137.7616,35.0686],[137.7568,35.0676],[137.7564,35.065],[137.7514,35.0641],[137.7411,35.0571],[137.7288,35.0403],[137.7233,35.0391],[137.7222,35.0363],[137.7171,35.035],[137.7165,35.0275],[137.7128,35.0253],[137.7109,35.0208],[137.7049,35.0148],[137.701,35.0035],[137.7019,34.9986],[137.7046,34.9961],[137.7076,34.9963],[137.7081,34.9945],[137.6998,34.9844],[137.7071,34.9719],[137.7044,34.9699],[137.6972,34.972],[137.6944,34.9702],[137.6931,34.9663],[137.6899,34.9636],[137.6895,34.9566],[137.6859,34.9546],[137.6828,34.9551],[137.6802,34.9493],[137.6761,34.9454],[137.6693,34.9485],[137.6595,34.9446],[137.6562,34.9379],[137.6507,34.9329],[137.6525,34.9304],[137.6528,34.9255],[137.6497,34.9203],[137.6467,34.9187],[137.6478,34.9121],[137.6464,34.9084],[137.6429,34.9082],[137.6405,34.905],[137.6399,34.8984],[137.6421,34.8967],[137.6413,34.893],[137.6373,34.891],[137.6336,34.8855],[137.6285,34.8823],[137.6168,34.8782],[137.6159,34.8753],[137.6036,34.8745],[137.5969,34.8722],[137.5956,34.8704],[137.5952,34.8593],[137.5867,34.8503],[137.5651,34.8523],[137.5572,34.8511],[137.5528,34.8524],[137.5423,34.8422],[137.5371,34.8422],[137.5344,34.8444],[137.5295,34.8437],[137.5282,34.8417],[137.5238,34.8413],[137.518,34.836],[137.5027,34.8336],[137.5,34.8313],[137.4985,34.8265],[137.5013,34.8228],[137.4949,34.8196],[137.4934,34.815],[137.487,34.8115],[137.4874,34.809],[137.4942,34.8019],[137.4913,34.7959],[137.493,34.7868],[137.482,34.7822],[137.4767,34.7748],[137.4791,34.7714],[137.4768,34.7678],[137.4774,34.7567],[137.4749,34.7551],[137.4741,34.7499],[137.4806,34.7407],[137.4782,34.7355],[137.4813,34.7319],[137.4803,34.7294],[137.4807,34.7265],[137.4823,34.726],[137.4819,34.7213],[137.4878,34.7166],[137.4918,34.7025],[137.4893,34.6888],[137.4847,34.684],[137.4859,34.6796],[137.4845,34.6764],[137.5346,34.3951],[137.6632,34.4678],[137.7282,34.4518],[137.7676,34.4465],[137.7912,34.4451],[137.8198,34.4458],[137.845,34.4485],[137.8697,34.4532],[137.9054,34.463],[137.946,34.4662],[137.9698,34.4616],[138.0079,34.4506],[138.1048,34.4139],[138.1637,34.3987],[138.2003,34.393],[138.9521,34.3724]]]]},"properties":{"zone":8,"name":"静岡県"}},{"type":"Feature","geometry":{"type":"MultiPolygon","coordinates":[[[[141.2749,37.764],[141.4377,37.8868],[141.2991,37.9886],[141.2068,37.9736],[141.1904,37.9692],[140.999,37.901],[140.9456,37.8985],[140.9259,37.8957],[140.9239,37.8948],[140.9238,37.8922],[140.9202,37.892],[140.9195,37.8946],[140.9148,37.898],[140.9119,37.8966],[140.9011,37.8976],[140.8996,37.9],[140.9002,37.9043],[140.8965,37.9025],[140.8907,37.9024],[140.8799,37.8976],[140.8701,37.8964],[140.8641,37.893],[140.8568,37.8913],[140.8599,37.8887],[140.8567,37.8867],[140.8565,37.8826],[140.8611,37.8794],[140.8545,37.8745],[140.8606,37.8673],[140.8614,37.862],[140.8587,37.8564],[140.8509,37.851],[140.8505,37.8492],[140.8542,37.8418],[140.8534,37.8353],[140.8551,37.8338],[140.8523,37.8297],[140.8559,37.8288],[140.8536,37.821],[140.8582,37.8149],[140.8539,37.8117],[140.8537,37.807],[140.8579,37.8029],[140.8547,37.7973],[140.8517,37.7953],[140.8413,37.7961],[140.8305,37.7948],[140.8216,37.7989],[140.8104,37.7955],[140.806,37.798],[140.7922,37.8001],[140.7832,37.8045],[140.775,37.8064],[140.773,37.8012],[140.7655,37.7987],[140.7645,37.7967],[140.7727,37.7973],[140.7742,37.7941],[140.7789,37.7933],[140.7794,37.791],[140.7828,37.7916],[140.7835,37.7895],[140.7871,37.789],[140.7949,37.7809],[140.8032,37.7799],[140.7944,37.7733],[140.7873,37.7748],[140.7752,37.7818],[140.7588,37.7854],[140.749,37.7853],[140.7451,37.7885],[140.738,37.7872],[140.7269,37.7815],[140.723,37.7925],[140.7171,37.7949],[140.7122,37.8003],[140.7028,37.8032],[140.6943,37.8033],[140.6953,37.8047],[140.6919,37.8075],[140.6897,37.8132],[140.6854,37.8156],[140.6865,37.82],[140.6835,37.8283],[140.6843,37.8305],[140.6792,37.8363],[140.6869,37.8421],[140.6856,37.8469],[140.692,37.8509],[140.6908,37.8528],[140.6929,37.8573],[140.6914,37.8614],[140.6858,37.8679],[140.6874,37.8714],[140.6818,37.8759],[140.6829,37.8795],[140.691,37.8839],[140.6885,37.8891],[140.6669,37.8951],[140.6603,37.9009],[140.6473,37.8988],[140.6446,37.8955],[140.6273,37.8991],[140.6234,37.901],[140.6186,37.9126],[140.6155,37.9148],[140.6116,37.9152],[140.6102,37.9111],[140.6007,37.9105],[140.5966,37.9063],[140.591,37.9063],[140.5867,37.9101],[140.5843,37.9089],[140.5753,37.9145],[140.574,37.9177],[140.5698,37.9188],[140.5696,37.921],[140.5664,37.9228],[140.5626,37.9181],[140.5644,37.9154],[140.5623,37.914],[140.5637,37.9122],[140.5589,37.9099],[140.5499,37.91],[140.5316,37.9052],[140.5219,37.9088],[140.5168,37.9071],[140.5158,37.9035],[140.5034,37.9056],[140.4983,37.9004],[140.4883,37.8996],[140.4766,37.9069],[140.4695,37.9179],[140.4683,37.9237],[140.4695,37.9293],[140.4679,37.9317],[140.4687,37.9362],[140.4674,37.9382],[140.4749,37.9468],[140.4659,37.9492],[140.4616,37.9526],[140.456,37.9504],[140.4482,37.951],[140.4446,37.957],[140.4385,37.9541],[140.4291,37.9544],[140.4199,37.9608],[140.4141,37.9635],[140.4092,37.9637],[140.4075,37.9736],[140.4007,37.9743],[140.3936,37.9728],[140.3884,37.9691],[140.3856,37.9649],[140.3848,37.9523],[140.3642,37.9587],[140.3589,37.959],[140.3551,37.9578],[140.3535,37.9548],[140.3557,37.9521],[140.3502,37.9501],[140.3421,37.9516],[140.336,37.9551],[140.3338,37.9515],[140.3285,37.9584],[140.3164,37.9581],[140.3142,37.9644],[140.3085,37.9636],[140.3024,37.969],[140.2916,37.9704],[140.29,37.9723],[140.2841,37.9731],[140.28,37.9766],[140.2766,37.9751],[140.2759,37.9724],[140.2733,37.9708],[140.2713,37.9668],[140.2723,37.9582],[140.2763,37.9566],[140.2762,37.9541],[140.2781,37.9526],[140.2753,37.9472],[140.281,37.9414],[140.2781,37.9393],[140.2793,37.9336],[140.2784,37.9301],[140.2759,37.9283],[140.2765,37.9264],[140.2721,37.9199],[140.2666,37.9171],[140.2664,37.9135],[140.2645,37.9119],[140.2661,37.8997],[140.2707,37.8907],[140.2663,37.8889],[140.2673,37.8865],[140.2647,37.886],[140.2649,37.8795],[140.2699,37.8744],[140.2685,37.8711],[140.2699,37.8665],[140.2654,37.8622],[140.2655,37.8591],[140.2674,37.8574],[140.2653,37.8548],[140.2673,37.8476],[140.2627,37.842],[140.2622,37.8404],[140.2652,37.8389],[140.2627,37.837],[140.2621,37.8344],[140.269,37.8238],[140.2754,37.8207],[140.2783,37.8211],[140.2874,37.8138],[140.2913,37.8149],[140.2935,37.8134],[140.2936,37.8111],[140.2958,37.811],[140.2988,37.8079],[140.2921,37.804],[140.2903,37.8013],[140.2822,37.7982],[140.2824,37.7922],[140.2768,37.7876],[140.2782,37.7848],[140.2763,37.7818],[140.266,37.7791],[140.2626,37.7752],[140.263,37.773],[140.2554,37.7682],[140.2549,37.7646],[140.2444,37.7584],[140.2404,37.7535],[140.239,37.7482],[140.2355,37.7459],[140.2196,37.7458],[140.2155,37.7482],[140.2074,37.749],[140.2048,37.7475],[140.1996,37.7528],[140.1664,37.7573],[140.154,37.7534],[140.146,37.7527],[140.1401,37.7402],[140.1407,37.7381],[140.1336,37.7385],[140.1276,37.7339],[140.1154,37.7344],[140.1071,37.7382],[140.1017,37.738],[140.0965,37.7438],[140.0953,37.7483],[140.0911,37.7515],[140.0867,37.758],[140.0803,37.7561],[140.0691,37.7578],[140.065,37.7676],[140.0589,37.7712],[140.0535,37.7708],[140.0545,37.775],[140.0514,37.7793],[140.0482,37.7789],[140.0446,37.7729],[140.0375,37.768],[140.0336,37.7673],[140.0314,37.7689],[140.0218,37.7653],[140.0195,37.762],[140.0129,37.7618],[140.0101,37.764],[140.002,37.7594],[139.9989,37.7613],[139.9926,37.7587],[139.9865,37.7604],[139.9831,37.7644],[139.978,37.7662],[139.9789,37.7736],[139.9734,37.7758],[139.9673,37.7837],[139.9688,37.7885],[139.9601,37.7957],[139.9593,37.798],[139.9621,37.8058],[139.9579,37.8149],[139.9499,37.8164],[139.9409,37.8217],[139.937,37.8283],[139.9313,37.8293],[139.9279,37.8275],[139.9277,37.826],[139.9302,37.8254],[139.9301,37.8225],[139.9274,37.8211],[139.928,37.8195],[139.9248,37.8135],[139.912,37.8138],[139.9074,37.8154],[139.9026,37.8138],[139.8988,37.8103],[139.889,37.8111],[139.8866,37.8092],[139.8823,37.8109],[139.8794,37.8103],[139.8762,37.8132],[139.8764,37.8173],[139.8726,37.8168],[139.8664,37.8231],[139.8577,37.8265],[139.8379,37.8145],[139.8324,37.8154],[139.8266,37.8119],[139.8249,37.8132],[139.8216,37.812],[139.8133,37.804],[139.81,37.8032],[139.8042,37.8054],[139.8034,37.8152],[139.7949,37.8176],[139.7933,37.8208],[139.7889,37.8231],[139.7882,37.8267],[139.7829,37.832],[139.763,37.8267],[139.7554,37.8221],[139.7413,37.8203],[139.7362,37.8281],[139.7326,37.8308],[139.7296,37.831],[139.7274,37.8353],[139.7208,37.8397],[139.7188,37.8451],[139.7159,37.8473],[139.7156,37.8542],[139.7064,37.856],[139.6973,37.8487],[139.6808,37.847],[139.6977,37.8477],[139.7088,37.8539],[139.7146,37.8529],[139.7156,37.847],[139.7186,37.8449],[139.7205,37.8396],[139.727,37.835],[139.7294,37.8308],[139.736,37.8279],[139.7415,37.8177],[139.7216,37.8094],[139.7135,37.799],[139.7053,37.7962],[139.6965,37.7851],[139.6803,37.7754],[139.6776,37.77],[139.6687,37.7633],[139.6667,37.757],[139.6579,37.755],[139.6589,37.745],[139.6574,37.741],[139.6522,37.7378],[139.6496,37.7291],[139.6429,37.7276],[139.6383,37.7212],[139.6318,37.7199],[139.6327,37.7164],[139.6241,37.7102],[139.6235,37.7025],[139.6215,37.7001],[139.6257,37.6932],[139.6282,37.6924],[139.6272,37.6883],[139.6176,37.6888],[139.6094,37.6843],[139.6045,37.6793],[139.606,37.6776],[139.605,37.6741],[139.601,37.6713],[139.6009,37.6688],[139.5964,37.6659],[139.5938,37.6651],[139.5913,37.6676],[139.5886,37.6673],[139.5848,37.6623],[139.5798,37.6608],[139.5685,37.6531],[139.563,37.6538],[139.5493,37.649],[139.5518,37.6435],[139.5553,37.6411],[139.5476,37.6339],[139.546,37.6289],[139.5479,37.6218],[139.5522,37.6186],[139.5514,37.6159],[139.5481,37.6136],[139.5485,37.6096],[139.5541,37.6026],[139.5596,37.6018],[139.565,37.5974],[139.564,37.5962],[139.5658,37.5904],[139.5642,37.5884],[139.5675,37.5847],[139.5661,37.5831],[139.5682,37.5799],[139.5704,37.5794],[139.5717,37.5744],[139.5704,37.5729],[139.5724,37.5704],[139.5676,37.5629],[139.5703,37.5506],[139.5657,37.5461],[139.5709,37.5438],[139.5702,37.5391],[139.5764,37.5347],[139.5787,37.53],[139.5842,37.5278],[139.5905,37.528],[139.5911,37.5253],[139.5881,37.5233],[139.5867,37.5171],[139.5843,37.5148],[139.5851,37.5129],[139.5647,37.5017],[139.5617,37.5039],[139.5561,37.5041],[139.5552,37.5061],[139.5489,37.509],[139.545,37.5094],[139.5431,37.5121],[139.5282,37.5124],[139.5234,37.5145],[139.5196,37.5136],[139.5137,37.5086],[139.4967,37.5126],[139.4858,37.5103],[139.4829,37.5062],[139.4761,37.5026],[139.4718,37.5064],[139.4661,37.5083],[139.4636,37.5129],[139.4579,37.5158],[139.4572,37.5179],[139.4506,37.5174],[139.4391,37.5132],[139.4292,37.5147],[139.4279,37.5113],[139.4142,37.5102],[139.4112,37.5052],[139.4107,37.5019],[139.414,37.4968],[139.4079,37.4925],[139.4086,37.4891],[139.4069,37.4865],[139.4099,37.4836],[139.4046,37.4751],[139.4046,37.4682],[139.4063,37.466],[139.3975,37.4598],[139.385,37.4637],[139.3738,37.4639],[139.3685,37.4654],[139.3664,37.4684],[139.3625,37.47],[139.3559,37.4672],[139.3516,37.4681],[139.3512,37.4656],[139.3457,37.4602],[139.3351,37.4578],[139.3275,37.46],[139.3265,37.4624],[139.3154,37.4594],[139.3107,37.4556],[139.3048,37.4588],[139.2867,37.4524],[139.284,37.4499],[139.2814,37.4501],[139.2788,37.4532],[139.2732,37.4503],[139.2585,37.447],[139.2563,37.4509],[139.2514,37.4525],[139.2465,37.4489],[139.2355,37.4448],[139.2236,37.4492],[139.2223,37.4461],[139.2187,37.4453],[139.2151,37.442],[139.2151,37.44],[139.2131,37.4389],[139.2136,37.4365],[139.2075,37.4289],[139.2067,37.4239],[139.2084,37.4168],[139.1993,37.4133],[139.1974,37.4111],[139.2046,37.4062],[139.2076,37.4006],[139.2077,37.3962],[139.2121,37.3921],[139.2153,37.3913],[139.2226,37.3933],[139.2281,37.3909],[139.2271,37.3887],[139.2315,37.3879],[139.2315,37.3802],[139.2349,37.3789],[139.238,37.3726],[139.2336,37.3583],[139.2348,37.3508],[139.2336,37.3436],[139.2281,37.3433],[139.2218,37.3357],[139.2179,37.3342],[139.2203,37.3316],[139.2211,37.3237],[139.2243,37.32],[139.2219,37.3147],[139.2157,37.3091],[139.2177,37.3052],[139.2149,37.2992],[139.2147,37.292],[139.2123,37.2862],[139.2057,37.2839],[139.1976,37.2754],[139.193,37.2734],[139.1919,37.2694],[139.1893,37.2687],[139.1791,37.2598],[139.1778,37.2567],[139.1747,37.2564],[139.1732,37.2526],[139.1703,37.2503],[139.1647,37.2374],[139.1659,37.2322],[139.1709,37.2285],[139.1738,37.2236],[139.1846,37.216],[139.1871,37.2097],[139.1944,37.2047],[139.1967,37.1995],[139.1966,37.194],[139.2053,37.1942],[139.2084,37.1958],[139.2134,37.2],[139.2176,37.2094],[139.2207,37.2092],[139.2213,37.2048],[139.2265,37.2032],[139.2256,37.1983],[139.2292,37.1966],[139.2356,37.1885],[139.2412,37.1869],[139.2409,37.1842],[139.2444,37.1816],[139.2435,37.1773],[139.2453,37.1772],[139.2453,37.1754],[139.2429,37.1732],[139.2432,37.1704],[139.2473,37.1697],[139.2464,37.1663],[139.2538,37.165],[139.2503,37.1637],[139.2529,37.1614],[139.253,37.1584],[139.25,37.1567],[139.2498,37.1516],[139.2461,37.1464],[139.2439,37.1283],[139.2375,37.1195],[139.2351,37.1105],[139.2359,37.1015],[139.2409,37.0936],[139.2388,37.0899],[139.2428,37.0847],[139.2489,37.0811],[139.2465,37.0736],[139.247,37.0708],[139.2545,37.0623],[139.255,37.0576],[139.2573,37.0564],[139.2573,37.0498],[139.2603,37.0477],[139.2595,37.0433],[139.2528,37.0398],[139.2543,37.0372],[139.2532,37.0343],[139.2485,37.0309],[139.2485,37.024],[139.2434,37.0151],[139.251,37.0046],[139.2526,36.9943],[139.2557,36.9887],[139.2531,36.9836],[139.2484,36.9824],[139.2472,36.9805],[139.2521,36.9766],[139.2527,36.9735],[139.2477,36.971],[139.2493,36.9676],[139.248,36.9659],[139.2514,36.9638],[139.2512,36.962],[139.2485,36.9613],[139.25,36.9597],[139.2499,36.9558],[139.2465,36.9559],[139.245,36.9523],[139.2418,36.9499],[139.2441,36.9479],[139.2433,36.9444],[139.2407,36.9435],[139.2416,36.9416],[139.2352,36.9423],[139.2301,36.9403],[139.2298,36.9383],[139.231,36.9367],[139.2314,36.9378],[139.235,36.9374],[139.2347,36.9344],[139.2389,36.9342],[139.2409,36.9293],[139.2551,36.9325],[139.2661,36.9412],[139.2722,36.9355],[139.2817,36.9311],[139.2862,36.9342],[139.2944,36.9347],[139.3044,36.9258],[139.3122,36.9269],[139.3332,36.9246],[139.3385,36.9276],[139.3424,36.9275],[139.35,36.9184],[139.3494,36.913],[139.3568,36.9168],[139.373,36.9184],[139.3814,36.914],[139.3833,36.9114],[139.3933,36.9108],[139.3994,36.9204],[139.408,36.9266],[139.412,36.9277],[139.4202,36.9241],[139.4272,36.9242],[139.4303,36.9259],[139.4299,36.9293],[139.435,36.9361],[139.4344,36.9419],[139.4409,36.9448],[139.4418,36.9476],[139.4461,36.9477],[139.4571,36.9542],[139.459,36.9591],[139.4584,36.9658],[139.4612,36.9707],[139.4727,36.9714],[139.4842,36.9755],[139.4942,36.9679],[139.504,36.9696],[139.5149,36.9777],[139.5212,36.9793],[139.5236,36.9815],[139.5269,36.9802],[139.5328,36.9818],[139.5353,36.9806],[139.5479,36.9936],[139.5544,36.9925],[139.5568,36.9968],[139.5646,36.9969],[139.572,37.0016],[139.5764,37.0021],[139.5796,37.005],[139.582,37.0151],[139.5878,37.0155],[139.5958,37.0117],[139.5987,37.012],[139.6027,37.016],[139.6112,37.0137],[139.6167,37.0152],[139.6193,37.0166],[139.6186,37.0196],[139.6255,37.026],[139.623,37.029],[139.6255,37.0332],[139.631,37.0338],[139.6326,37.0323],[139.6387,37.0321],[139.6436,37.036],[139.6519,37.0375],[139.6558,37.042],[139.6646,37.0398],[139.6678,37.0421],[139.6685,37.0463],[139.6712,37.0482],[139.6733,37.0578],[139.6767,37.0567],[139.6921,37.0625],[139.7004,37.0593],[139.7055,37.0639],[139.708,37.0642],[139.711,37.0684],[139.7179,37.0683],[139.7192,37.071],[139.7328,37.0687],[139.7374,37.0726],[139.7397,37.0726],[139.7518,37.0702],[139.7549,37.0743],[139.7631,37.0758],[139.7652,37.0801],[139.7708,37.0836],[139.7749,37.0919],[139.778,37.0888],[139.7879,37.0907],[139.8094,37.0849],[139.8111,37.086],[139.8221,37.0851],[139.8199,37.0873],[139.82,37.0929],[139.8182,37.0969],[139.8213,37.1083],[139.8162,37.1111],[139.815,37.1166],[139.8187,37.1189],[139.819,37.1218],[139.8283,37.1267],[139.8281,37.129],[139.8318,37.1336],[139.839,37.1332],[139.8399,37.1356],[139.8476,37.1395],[139.8517,37.1372],[139.8563,37.1378],[139.8613,37.1411],[139.8663,37.1472],[139.8776,37.1461],[139.8946,37.1533],[139.9024,37.1543],[139.9073,37.1491],[139.9162,37.1476],[139.9205,37.1505],[139.9246,37.1519],[139.9299,37.1513],[139.9338,37.1537],[139.9438,37.1526],[139.9458,37.1541],[139.9542,37.155],[139.9612,37.1533],[139.963,37.1485],[139.979,37.1469],[139.9903,37.1427],[139.9955,37.1439],[140.0171,37.1396],[140.0232,37.1433],[140.0285,37.1396],[140.0386,37.1394],[140.0457,37.1367],[140.0492,37.1314],[140.0595,37.1255],[140.0655,37.1275],[140.0891,37.1215],[140.0935,37.1242],[140.0975,37.1243],[140.1054,37.1206],[140.1089,37.1166],[140.1191,37.11],[140.1259,37.1078],[140.1282,37.1041],[140.1347,37.1036],[140.1371,37.1065],[140.1401,37.1047],[140.1508,37.0943],[140.1494,37.0926],[140.1562,37.0914],[140.1574,37.0891],[140.1529,37.0862],[140.1572,37.0814],[140.1656,37.0787],[140.1728,37.0703],[140.1745,37.0717],[140.1777,37.069],[140.1845,37.0693],[140.1934,37.0651],[140.1946,37.0602],[140.1906,37.0567],[140.1998,37.0477],[140.1985,37.0382],[140.1956,37.0365],[140.1995,37.0325],[140.1993,37.0284],[140.2031,37.024],[140.209,37.0229],[140.2119,37.0199],[140.2176,37.0208],[140.22,37.0185],[140.2246,37.0238],[140.2331,37.0231],[140.2494,37.0256],[140.2503,37.0221],[140.2489,37.0185],[140.252,37.0102],[140.2511,37.0091],[140.2449,37.0102],[140.246,37.0052],[140.2437,37.0015],[140.2402,37.0003],[140.2408,36.9965],[140.2444,36.9942],[140.2439,36.9914],[140.2502,36.9887],[140.251,36.9834],[140.2442,36.979],[140.2437,36.974],[140.2523,36.9667],[140.2531,36.963],[140.2447,36.9573],[140.2412,36.9521],[140.2406,36.9462],[140.243,36.9435],[140.2535,36.9412],[140.2553,36.9384],[140.2617,36.9375],[140.2642,36.9333],[140.273,36.9302],[140.2851,36.9355],[140.2887,36.9332],[140.2927,36.9332],[140.297,36.9289],[140.2986,36.9295],[140.303,36.9269],[140.3076,36.9193],[140.3174,36.9132],[140.3182,36.9106],[140.3217,36.908],[140.3239,36.8935],[140.3265,36.8913],[140.3464,36.885],[140.3512,36.8865],[140.3553,36.8844],[140.3606,36.8857],[140.3652,36.8843],[140.3692,36.8749],[140.3724,36.8713],[140.3686,36.8671],[140.3696,36.8633],[140.3684,36.8612],[140.3706,36.8551],[140.3717,36.8554],[140.3769,36.8471],[140.3763,36.8449],[140.3777,36.8431],[140.3758,36.8414],[140.377,36.8381],[140.3855,36.8361],[140.3871,36.8342],[140.3929,36.8324],[140.397,36.8332],[140.403,36.8314],[140.4074,36.8324],[140.4103,36.8303],[140.4151,36.832],[140.4158,36.8286],[140.4221,36.8241],[140.4215,36.8225],[140.4231,36.8205],[140.4277,36.8206],[140.431,36.817],[140.4362,36.8214],[140.4385,36.8215],[140.4473,36.8091],[140.4502,36.8088],[140.4533,36.803],[140.4567,36.802],[140.4571,36.7985],[140.4619,36.7971],[140.462,36.7936],[140.464,36.7915],[140.4786,36.7969],[140.4779,36.7982],[140.48,36.7995],[140.4806,36.8037],[140.4893,36.8096],[140.488,36.8184],[140.4928,36.8195],[140.4936,36.8182],[140.4979,36.8193],[140.5015,36.8182],[140.5044,36.8232],[140.5106,36.8219],[140.5139,36.8234],[140.5168,36.8269],[140.5191,36.8362],[140.5285,36.84],[140.5279,36.8484],[140.5351,36.8521],[140.5376,36.8554],[140.538,36.8589],[140.5468,36.8583],[140.5543,36.8615],[140.5569,36.8601],[140.5605,36.8635],[140.565,36.8622],[140.5655,36.864],[140.5723,36.8641],[140.5753,36.8691],[140.5805,36.8669],[140.5887,36.8749],[140.592,36.873],[140.5933,36.88],[140.5899,36.8846],[140.5858,36.8864],[140.5825,36.8931],[140.5798,36.8936],[140.5808,36.9044],[140.5763,36.9066],[140.5718,36.9125],[140.5701,36.9117],[140.5683,36.914],[140.5649,36.9129],[140.5706,36.9313],[140.5682,36.9333],[140.5674,36.9367],[140.5711,36.9393],[140.5749,36.939],[140.5754,36.9425],[140.5822,36.9427],[140.5862,36.9453],[140.5893,36.9395],[140.5944,36.9381],[140.5925,36.936],[140.5945,36.9323],[140.5928,36.9266],[140.6012,36.9228],[140.6007,36.9209],[140.6029,36.92],[140.6072,36.9128],[140.6143,36.9086],[140.6155,36.9033],[140.628,36.9029],[140.6362,36.8976],[140.6464,36.8994],[140.6469,36.901],[140.6509,36.8997],[140.6549,36.901],[140.6561,36.8972],[140.6643,36.8966],[140.6734,36.8932],[140.6801,36.8934],[140.689,36.8882],[140.695,36.8888],[140.6988,36.8837],[140.7061,36.8815],[140.7055,36.8784],[140.7098,36.8771],[140.7143,36.8728],[140.7232,36.871],[140.7241,36.874],[140.7293,36.8744],[140.7342,36.8716],[140.7408,36.8756],[140.7456,36.8713],[140.7547,36.8699],[140.7584,36.8673],[140.76,36.871],[140.7579,36.8724],[140.7601,36.8724],[140.762,36.8704],[140.7604,36.8702],[140.7598,36.8667],[140.7629,36.8644],[140.7646,36.8667],[140.7641,36.8631],[140.7659,36.8645],[140.7653,36.8674],[140.7673,36.8651],[140.7662,36.8633],[140.7672,36.8623],[140.765,36.8623],[140.7678,36.8616],[140.7715,36.8631],[140.7717,36.8645],[140.7672,36.8678],[140.7714,36.865],[140.7726,36.866],[140.7717,36.8685],[140.7735,36.8663],[140.7778,36.8673],[140.7788,36.8643],[140.7864,36.8621],[140.7852,36.8579],[140.7868,36.8562],[140.793,36.8587],[140.7989,36.8675],[140.8042,36.8708],[140.8227,36.8758],[140.8367,36.8758],[140.8618,36.8622],[140.8682,36.855],[140.9673,36.7916],[141.0308,36.7443],[141.0582,36.759],[141.083,36.7762],[141.0976,36.7889],[141.1373,36.8131],[141.155,36.827],[141.1706,36.8421],[141.1906,36.8668],[141.2013,36.8846],[141.2225,36.9325],[141.2302,36.958],[141.2339,36.9912],[141.2319,37.0242],[141.2445,37.0532],[141.2511,37.077],[141.2591,37.1318],[141.2593,37.1595],[141.27,37.1835],[141.2768,37.2087],[141.2796,37.2342],[141.278,37.2601],[141.2855,37.2851],[141.289,37.3108],[141.2881,37.3368],[141.2905,37.3603],[141.2893,37.3838],[141.2941,37.4161],[141.2921,37.4494],[141.2951,37.4879],[141.2913,37.5173],[141.2816,37.5559],[141.2784,37.5831],[141.2796,37.6007],[141.2867,37.6204],[141.2913,37.6407],[141.2932,37.6683],[141.2914,37.6886],[141.2855,37.7141],[141.2754,37.739],[141.2652,37.7566],[141.2749,37.764]]]]},"properties":{"zone":9,"name":"福島県"}},{"type":"Feature","geometry":{"type":"MultiPolygon","coordinates":[[[[139.4599,36.9697],[139.4579,36.9616],[139.459,36.9591],[139.4571,36.9542],[139.4461,36.9477],[139.4418,36.9476],[139.4409,36.9448],[139.4344,36.9419],[139.435,36.9361],[139.4299,36.9293],[139.4303,36.9259],[139.4272,36.9242],[139.4202,36.9241],[139.412,36.9277],[139.4037,36.924],[139.3991,36.9201],[139.3933,36.9108],[139.3956,36.9069],[139.3943,36.9036],[139.3794,36.898],[139.3706,36.8896],[139.372,36.8831],[139.3686,36.8798],[139.3702,36.8782],[139.3624,36.8775],[139.3609,36.8742],[139.3581,36.8778],[139.3561,36.8778],[139.3582,36.8722],[139.3577,36.8655],[139.3551,36.8617],[139.3557,36.8585],[139.3485,36.8527],[139.3528,36.849],[139.3638,36.8473],[139.3663,36.8412],[139.3744,36.838],[139.3767,36.8388],[139.3865,36.8357],[139.3909,36.8327],[139.3927,36.8344],[139.3985,36.8343],[139.4053,36.8308],[139.4067,36.8269],[139.4017,36.8217],[139.3938,36.8179],[139.391,36.8142],[139.3937,36.8097],[139.3886,36.8053],[139.3776,36.8043],[139.3783,36.8031],[139.3756,36.8003],[139.378,36.7921],[139.3756,36.7909],[139.3768,36.7879],[139.375,36.7848],[139.3699,36.7829],[139.3675,36.7838],[139.3624,36.7808],[139.3599,36.7752],[139.353,36.7736],[139.3545,36.7693],[139.3508,36.7635],[139.3553,36.7602],[139.3545,36.7533],[139.3559,36.7506],[139.3622,36.7479],[139.3725,36.7463],[139.3681,36.7418],[139.3675,36.7345],[139.3648,36.7305],[139.3669,36.7246],[139.3649,36.7231],[139.3648,36.7196],[139.3597,36.7167],[139.3611,36.7135],[139.3586,36.7132],[139.356,36.7105],[139.3563,36.7071],[139.3487,36.6998],[139.3371,36.6926],[139.3393,36.6853],[139.3367,36.6822],[139.3393,36.6784],[139.3349,36.6745],[139.3345,36.6657],[139.3306,36.6638],[139.3267,36.6571],[139.3286,36.6526],[139.3266,36.6507],[139.3305,36.6425],[139.3281,36.6337],[139.3296,36.6277],[139.3457,36.6259],[139.3471,36.6196],[139.3523,36.6151],[139.3592,36.6136],[139.3633,36.6143],[139.3714,36.612],[139.3793,36.6131],[139.3867,36.612],[139.3982,36.602],[139.4065,36.6048],[139.4037,36.6088],[139.4125,36.6081],[139.4174,36.6046],[139.4247,36.6035],[139.4278,36.601],[139.4361,36.6017],[139.4383,36.6043],[139.4454,36.6075],[139.451,36.6065],[139.4528,36.6036],[139.4577,36.6063],[139.4652,36.6066],[139.4714,36.6029],[139.471,36.6011],[139.4747,36.5946],[139.4738,36.5905],[139.4834,36.5823],[139.4825,36.578],[139.4739,36.5731],[139.474,36.5667],[139.4654,36.5634],[139.4608,36.5532],[139.4571,36.5532],[139.4522,36.5496],[139.4435,36.5526],[139.439,36.5507],[139.4369,36.5422],[139.4379,36.5405],[139.4362,36.539],[139.4378,36.536],[139.4345,36.5336],[139.4428,36.5316],[139.4399,36.5254],[139.4347,36.5222],[139.4347,36.5196],[139.4328,36.519],[139.4303,36.5132],[139.4277,36.5106],[139.4217,36.509],[139.424,36.5063],[139.419,36.5023],[139.4179,36.4947],[139.4226,36.4937],[139.4217,36.4904],[139.4281,36.4904],[139.4259,36.4846],[139.4297,36.4819],[139.431,36.4715],[139.438,36.4749],[139.4365,36.466],[139.4296,36.4615],[139.4312,36.4604],[139.4312,36.4576],[139.4259,36.4593],[139.4206,36.457],[139.418,36.4606],[139.4147,36.4619],[139.4111,36.4584],[139.4082,36.458],[139.412,36.4547],[139.412,36.45],[139.405,36.445],[139.4025,36.4368],[139.3945,36.4344],[139.395,36.4309],[139.3923,36.4283],[139.3918,36.4244],[139.3863,36.4221],[139.385,36.4193],[139.3822,36.4184],[139.3785,36.4144],[139.3754,36.4058],[139.3755,36.4003],[139.3698,36.3976],[139.368,36.3925],[139.361,36.3841],[139.3664,36.3792],[139.3682,36.3725],[139.3664,36.3705],[139.3686,36.3673],[139.3781,36.36],[139.388,36.355],[139.3935,36.3478],[139.4179,36.3366],[139.4228,36.3323],[139.4267,36.3269],[139.4266,36.3244],[139.4241,36.3237],[139.4232,36.3253],[139.4217,36.3225],[139.419,36.3271],[139.4157,36.3259],[139.4158,36.3225],[139.4182,36.3214],[139.4157,36.3197],[139.4154,36.318],[139.4175,36.3169],[139.4157,36.3159],[139.4232,36.3079],[139.4292,36.3062],[139.4267,36.304],[139.4314,36.3012],[139.4305,36.2956],[139.4357,36.292],[139.4365,36.2962],[139.4392,36.2966],[139.4435,36.2937],[139.4436,36.2884],[139.4591,36.2884],[139.4608,36.2851],[139.4685,36.2792],[139.4627,36.2793],[139.4585,36.2763],[139.4627,36.2721],[139.4691,36.2706],[139.4725,36.2712],[139.472,36.2759],[139.4747,36.2761],[139.4756,36.2733],[139.481,36.2713],[139.4877,36.2759],[139.4904,36.2758],[139.4924,36.2738],[139.5006,36.2763],[139.5032,36.2811],[139.5128,36.2783],[139.5151,36.2811],[139.5205,36.2809],[139.526,36.2847],[139.5346,36.279],[139.5365,36.2818],[139.5392,36.2808],[139.5398,36.2771],[139.544,36.2758],[139.5486,36.2808],[139.5501,36.2783],[139.5533,36.2795],[139.5559,36.2766],[139.5536,36.2738],[139.5623,36.2669],[139.5703,36.268],[139.5768,36.2668],[139.5846,36.2692],[139.6086,36.2681],[139.619,36.2744],[139.6251,36.2715],[139.6325,36.2712],[139.6369,36.264],[139.6417,36.267],[139.643,36.2661],[139.6422,36.2641],[139.6365,36.2619],[139.6307,36.2548],[139.6342,36.2528],[139.6421,36.242],[139.6415,36.2355],[139.6455,36.2405],[139.6485,36.2379],[139.6506,36.2391],[139.6535,36.237],[139.6554,36.2339],[139.6541,36.2316],[139.6592,36.2314],[139.658,36.23],[139.6631,36.2306],[139.6596,36.2285],[139.6613,36.2247],[139.659,36.2212],[139.6654,36.2234],[139.6671,36.2167],[139.6699,36.2137],[139.664,36.2092],[139.6642,36.2074],[139.6677,36.2067],[139.6742,36.2091],[139.6773,36.2015],[139.682,36.2008],[139.6855,36.2038],[139.6879,36.1997],[139.6915,36.2062],[139.6986,36.2065],[139.6988,36.2039],[139.7025,36.204],[139.7065,36.2019],[139.7084,36.2071],[139.7069,36.2106],[139.7159,36.2097],[139.719,36.2115],[139.7202,36.2113],[139.72,36.2078],[139.7275,36.2058],[139.7275,36.2016],[139.7483,36.2111],[139.76,36.2192],[139.8219,36.2399],[139.8277,36.2496],[139.8316,36.2646],[139.835,36.2704],[139.8417,36.2759],[139.8353,36.2935],[139.849,36.3115],[139.858,36.3107],[139.8647,36.3156],[139.8701,36.3138],[139.8725,36.3151],[139.8721,36.3182],[139.8752,36.3206],[139.8747,36.3232],[139.8807,36.323],[139.8826,36.3206],[139.8785,36.314],[139.8788,36.3107],[139.8812,36.3096],[139.8851,36.3119],[139.8917,36.3091],[139.8966,36.3098],[139.899,36.3063],[139.8943,36.3043],[139.8943,36.3019],[139.8974,36.3001],[139.8999,36.3015],[139.9005,36.2991],[139.9043,36.2979],[139.9107,36.3012],[139.9151,36.309],[139.9103,36.3101],[139.9127,36.3262],[139.9117,36.3326],[139.9143,36.3367],[139.9226,36.3416],[139.9351,36.3435],[139.9352,36.3454],[139.9433,36.3468],[139.9462,36.3492],[139.9645,36.3509],[139.9653,36.3675],[139.9692,36.3705],[139.9735,36.3785],[139.9746,36.3745],[139.9783,36.3724],[139.9792,36.3698],[139.9824,36.3704],[139.9893,36.3671],[139.9918,36.3696],[140.0022,36.368],[140.0039,36.3705],[140.0009,36.3736],[140.0004,36.3766],[140.009,36.3751],[140.0111,36.3729],[140.0128,36.3764],[140.0151,36.3774],[140.0165,36.3764],[140.0148,36.3762],[140.0154,36.3747],[140.0213,36.3765],[140.0265,36.3754],[140.0271,36.3768],[140.0351,36.3782],[140.0398,36.375],[140.0482,36.3756],[140.0627,36.3814],[140.0691,36.3889],[140.0652,36.3969],[140.0664,36.4038],[140.0811,36.4037],[140.0879,36.3983],[140.0923,36.4016],[140.0956,36.3987],[140.1014,36.3971],[140.0998,36.3949],[140.101,36.3941],[140.1112,36.398],[140.1092,36.4065],[140.1141,36.4108],[140.1318,36.4149],[140.141,36.412],[140.1443,36.414],[140.1486,36.4067],[140.1565,36.398],[140.1656,36.4001],[140.1807,36.3974],[140.1851,36.3983],[140.1863,36.4014],[140.1891,36.4022],[140.1889,36.4038],[140.1926,36.4047],[140.1984,36.4158],[140.2033,36.4207],[140.2034,36.4287],[140.2012,36.4315],[140.2013,36.4381],[140.2062,36.4465],[140.2029,36.4504],[140.2026,36.4541],[140.2073,36.4569],[140.2074,36.4624],[140.213,36.4673],[140.2121,36.471],[140.2166,36.479],[140.2216,36.4805],[140.2272,36.4859],[140.2266,36.4889],[140.2298,36.4911],[140.2312,36.4974],[140.2294,36.5021],[140.2354,36.503],[140.2358,36.5047],[140.2411,36.5027],[140.2425,36.5076],[140.2492,36.5079],[140.2474,36.515],[140.2602,36.5175],[140.2526,36.5247],[140.2534,36.5272],[140.2477,36.5345],[140.247,36.5483],[140.2514,36.5522],[140.2515,36.5546],[140.2438,36.5628],[140.247,36.5646],[140.2456,36.5658],[140.247,36.5675],[140.2453,36.5721],[140.2426,36.5743],[140.2446,36.5758],[140.2456,36.5821],[140.2433,36.5847],[140.2438,36.5884],[140.2492,36.5995],[140.2485,36.6107],[140.2397,36.625],[140.2363,36.623],[140.2347,36.6238],[140.2355,36.6278],[140.2338,36.6344],[140.2428,36.6367],[140.2416,36.6429],[140.2391,36.6456],[140.2409,36.6509],[140.2293,36.6623],[140.2327,36.6655],[140.2317,36.6698],[140.2216,36.6743],[140.2215,36.6774],[140.2251,36.6775],[140.2234,36.6836],[140.2201,36.6845],[140.2204,36.6871],[140.2268,36.6924],[140.2314,36.6997],[140.2342,36.7005],[140.2439,36.6976],[140.2467,36.7023],[140.2563,36.703],[140.2598,36.7012],[140.2682,36.7022],[140.2712,36.7068],[140.275,36.7082],[140.2807,36.7075],[140.2856,36.7124],[140.2922,36.7126],[140.2871,36.7182],[140.2877,36.7254],[140.2833,36.7341],[140.2775,36.7388],[140.2691,36.7421],[140.2646,36.7478],[140.2622,36.7483],[140.2591,36.7531],[140.2595,36.755],[140.2549,36.76],[140.2566,36.766],[140.2611,36.7675],[140.2537,36.7745],[140.2574,36.7772],[140.2552,36.7788],[140.2537,36.7834],[140.26,36.7862],[140.2635,36.7859],[140.2664,36.7905],[140.2645,36.7946],[140.2664,36.7959],[140.2671,36.7993],[140.2633,36.8103],[140.2667,36.8132],[140.2674,36.8178],[140.2657,36.8289],[140.2623,36.8328],[140.2629,36.836],[140.2554,36.8405],[140.2568,36.8478],[140.2527,36.8494],[140.2516,36.8522],[140.2543,36.8604],[140.2542,36.8695],[140.2567,36.8733],[140.2539,36.8776],[140.2537,36.8817],[140.2551,36.8837],[140.2528,36.8858],[140.2542,36.8916],[140.2531,36.8961],[140.2513,36.897],[140.2505,36.9061],[140.2487,36.909],[140.2501,36.9172],[140.2484,36.9213],[140.2524,36.9287],[140.2578,36.9327],[140.2642,36.9333],[140.2617,36.9375],[140.2553,36.9384],[140.2535,36.9412],[140.2471,36.9418],[140.2406,36.9462],[140.2412,36.9521],[140.2445,36.9571],[140.2531,36.963],[140.2523,36.9667],[140.2437,36.974],[140.2442,36.979],[140.251,36.9834],[140.2502,36.9887],[140.2439,36.9914],[140.2444,36.9942],[140.2408,36.9965],[140.2402,37.0003],[140.2437,37.0015],[140.246,37.0052],[140.2449,37.0102],[140.2511,37.0091],[140.252,37.0102],[140.2489,37.0185],[140.2503,37.0221],[140.2493,37.0257],[140.2331,37.0231],[140.2246,37.0238],[140.22,37.0185],[140.2176,37.0208],[140.2119,37.0199],[140.209,37.0229],[140.2031,37.024],[140.1993,37.0284],[140.1995,37.0325],[140.1956,37.0365],[140.1985,37.0382],[140.1998,37.0477],[140.1906,37.0567],[140.1946,37.0602],[140.193,37.0655],[140.1845,37.0693],[140.1776,37.0691],[140.1746,37.0717],[140.1728,37.0703],[140.1656,37.0787],[140.1571,37.0815],[140.1529,37.0862],[140.1574,37.0891],[140.1562,37.0914],[140.1494,37.0926],[140.1508,37.0943],[140.1401,37.1047],[140.1371,37.1065],[140.1347,37.1036],[140.1282,37.1041],[140.1259,37.1078],[140.1146,37.1128],[140.1004,37.1234],[140.0935,37.1242],[140.0891,37.1215],[140.0655,37.1275],[140.0595,37.1255],[140.0492,37.1314],[140.0457,37.1367],[140.0386,37.1394],[140.0285,37.1396],[140.0232,37.1433],[140.0171,37.1396],[139.9955,37.1439],[139.9903,37.1427],[139.979,37.1469],[139.963,37.1485],[139.9612,37.1533],[139.9542,37.155],[139.9458,37.1541],[139.9438,37.1526],[139.9338,37.1537],[139.9299,37.1513],[139.9246,37.1519],[139.9205,37.1505],[139.9162,37.1476],[139.9073,37.1491],[139.9024,37.1543],[139.8945,37.1532],[139.8773,37.1461],[139.8663,37.1472],[139.8574,37.1382],[139.8517,37.1372],[139.8476,37.1395],[139.8399,37.1356],[139.839,37.1332],[139.8318,37.1336],[139.8281,37.129],[139.8283,37.1267],[139.819,37.1218],[139.8187,37.1189],[139.815,37.1166],[139.8162,37.1111],[139.8213,37.1083],[139.8182,37.0969],[139.82,37.0929],[139.8199,37.0873],[139.8221,37.0851],[139.8111,37.086],[139.8094,37.0849],[139.7879,37.0907],[139.778,37.0888],[139.7749,37.0919],[139.7708,37.0836],[139.7652,37.0801],[139.7631,37.0758],[139.7549,37.0743],[139.7518,37.0702],[139.7397,37.0726],[139.7374,37.0726],[139.7328,37.0687],[139.7192,37.071],[139.7179,37.0683],[139.711,37.0684],[139.708,37.0642],[139.7055,37.0639],[139.7004,37.0593],[139.6921,37.0625],[139.6767,37.0567],[139.673,37.0577],[139.6712,37.0482],[139.6685,37.0463],[139.6678,37.0421],[139.6646,37.0398],[139.6558,37.042],[139.6519,37.0375],[139.6436,37.036],[139.6387,37.0321],[139.6326,37.0323],[139.631,37.0338],[139.6255,37.0332],[139.623,37.029],[139.6255,37.026],[139.6186,37.0196],[139.6193,37.0166],[139.6167,37.0152],[139.6112,37.0137],[139.6027,37.016],[139.5987,37.012],[139.5958,37.0117],[139.5878,37.0155],[139.582,37.0151],[139.5796,37.005],[139.5764,37.0021],[139.572,37.0016],[139.5646,36.9969],[139.5568,36.9968],[139.5544,36.9925],[139.5479,36.9936],[139.5353,36.9806],[139.5328,36.9818],[139.5269,36.9802],[139.5236,36.9815],[139.5212,36.9793],[139.5149,36.9777],[139.504,36.9696],[139.4942,36.9679],[139.4842,36.9755],[139.473,36.9714],[139.4633,36.9712],[139.4599,36.9697]]]]},"properties":{"zone":9,"name":"栃木県"}},{"type":"Feature","geometry":{"type":"MultiPolygon","coordinates":[[[[140.9933,36.6988],[141.014,36.7206],[141.0308,36.7443],[140.9673,36.7916],[140.8682,36.855],[140.8618,36.8622],[140.8343,36.8767],[140.8227,36.8758],[140.8042,36.8708],[140.7989,36.8675],[140.793,36.8587],[140.7868,36.8562],[140.7852,36.8579],[140.7864,36.8621],[140.7788,36.8643],[140.7778,36.8673],[140.7735,36.8663],[140.7717,36.8685],[140.7726,36.866],[140.7714,36.865],[140.7672,36.8678],[140.7717,36.8645],[140.7715,36.8631],[140.7678,36.8616],[140.765,36.8623],[140.7672,36.8623],[140.7662,36.8633],[140.7673,36.8651],[140.7653,36.8674],[140.7659,36.8645],[140.7641,36.8631],[140.7646,36.8667],[140.7629,36.8644],[140.7598,36.8667],[140.7604,36.8702],[140.762,36.8704],[140.7601,36.8724],[140.7579,36.8724],[140.76,36.871],[140.7584,36.8673],[140.7547,36.8699],[140.7456,36.8713],[140.7408,36.8756],[140.7342,36.8716],[140.7293,36.8744],[140.7241,36.874],[140.7232,36.871],[140.7143,36.8728],[140.7098,36.8771],[140.7055,36.8784],[140.7061,36.8815],[140.6988,36.8837],[140.695,36.8888],[140.689,36.8882],[140.6801,36.8934],[140.6734,36.8932],[140.6643,36.8966],[140.6561,36.8972],[140.6549,36.901],[140.6509,36.8997],[140.6469,36.901],[140.6464,36.8994],[140.6362,36.8976],[140.628,36.9029],[140.6155,36.9033],[140.6143,36.9086],[140.6072,36.9128],[140.6029,36.92],[140.6007,36.9209],[140.6012,36.9228],[140.5928,36.9266],[140.5945,36.9323],[140.5925,36.936],[140.5944,36.9381],[140.5893,36.9395],[140.5861,36.9453],[140.5822,36.9427],[140.5754,36.9425],[140.5749,36.939],[140.5711,36.9393],[140.5674,36.9367],[140.5682,36.9333],[140.5706,36.9313],[140.5649,36.9129],[140.5683,36.914],[140.5701,36.9117],[140.5718,36.9125],[140.5763,36.9066],[140.5808,36.9044],[140.5798,36.8936],[140.5825,36.8931],[140.5858,36.8864],[140.5899,36.8846],[140.5933,36.88],[140.592,36.873],[140.5887,36.8749],[140.5805,36.8669],[140.5753,36.8691],[140.5723,36.8641],[140.5655,36.864],[140.565,36.8622],[140.5605,36.8635],[140.5569,36.8601],[140.5543,36.8615],[140.5468,36.8583],[140.538,36.8589],[140.5376,36.8554],[140.5351,36.8521],[140.5279,36.8484],[140.5285,36.84],[140.5191,36.8362],[140.5168,36.8269],[140.514,36.8235],[140.5106,36.8219],[140.5044,36.8232],[140.5015,36.8182],[140.4979,36.8193],[140.4936,36.8182],[140.4928,36.8195],[140.488,36.8184],[140.4893,36.8096],[140.4806,36.8037],[140.48,36.7995],[140.4779,36.7982],[140.4786,36.7969],[140.473,36.7958],[140.4649,36.7913],[140.462,36.7936],[140.4618,36.7972],[140.4571,36.7985],[140.4567,36.802],[140.4534,36.8029],[140.4504,36.8087],[140.4473,36.8091],[140.4442,36.8126],[140.444,36.8149],[140.4385,36.8215],[140.4362,36.8214],[140.431,36.817],[140.4277,36.8206],[140.4231,36.8205],[140.4215,36.8225],[140.4221,36.8241],[140.4158,36.8286],[140.4151,36.832],[140.4103,36.8303],[140.4074,36.8324],[140.403,36.8314],[140.397,36.8332],[140.3929,36.8324],[140.3871,36.8342],[140.3855,36.8361],[140.3772,36.8379],[140.3758,36.8414],[140.3777,36.8431],[140.3763,36.8449],[140.3769,36.8471],[140.3717,36.8554],[140.3706,36.8551],[140.3684,36.8612],[140.3696,36.8633],[140.3686,36.8671],[140.3724,36.8713],[140.3692,36.8749],[140.3652,36.8843],[140.3606,36.8857],[140.3553,36.8844],[140.3512,36.8865],[140.3464,36.885],[140.3265,36.8913],[140.3239,36.8935],[140.3218,36.9078],[140.3174,36.9132],[140.3076,36.9193],[140.303,36.9269],[140.2986,36.9295],[140.297,36.9289],[140.2927,36.9332],[140.2887,36.9332],[140.2856,36.9355],[140.273,36.9302],[140.2659,36.9331],[140.2578,36.9327],[140.2524,36.9287],[140.2484,36.9213],[140.2501,36.9172],[140.2487,36.9089],[140.2505,36.9061],[140.2513,36.897],[140.2531,36.8961],[140.2542,36.8916],[140.2528,36.8858],[140.2551,36.8837],[140.2537,36.8817],[140.2539,36.8776],[140.2567,36.8733],[140.2542,36.8695],[140.2543,36.8601],[140.2515,36.8525],[140.2527,36.8494],[140.2568,36.8478],[140.2554,36.8405],[140.2629,36.836],[140.2623,36.8328],[140.2657,36.8289],[140.2674,36.8177],[140.2667,36.8132],[140.2633,36.8103],[140.2671,36.7993],[140.2664,36.7959],[140.2645,36.7946],[140.2664,36.7905],[140.2635,36.7859],[140.26,36.7862],[140.2537,36.7834],[140.2552,36.7788],[140.2574,36.7772],[140.2537,36.7745],[140.2611,36.7675],[140.2566,36.766],[140.2549,36.76],[140.2595,36.755],[140.2591,36.7531],[140.2622,36.7483],[140.2646,36.7478],[140.2691,36.7421],[140.2775,36.7388],[140.2833,36.7341],[140.2877,36.7254],[140.2871,36.7182],[140.2922,36.7126],[140.2856,36.7124],[140.2807,36.7075],[140.275,36.7082],[140.2712,36.7068],[140.2682,36.7022],[140.2598,36.7012],[140.2563,36.703],[140.2467,36.7023],[140.2439,36.6976],[140.2342,36.7005],[140.2314,36.6997],[140.2268,36.6924],[140.2204,36.6871],[140.2201,36.6845],[140.2234,36.6836],[140.2251,36.6775],[140.2215,36.6774],[140.2216,36.6743],[140.2317,36.6698],[140.2327,36.6655],[140.2293,36.6623],[140.2409,36.6509],[140.2391,36.6456],[140.2416,36.6429],[140.2428,36.6367],[140.2338,36.6344],[140.2355,36.6278],[140.2347,36.6238],[140.2363,36.623],[140.2397,36.625],[140.2485,36.6107],[140.2492,36.5995],[140.2438,36.5884],[140.2433,36.5847],[140.2456,36.5821],[140.2446,36.5758],[140.2426,36.5743],[140.2453,36.5721],[140.247,36.5675],[140.2456,36.5658],[140.247,36.5646],[140.2438,36.5628],[140.2515,36.5546],[140.2514,36.5522],[140.247,36.5483],[140.2477,36.5345],[140.2534,36.5272],[140.2526,36.5247],[140.2602,36.5175],[140.2474,36.515],[140.2492,36.5079],[140.2425,36.5076],[140.2411,36.5027],[140.2358,36.5047],[140.2354,36.503],[140.2294,36.5021],[140.2312,36.4974],[140.2298,36.4911],[140.2266,36.4889],[140.2272,36.4859],[140.2216,36.4805],[140.2166,36.479],[140.2121,36.471],[140.213,36.4673],[140.2074,36.4624],[140.2073,36.4569],[140.2026,36.4541],[140.2029,36.4504],[140.2062,36.4465],[140.2013,36.4381],[140.2012,36.4315],[140.2034,36.4287],[140.2033,36.4207],[140.1984,36.4158],[140.1926,36.4047],[140.1889,36.4038],[140.1891,36.4022],[140.1863,36.4014],[140.1851,36.3983],[140.1807,36.3974],[140.1656,36.4001],[140.1565,36.398],[140.1486,36.4067],[140.1443,36.414],[140.141,36.412],[140.1318,36.4149],[140.1141,36.4108],[140.1092,36.4065],[140.1112,36.398],[140.101,36.3941],[140.0998,36.3949],[140.1014,36.3971],[140.0956,36.3987],[140.0923,36.4016],[140.0879,36.3983],[140.0811,36.4037],[140.0664,36.4038],[140.0652,36.3969],[140.0691,36.3889],[140.0627,36.3814],[140.0482,36.3756],[140.0398,36.375],[140.0351,36.3782],[140.0271,36.3768],[140.0265,36.3754],[140.0213,36.3765],[140.0154,36.3747],[140.0148,36.3762],[140.0165,36.3764],[140.0151,36.3774],[140.0128,36.3764],[140.0111,36.3729],[140.009,36.3751],[140.0004,36.3766],[140.0009,36.3736],[140.0039,36.3705],[140.0022,36.368],[139.9918,36.3696],[139.9893,36.3671],[139.9824,36.3704],[139.9792,36.3698],[139.9783,36.3724],[139.9746,36.3745],[139.9733,36.3784],[139.9696,36.3711],[139.9653,36.3675],[139.9645,36.3509],[139.9462,36.3492],[139.9433,36.3468],[139.9352,36.3454],[139.9351,36.3435],[139.9226,36.3416],[139.9143,36.3367],[139.9117,36.3326],[139.9127,36.3262],[139.9103,36.3101],[139.9151,36.309],[139.9103,36.3009],[139.9043,36.2979],[139.9005,36.2991],[139.8999,36.3015],[139.8974,36.3001],[139.8943,36.3019],[139.8943,36.3043],[139.899,36.3063],[139.8966,36.3098],[139.8917,36.3091],[139.8851,36.3119],[139.8812,36.3096],[139.8788,36.3107],[139.8785,36.314],[139.8826,36.3206],[139.8807,36.323],[139.8747,36.3232],[139.8752,36.3206],[139.8721,36.3182],[139.8725,36.3151],[139.8701,36.3138],[139.8647,36.3156],[139.858,36.3107],[139.8499,36.3118],[139.848,36.3108],[139.8353,36.2935],[139.8417,36.2759],[139.835,36.2704],[139.8316,36.2646],[139.8274,36.2489],[139.8218,36.2398],[139.76,36.2192],[139.7483,36.2111],[139.7275,36.2016],[139.7275,36.2058],[139.72,36.2078],[139.7193,36.2115],[139.7159,36.2097],[139.7071,36.2107],[139.7065,36.209],[139.7084,36.2071],[139.7065,36.2019],[139.7025,36.204],[139.6988,36.2039],[139.6986,36.2065],[139.6911,36.2059],[139.6877,36.1971],[139.6942,36.1908],[139.6909,36.1753],[139.6957,36.1571],[139.7101,36.1359],[139.7136,36.1263],[139.7264,36.1125],[139.7283,36.0901],[139.7303,36.0873],[139.7468,36.0871],[139.7587,36.0818],[139.7692,36.0808],[139.7724,36.0831],[139.7728,36.0884],[139.7762,36.0908],[139.7768,36.0971],[139.7868,36.1041],[139.8012,36.092],[139.8089,36.069],[139.8137,36.0624],[139.8409,36.0381],[139.8576,36.029],[139.8764,36.0106],[139.8842,35.9888],[139.8975,35.9785],[139.9129,35.9714],[139.9326,35.9695],[139.9367,35.9664],[139.9382,35.962],[139.9316,35.9508],[139.938,35.941],[139.9509,35.9365],[139.9648,35.927],[139.9763,35.9234],[139.9858,35.9148],[139.9943,35.9098],[140.0132,35.9111],[140.0209,35.9092],[140.0284,35.9022],[140.0437,35.8934],[140.0611,35.8881],[140.0666,35.8809],[140.0737,35.8767],[140.0783,35.8778],[140.0875,35.8839],[140.0928,35.8839],[140.1117,35.876],[140.1246,35.8725],[140.1276,35.8704],[140.1342,35.8589],[140.1465,35.8457],[140.1507,35.8434],[140.1567,35.8427],[140.1678,35.8455],[140.1875,35.8521],[140.2054,35.8613],[140.2144,35.8619],[140.2304,35.8545],[140.2415,35.8546],[140.2669,35.87],[140.2783,35.874],[140.2861,35.8729],[140.3041,35.8653],[140.3194,35.8646],[140.335,35.8724],[140.3484,35.8832],[140.3531,35.8919],[140.3616,35.8986],[140.3983,35.9093],[140.4076,35.9092],[140.4179,35.9064],[140.4248,35.9072],[140.4359,35.9121],[140.4485,35.915],[140.4584,35.9265],[140.4709,35.9199],[140.4838,35.91],[140.5028,35.9055],[140.4908,35.915],[140.4872,35.9286],[140.4898,35.932],[140.4938,35.9303],[140.4955,35.9312],[140.4997,35.9444],[140.5112,35.9587],[140.5244,35.9499],[140.5349,35.94],[140.5706,35.9241],[140.5737,35.9219],[140.5726,35.9212],[140.5804,35.9173],[140.5852,35.9092],[140.5879,35.9105],[140.5895,35.9082],[140.5875,35.9073],[140.5882,35.9062],[140.5985,35.9034],[140.608,35.8958],[140.6123,35.8907],[140.6194,35.8764],[140.6283,35.8656],[140.6307,35.8591],[140.6835,35.8491],[140.7066,35.8363],[140.7172,35.8228],[140.7268,35.7995],[140.7444,35.7832],[140.818,35.7404],[140.8377,35.7391],[140.848,35.7405],[140.8512,35.7426],[140.8533,35.7466],[140.8522,35.7502],[140.8542,35.7574],[140.8712,35.7971],[140.8945,35.8235],[140.9249,35.8539],[140.9511,35.8779],[140.9961,35.9138],[140.9722,35.9449],[140.9586,35.969],[140.9545,35.9941],[140.9496,36.0103],[140.9394,36.0336],[140.9285,36.0515],[140.9155,36.0684],[140.9011,36.0835],[140.8648,36.1128],[140.8345,36.1719],[140.8157,36.2205],[140.827,36.2501],[140.8435,36.273],[140.861,36.3089],[140.8792,36.3712],[140.8839,36.3983],[140.8847,36.4433],[140.8833,36.4636],[140.8873,36.4957],[140.8937,36.5071],[140.9131,36.5336],[140.9209,36.548],[140.937,36.5689],[140.9497,36.5916],[140.956,36.6072],[140.9746,36.6359],[140.9871,36.6667],[140.9933,36.6988]]]]},"properties":{"zone":9,"name":"茨城県"}},{"type":"Feature","geometry":{"type":"MultiPolygon","coordinates":[[[[139.2622,36.2455],[139.2616,36.2442],[139.2637,36.2437],[139.2622,36.2455]]],[[[139.2739,35.8396],[139.2798,35.8393],[139.2802,35.8411],[139.2849,35.8359],[139.2908,35.8379],[139.2957,35.8335],[139.2969,35.8353],[139.3015,35.8348],[139.3024,35.8242],[139.3049,35.8239],[139.3048,35.8224],[139.3116,35.8253],[139.3152,35.8251],[139.3165,35.82],[139.315,35.8143],[139.3183,35.8098],[139.3223,35.7995],[139.3252,35.7956],[139.3304,35.7943],[139.3326,35.7917],[139.3382,35.7947],[139.3436,35.7943],[139.3466,35.7965],[139.3532,35.7926],[139.3576,35.794],[139.3596,35.7914],[139.37,35.7919],[139.3687,35.7897],[139.3699,35.7874],[139.368,35.7869],[139.3677,35.7842],[139.373,35.7797],[139.3688,35.7783],[139.3755,35.7805],[139.3799,35.7789],[139.3799,35.777],[139.3815,35.777],[139.3791,35.7707],[139.3804,35.7664],[139.3851,35.7652],[139.3917,35.7674],[139.3905,35.764],[139.392,35.7632],[139.3981,35.7646],[139.4004,35.7684],[139.4045,35.7694],[139.4131,35.7683],[139.4162,35.7663],[139.4199,35.7663],[139.4221,35.7681],[139.4318,35.7667],[139.4386,35.7692],[139.4408,35.767],[139.4448,35.7667],[139.4479,35.769],[139.458,35.7697],[139.4614,35.7734],[139.4706,35.7732],[139.4739,35.7748],[139.4737,35.776],[139.4765,35.7754],[139.4755,35.7766],[139.4766,35.7779],[139.4828,35.7811],[139.489,35.779],[139.4902,35.7808],[139.4937,35.7794],[139.4936,35.7814],[139.4956,35.7813],[139.4969,35.7784],[139.4991,35.7822],[139.5068,35.783],[139.5129,35.7856],[139.5137,35.7883],[139.5226,35.7893],[139.523,35.7918],[139.5283,35.7934],[139.5377,35.8044],[139.5427,35.8071],[139.5476,35.8021],[139.5468,35.7996],[139.5371,35.7916],[139.5438,35.7884],[139.5432,35.7798],[139.5322,35.7735],[139.5225,35.772],[139.5162,35.7658],[139.5218,35.7679],[139.53,35.7683],[139.5476,35.7743],[139.5473,35.7633],[139.5446,35.755],[139.547,35.7553],[139.5471,35.7535],[139.5551,35.7559],[139.5564,35.7591],[139.5621,35.7599],[139.5616,35.7612],[139.5636,35.7628],[139.5659,35.7618],[139.5715,35.7634],[139.5704,35.7655],[139.5745,35.7662],[139.5741,35.7682],[139.577,35.7679],[139.5781,35.7712],[139.5824,35.7711],[139.5819,35.7725],[139.5844,35.7732],[139.5844,35.7751],[139.587,35.7752],[139.5888,35.7788],[139.5939,35.7773],[139.5943,35.7785],[139.5971,35.7781],[139.5968,35.7767],[139.6028,35.7756],[139.5973,35.7713],[139.5987,35.769],[139.6064,35.7713],[139.607,35.7693],[139.6087,35.7691],[139.611,35.7712],[139.6114,35.7695],[139.6129,35.7708],[139.6172,35.7703],[139.6177,35.7666],[139.6232,35.7667],[139.6254,35.7728],[139.624,35.774],[139.6249,35.781],[139.6289,35.7853],[139.6316,35.786],[139.6328,35.7895],[139.6375,35.7908],[139.6407,35.7956],[139.6403,35.798],[139.6425,35.7973],[139.6444,35.7989],[139.648,35.7972],[139.6534,35.8002],[139.6688,35.8004],[139.6772,35.7989],[139.6924,35.8006],[139.6951,35.7998],[139.6946,35.7956],[139.697,35.7962],[139.6973,35.7986],[139.7063,35.7931],[139.7211,35.7914],[139.7247,35.7871],[139.7326,35.7898],[139.736,35.7891],[139.7391,35.7869],[139.738,35.7802],[139.7453,35.7831],[139.7467,35.7867],[139.7496,35.7859],[139.7555,35.7873],[139.7552,35.79],[139.76,35.7948],[139.7606,35.7975],[139.7507,35.8062],[139.7507,35.8102],[139.7549,35.8104],[139.7555,35.8127],[139.7609,35.8125],[139.7675,35.8175],[139.7723,35.8162],[139.7811,35.8071],[139.7946,35.8052],[139.8036,35.8088],[139.8149,35.8087],[139.8208,35.8113],[139.8199,35.8126],[139.8213,35.815],[139.825,35.8121],[139.8208,35.8057],[139.8196,35.7995],[139.8228,35.7955],[139.8274,35.7938],[139.8308,35.7945],[139.8371,35.8005],[139.8394,35.8008],[139.8439,35.7995],[139.8472,35.7957],[139.8561,35.7908],[139.8596,35.7953],[139.8637,35.7948],[139.873,35.7974],[139.8776,35.7949],[139.8713,35.7884],[139.8727,35.7822],[139.8811,35.782],[139.8876,35.784],[139.8938,35.7827],[139.8883,35.7946],[139.8908,35.7998],[139.8888,35.8071],[139.8917,35.8183],[139.888,35.8232],[139.8885,35.8322],[139.89,35.844],[139.8958,35.8528],[139.9001,35.8642],[139.8899,35.8926],[139.8717,35.9159],[139.8668,35.9265],[139.8613,35.9322],[139.8477,35.9396],[139.8378,35.9539],[139.835,35.9602],[139.8339,35.9683],[139.8257,35.9728],[139.8266,35.9834],[139.8142,35.9973],[139.817,36.0032],[139.8134,36.0234],[139.8174,36.0301],[139.8173,36.0325],[139.8147,36.0377],[139.8046,36.0446],[139.8014,36.0494],[139.7914,36.0581],[139.7828,36.0702],[139.7799,36.0828],[139.7762,36.0908],[139.7724,36.088],[139.7719,36.0822],[139.767,36.0804],[139.7572,36.0823],[139.7468,36.0871],[139.7318,36.0865],[139.7283,36.0901],[139.7264,36.1125],[139.7136,36.1263],[139.7101,36.1359],[139.7014,36.1471],[139.6954,36.158],[139.6909,36.1753],[139.6942,36.1908],[139.6884,36.1954],[139.6863,36.2036],[139.6803,36.2005],[139.6769,36.2019],[139.6742,36.2091],[139.6677,36.2067],[139.6624,36.2071],[139.661,36.2084],[139.6644,36.2115],[139.6621,36.2145],[139.658,36.2145],[139.6491,36.2103],[139.651,36.1975],[139.6482,36.1962],[139.6371,36.1974],[139.629,36.1954],[139.6263,36.1932],[139.6249,36.1866],[139.6151,36.192],[139.6011,36.2055],[139.5944,36.2089],[139.5866,36.2104],[139.5719,36.2037],[139.5542,36.2007],[139.5296,36.1917],[139.5201,36.1913],[139.5028,36.1936],[139.4941,36.1909],[139.4643,36.1892],[139.4543,36.1914],[139.4426,36.1978],[139.4288,36.2086],[139.4203,36.2104],[139.4181,36.2171],[139.4084,36.2224],[139.3934,36.2276],[139.3904,36.2318],[139.3815,36.2376],[139.3791,36.2432],[139.3695,36.2461],[139.3598,36.2533],[139.3538,36.2513],[139.3514,36.2539],[139.3475,36.2536],[139.3452,36.2479],[139.3398,36.246],[139.3402,36.2438],[139.3331,36.2428],[139.3279,36.2405],[139.328,36.2368],[139.3209,36.2358],[139.3068,36.2375],[139.2976,36.2415],[139.2985,36.2431],[139.267,36.2506],[139.267,36.2427],[139.2618,36.2429],[139.2544,36.246],[139.2441,36.2444],[139.2353,36.2476],[139.224,36.2583],[139.2116,36.2562],[139.2109,36.2615],[139.2052,36.2631],[139.1954,36.2632],[139.1719,36.2734],[139.1639,36.2789],[139.1585,36.2778],[139.1357,36.2784],[139.1299,36.2834],[139.1183,36.2692],[139.1078,36.2617],[139.1112,36.2585],[139.1075,36.2526],[139.0908,36.2311],[139.0807,36.2136],[139.0634,36.1963],[139.0645,36.187],[139.0564,36.1828],[139.0576,36.1699],[139.0595,36.1662],[139.0581,36.1649],[139.0618,36.1629],[139.0638,36.1592],[139.0613,36.1556],[139.0623,36.1528],[139.0481,36.1527],[139.0463,36.1487],[139.0429,36.1484],[139.0409,36.1396],[139.0411,36.1346],[139.0432,36.1312],[139.0418,36.1279],[139.0364,36.1262],[139.0319,36.1272],[139.0287,36.1298],[139.0257,36.1301],[139.0265,36.1329],[139.0246,36.134],[139.0199,36.131],[139.0148,36.1337],[139.0108,36.1321],[139.0042,36.1337],[139.0063,36.1291],[139.0019,36.1255],[138.9934,36.1249],[138.9893,36.1179],[138.9853,36.1155],[138.9772,36.1167],[138.9699,36.1246],[138.9647,36.126],[138.9585,36.1244],[138.9588,36.1205],[138.9561,36.1123],[138.9579,36.1076],[138.9511,36.1027],[138.9503,36.0994],[138.9451,36.0946],[138.9381,36.0929],[138.9315,36.0881],[138.9163,36.0938],[138.9107,36.0908],[138.9078,36.0921],[138.8979,36.0907],[138.8948,36.0875],[138.8915,36.0876],[138.8867,36.0842],[138.8778,36.0826],[138.8648,36.0773],[138.8592,36.0699],[138.8547,36.0685],[138.8508,36.0693],[138.846,36.0666],[138.8429,36.056],[138.8376,36.05],[138.8346,36.0502],[138.8321,36.0476],[138.8284,36.0373],[138.8158,36.0354],[138.8136,36.0335],[138.8026,36.0335],[138.791,36.0294],[138.7879,36.0305],[138.7867,36.0331],[138.7821,36.0341],[138.7806,36.0369],[138.7735,36.0388],[138.7543,36.0344],[138.7529,36.0266],[138.7494,36.0221],[138.7492,36.0167],[138.7448,36.0137],[138.7438,36.0101],[138.7367,36.0065],[138.7374,36.0043],[138.7357,36.0016],[138.7266,35.9948],[138.7168,35.9929],[138.7125,35.9853],[138.7114,35.9719],[138.7142,35.9655],[138.7195,35.9629],[138.721,35.9591],[138.7268,35.9567],[138.7305,35.9503],[138.7311,35.9451],[138.7393,35.9391],[138.7374,35.9363],[138.7392,35.9333],[138.7376,35.9273],[138.7323,35.9195],[138.7281,35.9178],[138.7307,35.9149],[138.729,35.9093],[138.7344,35.904],[138.7389,35.9059],[138.7491,35.9016],[138.7577,35.9026],[138.7657,35.8991],[138.7711,35.9006],[138.7793,35.8999],[138.7906,35.8919],[138.7928,35.8819],[138.792,35.8755],[138.8019,35.8704],[138.8084,35.8699],[138.8136,35.8624],[138.8195,35.8654],[138.8278,35.8658],[138.8305,35.8647],[138.8307,35.863],[138.8341,35.8623],[138.8452,35.8674],[138.8559,35.8651],[138.8589,35.8575],[138.8651,35.8592],[138.8694,35.8572],[138.8777,35.8479],[138.8856,35.8471],[138.8922,35.8398],[138.8983,35.8462],[138.9109,35.8527],[138.9266,35.8489],[138.9428,35.8538],[138.9439,35.8551],[138.9429,35.8602],[138.9466,35.8645],[138.9451,35.8679],[138.9497,35.8692],[138.9545,35.8749],[138.9652,35.8778],[138.9678,35.8822],[138.973,35.8821],[138.9789,35.885],[138.9856,35.8812],[138.9959,35.8844],[139.0009,35.884],[139.0057,35.8882],[139.0068,35.8936],[139.0103,35.8972],[139.0184,35.8984],[139.024,35.8973],[139.0429,35.8856],[139.0498,35.8788],[139.058,35.8774],[139.0616,35.8736],[139.0722,35.8716],[139.0761,35.8748],[139.08,35.8753],[139.0914,35.869],[139.0991,35.8687],[139.1014,35.8657],[139.1193,35.8643],[139.1354,35.8654],[139.1475,35.8627],[139.1594,35.8571],[139.1632,35.851],[139.1744,35.8483],[139.1818,35.8438],[139.1924,35.8403],[139.2031,35.8412],[139.2063,35.8459],[139.2126,35.8466],[139.2202,35.8413],[139.2313,35.8366],[139.239,35.8405],[139.2412,35.84],[139.2428,35.8366],[139.2523,35.8382],[139.2604,35.836],[139.2739,35.8396]],[[139.5666,35.7634],[139.5667,35.7634],[139.5667,35.7635],[139.5668,35.7635],[139.5668,35.7635],[139.5671,35.7636],[139.5672,35.7636],[139.5673,35.7635],[139.5673,35.7634],[139.5671,35.7633],[139.5668,35.7632],[139.5666,35.7634]]]]},"properties":{"zone":9,"name":"埼玉県"}},{"type":"Feature","geometry":{"type":"MultiPolygon","coordinates":[[[[140.5217,35.0199],[140.5515,35.0409],[140.5824,35.0704],[140.5954,35.0867],[140.6105,35.1094],[140.6268,35.1417],[140.6468,35.2047],[140.6492,35.2186],[140.6518,35.255],[140.6571,35.2752],[140.66,35.3028],[140.6594,35.3231],[140.6551,35.3504],[140.6493,35.3703],[140.6411,35.3896],[140.6454,35.4009],[140.6681,35.4245],[140.6865,35.4505],[140.7329,35.4857],[140.7694,35.4885],[140.8053,35.4956],[140.8476,35.4899],[140.8923,35.4903],[140.9271,35.4953],[140.9716,35.508],[141.0041,35.5227],[141.0334,35.541],[141.0591,35.5627],[141.0737,35.5789],[141.0863,35.596],[141.0967,35.6142],[141.1068,35.6363],[141.1165,35.6664],[141.1234,35.6962],[141.1249,35.7189],[141.122,35.7485],[141.1141,35.7765],[141.0913,35.8231],[141.0794,35.8426],[141.0599,35.8664],[141.0429,35.8825],[141.0171,35.9017],[140.9961,35.9138],[140.9511,35.8779],[140.9249,35.8539],[140.8945,35.8235],[140.8712,35.7971],[140.8542,35.7574],[140.8522,35.7502],[140.8533,35.7466],[140.8508,35.7422],[140.8402,35.7392],[140.82,35.7397],[140.8056,35.7468],[140.7391,35.7873],[140.7259,35.8008],[140.7172,35.8228],[140.7066,35.8363],[140.6835,35.8491],[140.6307,35.8591],[140.6283,35.8656],[140.6194,35.8764],[140.6123,35.8907],[140.608,35.8958],[140.5985,35.9034],[140.5882,35.9062],[140.5875,35.9073],[140.5895,35.9082],[140.5879,35.9105],[140.5852,35.9092],[140.5804,35.9173],[140.5726,35.9212],[140.5737,35.9219],[140.5706,35.9241],[140.5349,35.94],[140.5244,35.9499],[140.5112,35.9587],[140.4997,35.9444],[140.4955,35.9312],[140.4938,35.9303],[140.4898,35.932],[140.4872,35.9286],[140.4908,35.915],[140.5028,35.9055],[140.4838,35.91],[140.4709,35.9199],[140.4584,35.9265],[140.4485,35.915],[140.4359,35.9121],[140.4248,35.9072],[140.4179,35.9064],[140.4076,35.9092],[140.3983,35.9093],[140.3616,35.8986],[140.3531,35.8919],[140.3484,35.8832],[140.335,35.8724],[140.3194,35.8646],[140.3041,35.8653],[140.2861,35.8729],[140.2783,35.874],[140.2669,35.87],[140.2415,35.8546],[140.2304,35.8545],[140.2144,35.8619],[140.2054,35.8613],[140.1866,35.8518],[140.1659,35.8449],[140.1522,35.843],[140.1465,35.8457],[140.1334,35.8599],[140.1276,35.8704],[140.1246,35.8725],[140.1117,35.876],[140.0928,35.8839],[140.0875,35.8839],[140.0783,35.8778],[140.0737,35.8767],[140.0666,35.8809],[140.0611,35.8881],[140.0437,35.8934],[140.0284,35.9022],[140.0209,35.9092],[140.0132,35.9111],[139.9943,35.9098],[139.9858,35.9148],[139.9763,35.9234],[139.9648,35.927],[139.9509,35.9365],[139.938,35.941],[139.9316,35.9508],[139.9382,35.962],[139.9349,35.9683],[139.9129,35.9714],[139.8978,35.9783],[139.886,35.9872],[139.8823,35.9915],[139.8784,36.0073],[139.876,36.011],[139.8576,36.029],[139.8409,36.0381],[139.813,36.0631],[139.8089,36.069],[139.8038,36.0869],[139.799,36.0949],[139.7868,36.1041],[139.779,36.0994],[139.7764,36.0965],[139.776,36.0918],[139.7828,36.0702],[139.7914,36.0581],[139.8014,36.0494],[139.8046,36.0446],[139.8147,36.0377],[139.8173,36.0325],[139.8174,36.0301],[139.8134,36.0234],[139.817,36.0032],[139.8142,35.9973],[139.8266,35.9834],[139.8257,35.9728],[139.8339,35.9683],[139.835,35.9602],[139.8378,35.9539],[139.8477,35.9396],[139.8609,35.9325],[139.866,35.9276],[139.8712,35.9167],[139.887,35.897],[139.893,35.8854],[139.8945,35.8775],[139.9001,35.8642],[139.8958,35.8528],[139.8897,35.843],[139.888,35.8243],[139.8917,35.8183],[139.8888,35.8071],[139.8908,35.7998],[139.8883,35.7946],[139.8945,35.7803],[139.892,35.7774],[139.8817,35.7729],[139.8794,35.768],[139.884,35.7574],[139.8914,35.7493],[139.8994,35.7444],[139.901,35.7385],[139.8976,35.7306],[139.8977,35.725],[139.9048,35.7189],[139.9081,35.7139],[139.9162,35.708],[139.9187,35.6977],[139.9072,35.6844],[139.892,35.6816],[139.8864,35.6786],[139.8855,35.6728],[139.8874,35.6679],[139.8869,35.6537],[139.8835,35.6451],[139.8738,35.6398],[139.8697,35.633],[139.8691,35.622],[139.8578,35.6018],[139.8578,35.4817],[139.8059,35.4307],[139.8026,35.4303],[139.7769,35.4114],[139.7679,35.3891],[139.7583,35.3753],[139.7459,35.3681],[139.7142,35.354],[139.71,35.348],[139.7028,35.3215],[139.7048,35.3155],[139.7159,35.3019],[139.7591,35.2967],[139.773,35.2858],[139.7792,35.278],[139.7958,35.2656],[139.8018,35.2431],[139.7847,35.2242],[139.779,35.2055],[139.7665,35.1802],[139.7493,35.1581],[139.7505,35.136],[139.7373,35.0988],[139.6935,35.0509],[139.6775,35.0451],[139.5926,34.9997],[139.5185,34.9572],[139.5753,34.8872],[139.6327,34.8224],[139.6518,34.8031],[139.6975,34.73],[139.7848,34.6168],[139.9663,34.7061],[140.0402,34.7289],[140.0685,34.7417],[140.0878,34.7531],[140.1057,34.766],[140.1228,34.7809],[140.1639,34.8246],[140.1799,34.8459],[140.1925,34.8675],[140.1991,34.8821],[140.2202,34.8937],[140.242,34.9039],[140.2621,34.9158],[140.2952,34.9219],[140.3348,34.9336],[140.391,34.9451],[140.4261,34.9566],[140.4484,34.9665],[140.4791,34.9838],[140.5062,35.0044],[140.5217,35.0199]]]]},"properties":{"zone":9,"name":"千葉県"}},{"type":"Feature","geometry":{"type":"MultiPolygon","coordinates":[[[[139.5001,36.2761],[139.4924,36.2738],[139.4904,36.2758],[139.4877,36.2759],[139.4809,36.2713],[139.4756,36.2733],[139.4756,36.2756],[139.4738,36.2763],[139.4715,36.2757],[139.4721,36.2708],[139.4639,36.2715],[139.4585,36.2768],[139.463,36.2794],[139.4685,36.2792],[139.4608,36.2851],[139.4609,36.2872],[139.4571,36.2892],[139.4436,36.2884],[139.4435,36.2937],[139.4392,36.2966],[139.4365,36.2962],[139.4357,36.292],[139.4305,36.2956],[139.4314,36.3012],[139.4267,36.304],[139.4292,36.3062],[139.4232,36.3079],[139.4157,36.3159],[139.4175,36.3169],[139.4154,36.318],[139.4157,36.3197],[139.4182,36.3214],[139.4158,36.3225],[139.4157,36.3259],[139.419,36.3271],[139.4217,36.3225],[139.4232,36.3253],[139.4241,36.3237],[139.4266,36.3244],[139.4267,36.3269],[139.4228,36.3323],[139.4179,36.3366],[139.3935,36.3478],[139.388,36.355],[139.3781,36.36],[139.3686,36.3673],[139.3664,36.3705],[139.3682,36.3725],[139.3664,36.3792],[139.361,36.3838],[139.368,36.3925],[139.3698,36.3976],[139.3755,36.4003],[139.3754,36.4058],[139.3785,36.4144],[139.3822,36.4184],[139.385,36.4193],[139.3863,36.4221],[139.3918,36.4244],[139.3923,36.4283],[139.395,36.4309],[139.3945,36.4344],[139.4025,36.4368],[139.405,36.445],[139.412,36.45],[139.412,36.4547],[139.4082,36.458],[139.4111,36.4584],[139.4147,36.4619],[139.418,36.4606],[139.4206,36.457],[139.4259,36.4593],[139.4312,36.4576],[139.4312,36.4604],[139.4296,36.4615],[139.4365,36.466],[139.438,36.4749],[139.431,36.4715],[139.4297,36.4819],[139.4259,36.4846],[139.4281,36.4904],[139.4217,36.4904],[139.4226,36.4937],[139.4179,36.4947],[139.419,36.5023],[139.424,36.5063],[139.4217,36.509],[139.4277,36.5106],[139.4303,36.5132],[139.4328,36.519],[139.4347,36.5196],[139.4347,36.5222],[139.4399,36.5254],[139.4428,36.5316],[139.4345,36.5336],[139.4378,36.536],[139.4362,36.539],[139.4379,36.5405],[139.4369,36.5422],[139.439,36.5507],[139.4435,36.5526],[139.4522,36.5496],[139.4571,36.5532],[139.4608,36.5532],[139.4654,36.5634],[139.4699,36.5657],[139.4725,36.5652],[139.4741,36.5669],[139.4739,36.5731],[139.4825,36.578],[139.4835,36.5819],[139.4738,36.5905],[139.4747,36.5946],[139.471,36.6011],[139.4714,36.6029],[139.4652,36.6066],[139.4577,36.6063],[139.4528,36.6036],[139.451,36.6065],[139.4454,36.6075],[139.4383,36.6043],[139.4361,36.6017],[139.4278,36.601],[139.4247,36.6035],[139.4174,36.6046],[139.4125,36.6081],[139.4037,36.6088],[139.4065,36.6048],[139.3982,36.602],[139.3867,36.612],[139.3793,36.6131],[139.3714,36.612],[139.3633,36.6143],[139.3592,36.6136],[139.3523,36.6151],[139.3471,36.6196],[139.3457,36.6259],[139.3296,36.6277],[139.3281,36.6337],[139.3305,36.6425],[139.3266,36.6507],[139.3286,36.6526],[139.3267,36.6571],[139.3306,36.6638],[139.3345,36.6657],[139.3349,36.6745],[139.3393,36.6784],[139.3367,36.6822],[139.3393,36.6853],[139.3369,36.6924],[139.3487,36.6998],[139.3563,36.7071],[139.356,36.7105],[139.3586,36.7132],[139.3611,36.7135],[139.3597,36.7167],[139.3648,36.7196],[139.3649,36.7231],[139.3669,36.7246],[139.3648,36.7305],[139.3675,36.7345],[139.3681,36.7418],[139.3725,36.7463],[139.3622,36.7479],[139.3559,36.7506],[139.3545,36.7533],[139.3553,36.7602],[139.3508,36.7635],[139.3545,36.7693],[139.353,36.7736],[139.3599,36.7752],[139.3624,36.7808],[139.3675,36.7838],[139.3699,36.7829],[139.375,36.7848],[139.3768,36.7879],[139.3756,36.7909],[139.378,36.7921],[139.3756,36.8003],[139.3783,36.8031],[139.3776,36.8043],[139.3886,36.8053],[139.3937,36.8097],[139.391,36.8142],[139.3938,36.8179],[139.4017,36.8217],[139.4067,36.827],[139.4053,36.8308],[139.3985,36.8343],[139.3927,36.8344],[139.3909,36.8327],[139.3865,36.8357],[139.3767,36.8388],[139.3744,36.838],[139.3663,36.8412],[139.3638,36.8473],[139.3528,36.849],[139.3485,36.8527],[139.3557,36.8585],[139.3551,36.8617],[139.3577,36.8655],[139.3582,36.8722],[139.3561,36.8778],[139.3581,36.8778],[139.3609,36.8742],[139.3624,36.8775],[139.3702,36.8782],[139.3686,36.8799],[139.3721,36.8833],[139.3702,36.8882],[139.3737,36.8938],[139.3794,36.898],[139.3939,36.9033],[139.3955,36.9071],[139.3933,36.9108],[139.3833,36.9114],[139.3814,36.914],[139.3731,36.9184],[139.3568,36.9168],[139.3493,36.9131],[139.35,36.9184],[139.3424,36.9275],[139.3385,36.9276],[139.3332,36.9246],[139.3122,36.9269],[139.3044,36.9258],[139.2944,36.9347],[139.2862,36.9342],[139.2817,36.9311],[139.2722,36.9355],[139.2661,36.9412],[139.2549,36.9324],[139.2407,36.9294],[139.2389,36.9342],[139.235,36.9341],[139.235,36.9374],[139.2314,36.9378],[139.231,36.9367],[139.2298,36.9383],[139.23,36.9402],[139.2327,36.941],[139.2379,36.9466],[139.229,36.961],[139.2251,36.962],[139.2189,36.9608],[139.2142,36.957],[139.206,36.9559],[139.2019,36.9584],[139.1981,36.9578],[139.1935,36.961],[139.1867,36.9599],[139.1827,36.9617],[139.1752,36.9733],[139.1772,36.9854],[139.1796,36.9904],[139.174,36.9959],[139.171,37.002],[139.1621,37.0041],[139.1507,37.0093],[139.1432,37.0213],[139.1319,37.0257],[139.1278,37.0385],[139.1245,37.0409],[139.125,37.0448],[139.1229,37.0471],[139.1154,37.0475],[139.1113,37.0552],[139.097,37.0586],[139.0946,37.0562],[139.0904,37.0449],[139.0915,37.0395],[139.0887,37.0309],[139.0911,37.0197],[139.0814,37.0115],[139.0807,37.0087],[139.0735,37.0085],[139.072,37.0065],[139.0656,37.0049],[139.0608,37.0006],[139.0542,36.9983],[139.0501,36.9949],[139.0474,36.9873],[139.0306,36.9836],[139.0155,36.9883],[139.0003,36.9791],[138.9708,36.9814],[138.9665,36.9791],[138.9678,36.9737],[138.9654,36.9674],[138.9661,36.9573],[138.9638,36.9514],[138.9666,36.9312],[138.9767,36.9208],[138.9772,36.9179],[138.975,36.9164],[138.9744,36.913],[138.9796,36.9051],[138.9792,36.8912],[138.9715,36.8872],[138.967,36.891],[138.9547,36.8953],[138.9495,36.893],[138.9406,36.8952],[138.9323,36.8935],[138.9305,36.887],[138.9231,36.8836],[138.922,36.8785],[138.9171,36.871],[138.9216,36.8654],[138.9221,36.861],[138.9179,36.8568],[138.916,36.8508],[138.917,36.8489],[138.925,36.8465],[138.9299,36.8373],[138.929,36.8326],[138.9073,36.8277],[138.8819,36.8258],[138.8795,36.825],[138.8756,36.8186],[138.8646,36.8163],[138.8564,36.8116],[138.8509,36.812],[138.8396,36.8172],[138.836,36.8153],[138.8302,36.8177],[138.8217,36.8176],[138.822,36.8114],[138.8263,36.8051],[138.8267,36.7999],[138.8291,36.7954],[138.8318,36.7939],[138.829,36.7916],[138.829,36.782],[138.825,36.7758],[138.8269,36.7723],[138.8213,36.7641],[138.8178,36.7616],[138.8101,36.7651],[138.8017,36.7623],[138.7949,36.7576],[138.7926,36.7524],[138.7927,36.7479],[138.7894,36.7449],[138.7853,36.7449],[138.7824,36.7473],[138.778,36.7477],[138.7673,36.7465],[138.7649,36.7491],[138.7616,36.7489],[138.758,36.7508],[138.7482,36.7578],[138.7406,36.7593],[138.7354,36.7628],[138.7295,36.7624],[138.727,36.7642],[138.7214,36.7592],[138.7219,36.7497],[138.7185,36.7462],[138.7158,36.7458],[138.7124,36.7388],[138.7053,36.7366],[138.6959,36.7385],[138.6847,36.7364],[138.6762,36.7306],[138.6685,36.7309],[138.6657,36.7287],[138.663,36.7296],[138.6564,36.7285],[138.6555,36.7271],[138.6489,36.7271],[138.645,36.7244],[138.6303,36.7195],[138.6277,36.7209],[138.6226,36.7205],[138.6173,36.7144],[138.6171,36.7113],[138.6109,36.7064],[138.6059,36.7076],[138.5999,36.7141],[138.5957,36.7145],[138.5926,36.7089],[138.5898,36.7078],[138.5841,36.7012],[138.5748,36.7072],[138.5713,36.7055],[138.5624,36.7057],[138.5598,36.707],[138.553,36.7046],[138.5436,36.7038],[138.5388,36.7005],[138.5371,36.6971],[138.5308,36.6977],[138.5143,36.6908],[138.5199,36.6892],[138.5183,36.6762],[138.5261,36.6687],[138.5346,36.6656],[138.5292,36.658],[138.5294,36.6553],[138.5241,36.6504],[138.5151,36.6491],[138.5117,36.6467],[138.508,36.6483],[138.502,36.6446],[138.4901,36.6412],[138.4812,36.6452],[138.4731,36.644],[138.4671,36.6372],[138.4633,36.637],[138.4582,36.6337],[138.4581,36.6295],[138.4606,36.6265],[138.455,36.6139],[138.4503,36.6107],[138.4416,36.6107],[138.4389,36.6056],[138.4413,36.5997],[138.4356,36.6003],[138.4287,36.5977],[138.4263,36.5935],[138.4268,36.5871],[138.4244,36.5818],[138.4208,36.5785],[138.4203,36.5745],[138.4284,36.5687],[138.4287,36.5636],[138.4262,36.5604],[138.4288,36.5562],[138.4181,36.5433],[138.4119,36.5407],[138.4139,36.5321],[138.4117,36.5273],[138.4041,36.5217],[138.4028,36.5161],[138.406,36.5074],[138.4017,36.5014],[138.3971,36.4905],[138.3982,36.4869],[138.3973,36.4841],[138.4008,36.4812],[138.3996,36.4732],[138.4033,36.4669],[138.4005,36.4634],[138.401,36.4564],[138.3987,36.4532],[138.4035,36.452],[138.4009,36.4459],[138.4012,36.4342],[138.4153,36.4316],[138.4206,36.4286],[138.4418,36.4226],[138.447,36.4193],[138.4516,36.4212],[138.457,36.4202],[138.4582,36.4171],[138.457,36.4125],[138.4612,36.4077],[138.4596,36.4048],[138.4779,36.4045],[138.489,36.4009],[138.4888,36.4087],[138.4918,36.4131],[138.5047,36.4149],[138.5173,36.4075],[138.5293,36.403],[138.5389,36.4025],[138.5438,36.4053],[138.5496,36.4133],[138.555,36.4178],[138.5645,36.4202],[138.5731,36.4192],[138.5838,36.4225],[138.5869,36.4204],[138.5924,36.4244],[138.5997,36.4241],[138.6038,36.422],[138.613,36.4226],[138.6187,36.4205],[138.6212,36.4165],[138.6251,36.4157],[138.6328,36.418],[138.6371,36.4172],[138.6478,36.4093],[138.6485,36.3998],[138.6522,36.3954],[138.6522,36.3854],[138.6496,36.3792],[138.6515,36.373],[138.6572,36.3689],[138.6522,36.3624],[138.6522,36.3592],[138.654,36.3571],[138.6501,36.3525],[138.6513,36.3496],[138.6496,36.3384],[138.6512,36.3353],[138.6505,36.3323],[138.6532,36.33],[138.6515,36.3272],[138.6533,36.3243],[138.6478,36.3156],[138.6512,36.308],[138.6537,36.3072],[138.6535,36.3031],[138.6501,36.3015],[138.6511,36.299],[138.6463,36.2975],[138.6445,36.2933],[138.6375,36.2935],[138.6309,36.2885],[138.6125,36.2857],[138.6112,36.2821],[138.6072,36.2796],[138.6003,36.2784],[138.6036,36.2749],[138.6038,36.2696],[138.6059,36.2668],[138.6037,36.2628],[138.6048,36.2541],[138.6021,36.2491],[138.6102,36.244],[138.6125,36.2409],[138.6118,36.2295],[138.6146,36.228],[138.6147,36.2242],[138.6222,36.2146],[138.6314,36.2173],[138.6347,36.2137],[138.6344,36.2087],[138.6367,36.2043],[138.6348,36.2056],[138.6304,36.2035],[138.6228,36.1969],[138.6272,36.1916],[138.6295,36.1833],[138.6359,36.1773],[138.6371,36.1749],[138.6363,36.1721],[138.6359,36.1709],[138.6309,36.1728],[138.6132,36.1687],[138.6084,36.1654],[138.6095,36.1614],[138.6028,36.1648],[138.5945,36.1656],[138.5883,36.1726],[138.5906,36.1779],[138.5883,36.179],[138.5873,36.1769],[138.5842,36.1772],[138.5834,36.1788],[138.5813,36.1774],[138.5773,36.1681],[138.5802,36.1666],[138.5807,36.1619],[138.5839,36.1603],[138.5876,36.1608],[138.5906,36.1548],[138.5932,36.1532],[138.5932,36.1503],[138.5955,36.1465],[138.5943,36.1442],[138.6008,36.1355],[138.6072,36.1361],[138.6123,36.1334],[138.6206,36.134],[138.6225,36.1319],[138.6343,36.1339],[138.6376,36.1279],[138.6376,36.1238],[138.6454,36.1202],[138.6402,36.1172],[138.6426,36.114],[138.6423,36.112],[138.6462,36.1099],[138.6476,36.1066],[138.645,36.1034],[138.6452,36.0988],[138.6387,36.0962],[138.6373,36.0971],[138.6351,36.0926],[138.6305,36.0912],[138.6303,36.0864],[138.6325,36.0843],[138.6329,36.08],[138.6403,36.0749],[138.6406,36.0708],[138.6428,36.0687],[138.6418,36.0595],[138.6442,36.0497],[138.6387,36.0426],[138.632,36.0271],[138.6361,36.0277],[138.6419,36.0258],[138.6451,36.024],[138.646,36.0199],[138.6613,36.0164],[138.662,36.0115],[138.6796,36.0117],[138.6809,36.0107],[138.6799,36.0091],[138.6811,36.0043],[138.6872,35.9998],[138.6864,35.9949],[138.6887,35.9918],[138.697,35.9912],[138.7012,35.988],[138.7125,35.9853],[138.7168,35.9929],[138.7266,35.9948],[138.7357,36.0016],[138.7374,36.0043],[138.7367,36.0065],[138.7438,36.0101],[138.7448,36.0137],[138.7492,36.0167],[138.7494,36.0221],[138.7529,36.0266],[138.7544,36.0345],[138.7735,36.0388],[138.7806,36.0369],[138.7821,36.0341],[138.7867,36.0331],[138.7879,36.0305],[138.791,36.0294],[138.8026,36.0335],[138.8136,36.0335],[138.8158,36.0354],[138.8284,36.0373],[138.8321,36.0476],[138.8346,36.0502],[138.8376,36.05],[138.8429,36.056],[138.846,36.0666],[138.8508,36.0693],[138.8547,36.0685],[138.8592,36.0699],[138.8648,36.0773],[138.8778,36.0826],[138.8867,36.0842],[138.8915,36.0876],[138.8948,36.0875],[138.8979,36.0907],[138.9078,36.0921],[138.9107,36.0908],[138.9163,36.0938],[138.9315,36.0881],[138.9381,36.0929],[138.9451,36.0946],[138.9503,36.0994],[138.9511,36.1027],[138.9579,36.1076],[138.9561,36.1123],[138.9588,36.1205],[138.9585,36.1244],[138.9647,36.126],[138.9699,36.1246],[138.9772,36.1167],[138.9853,36.1155],[138.9893,36.1179],[138.9934,36.1249],[139.0019,36.1255],[139.0063,36.1291],[139.0042,36.1337],[139.0108,36.1321],[139.0148,36.1337],[139.0199,36.131],[139.0246,36.134],[139.0265,36.1329],[139.0257,36.1301],[139.0287,36.1298],[139.0319,36.1272],[139.0364,36.1262],[139.0418,36.1279],[139.0432,36.1312],[139.0411,36.1346],[139.0409,36.1396],[139.0429,36.1484],[139.0463,36.1487],[139.0481,36.1527],[139.0623,36.1528],[139.0613,36.1556],[139.0638,36.1592],[139.0618,36.1629],[139.0581,36.1649],[139.0595,36.1662],[139.0576,36.1699],[139.0564,36.1828],[139.0645,36.187],[139.0634,36.1963],[139.0807,36.2136],[139.0908,36.2311],[139.1075,36.2526],[139.1112,36.2585],[139.1078,36.2617],[139.1183,36.2692],[139.1269,36.2784],[139.1294,36.2833],[139.1357,36.2784],[139.1585,36.2778],[139.1639,36.2789],[139.1719,36.2734],[139.1954,36.2632],[139.2052,36.2631],[139.2109,36.2615],[139.2116,36.2562],[139.224,36.2583],[139.2353,36.2476],[139.2441,36.2444],[139.2544,36.246],[139.2618,36.2429],[139.267,36.2427],[139.267,36.2506],[139.2985,36.2431],[139.2976,36.2415],[139.3068,36.2375],[139.3209,36.2358],[139.328,36.2368],[139.3279,36.2405],[139.3331,36.2428],[139.3402,36.2438],[139.3398,36.246],[139.3452,36.2479],[139.3475,36.2536],[139.3514,36.2539],[139.3538,36.2513],[139.3598,36.2533],[139.3695,36.2461],[139.3791,36.2432],[139.3815,36.2376],[139.3904,36.2318],[139.3934,36.2276],[139.4084,36.2224],[139.4181,36.2171],[139.4203,36.2104],[139.4288,36.2086],[139.4426,36.1978],[139.4543,36.1914],[139.4643,36.1892],[139.4941,36.1909],[139.5028,36.1936],[139.5201,36.1913],[139.5296,36.1917],[139.5542,36.2007],[139.5719,36.2037],[139.5874,36.2104],[139.6011,36.2055],[139.6151,36.192],[139.6249,36.1866],[139.6263,36.1932],[139.629,36.1954],[139.6377,36.1974],[139.6485,36.1962],[139.6513,36.1978],[139.6495,36.2049],[139.6498,36.2114],[139.662,36.2146],[139.6644,36.2115],[139.661,36.2084],[139.6626,36.2071],[139.6698,36.213],[139.6696,36.2151],[139.6671,36.2167],[139.6654,36.2234],[139.659,36.2212],[139.6613,36.2247],[139.6596,36.2285],[139.6631,36.2306],[139.658,36.23],[139.6592,36.2314],[139.6541,36.2316],[139.6554,36.2339],[139.6535,36.237],[139.6506,36.2391],[139.6485,36.2379],[139.6455,36.2405],[139.6415,36.2355],[139.6421,36.242],[139.6342,36.2528],[139.6307,36.2548],[139.6365,36.2619],[139.6422,36.2641],[139.643,36.2661],[139.6417,36.267],[139.6369,36.264],[139.6325,36.2712],[139.6251,36.2715],[139.619,36.2744],[139.6086,36.2681],[139.5846,36.2692],[139.5768,36.2668],[139.5703,36.268],[139.5623,36.2669],[139.5536,36.2738],[139.5559,36.2766],[139.5533,36.2795],[139.5501,36.2783],[139.5486,36.2808],[139.544,36.2758],[139.5398,36.2771],[139.5392,36.2808],[139.5365,36.2818],[139.5346,36.279],[139.526,36.2847],[139.5205,36.2809],[139.5151,36.2811],[139.5128,36.2783],[139.5032,36.2811],[139.5001,36.2761]],[[139.2622,36.2455],[139.2637,36.2437],[139.2616,36.2442],[139.2622,36.2455]]]]},"properties":{"zone":9,"name":"群馬県"}},{"type":"Feature","geometry":{"type":"MultiPolygon","coordinates":[[[[139.4763,35.613],[139.4754,35.6199],[139.4684,35.6202],[139.4664,35.6211],[139.4656,35.6237],[139.4625,35.6248],[139.457,35.619],[139.4529,35.6182],[139.4489,35.6117],[139.4531,35.6075],[139.4534,35.6043],[139.4584,35.6078],[139.4662,35.6097],[139.4667,35.6068],[139.4716,35.6012],[139.4778,35.599],[139.4795,35.595],[139.4795,35.596],[139.4804,35.5946],[139.4836,35.595],[139.4833,35.5931],[139.4849,35.5942],[139.4837,35.5929],[139.4868,35.5918],[139.4868,35.5904],[139.4936,35.5891],[139.4938,35.5826],[139.499,35.5812],[139.5022,35.5767],[139.5054,35.5745],[139.5074,35.5756],[139.5074,35.574],[139.5066,35.5717],[139.5006,35.5704],[139.5008,35.5685],[139.4979,35.5678],[139.4963,35.5646],[139.4896,35.5616],[139.4861,35.569],[139.4828,35.5714],[139.4856,35.5781],[139.4883,35.5784],[139.4903,35.5848],[139.4854,35.5848],[139.4826,35.5817],[139.4754,35.5809],[139.4733,35.5738],[139.4695,35.5696],[139.4681,35.563],[139.4703,35.5603],[139.4748,35.5598],[139.4766,35.5628],[139.482,35.5556],[139.4826,35.5484],[139.4802,35.5431],[139.4816,35.5399],[139.4848,35.538],[139.4839,35.5361],[139.4871,35.5357],[139.4855,35.5315],[139.4878,35.5279],[139.4863,35.5266],[139.4876,35.5248],[139.4847,35.5192],[139.4831,35.519],[139.4771,35.5112],[139.4811,35.5061],[139.486,35.5038],[139.4765,35.5013],[139.4694,35.5019],[139.4677,35.5024],[139.4683,35.5062],[139.4648,35.5109],[139.4633,35.5178],[139.4547,35.5216],[139.4584,35.5281],[139.4485,35.5352],[139.4453,35.5419],[139.4404,35.5431],[139.4359,35.5469],[139.4334,35.5463],[139.4274,35.551],[139.4279,35.5525],[139.4228,35.5594],[139.4183,35.5621],[139.4163,35.5617],[139.4164,35.5637],[139.4125,35.5664],[139.4092,35.5753],[139.4016,35.577],[139.3994,35.5847],[139.3961,35.5839],[139.3942,35.5859],[139.3903,35.5852],[139.3886,35.5884],[139.3844,35.5876],[139.383,35.59],[139.379,35.59],[139.3735,35.5949],[139.3702,35.5945],[139.3627,35.5992],[139.3579,35.5987],[139.3442,35.6026],[139.34,35.6054],[139.3303,35.6031],[139.3208,35.6065],[139.3147,35.6055],[139.3143,35.6043],[139.3039,35.6046],[139.2992,35.6063],[139.2961,35.6102],[139.2854,35.6133],[139.2683,35.6092],[139.266,35.6079],[139.2648,35.6025],[139.2577,35.6042],[139.2519,35.6019],[139.2472,35.6051],[139.2386,35.607],[139.2378,35.6098],[139.2299,35.6146],[139.2297,35.619],[139.2259,35.6235],[139.2196,35.6259],[139.2214,35.6295],[139.2154,35.6371],[139.2155,35.6461],[139.2115,35.6491],[139.2073,35.6497],[139.2021,35.653],[139.1983,35.653],[139.194,35.6518],[139.1898,35.6465],[139.1791,35.6456],[139.1749,35.6499],[139.167,35.6511],[139.1684,35.6586],[139.165,35.6653],[139.1616,35.6679],[139.1536,35.666],[139.1472,35.6668],[139.1367,35.6724],[139.1323,35.6725],[139.13,35.6676],[139.127,35.667],[139.1198,35.6604],[139.1197,35.6566],[139.1172,35.6545],[139.1276,35.6411],[139.1233,35.6328],[139.1244,35.6322],[139.1235,35.624],[139.1262,35.6233],[139.1255,35.622],[139.1303,35.6191],[139.13,35.6176],[139.1325,35.6182],[139.1344,35.6165],[139.1278,35.6129],[139.1331,35.6067],[139.1293,35.5946],[139.1246,35.5926],[139.1214,35.587],[139.1222,35.5841],[139.1257,35.5835],[139.1241,35.582],[139.1277,35.5811],[139.127,35.5717],[139.1299,35.5664],[139.1284,35.5626],[139.1225,35.5569],[139.1155,35.5539],[139.112,35.5498],[139.1134,35.5478],[139.1117,35.5449],[139.1119,35.5401],[139.114,35.5387],[139.1122,35.5352],[139.1102,35.5346],[139.1101,35.5323],[139.1069,35.5325],[139.1041,35.5269],[139.091,35.5192],[139.0858,35.5121],[139.0803,35.5127],[139.0747,35.51],[139.0687,35.511],[139.0601,35.5075],[139.0532,35.5089],[139.0514,35.5106],[139.0461,35.5097],[139.0437,35.4989],[139.0373,35.4911],[139.0306,35.4887],[139.0279,35.4845],[139.0275,35.481],[139.0237,35.481],[139.0209,35.4788],[139.0146,35.4798],[139.0079,35.4745],[138.9986,35.4751],[138.9957,35.4737],[138.9888,35.4736],[138.9788,35.4637],[138.9765,35.4662],[138.9735,35.4665],[138.9692,35.4635],[138.9587,35.4621],[138.9406,35.4496],[138.9374,35.4489],[138.9374,35.447],[138.9274,35.4376],[138.9279,35.4352],[138.9262,35.4324],[138.9306,35.4263],[138.9302,35.4209],[138.9267,35.42],[138.9251,35.4147],[138.9181,35.4113],[138.9158,35.4043],[138.9164,35.4006],[138.9312,35.4011],[138.9433,35.3992],[138.9515,35.4017],[138.9666,35.4019],[138.9691,35.4048],[138.9724,35.4052],[138.9813,35.4043],[138.9841,35.4018],[138.9953,35.4033],[138.9999,35.4017],[139.0018,35.3989],[138.9986,35.384],[139.0059,35.3754],[139.0045,35.3737],[139.0075,35.3644],[139.0068,35.3614],[139.0088,35.359],[139.0134,35.3587],[139.0084,35.3514],[139.0095,35.3484],[139.0084,35.3469],[139.011,35.3436],[139.0106,35.3384],[139.019,35.3291],[139.0165,35.3224],[139.0127,35.3197],[139.0129,35.3175],[139.0096,35.3136],[139.0107,35.3106],[139.0061,35.2985],[139.0068,35.2959],[139.0045,35.2929],[139.0046,35.2899],[138.9962,35.2878],[138.9853,35.2778],[138.9819,35.2701],[138.9755,35.2638],[138.9744,35.2481],[138.9761,35.2417],[138.9787,35.2394],[138.9761,35.2356],[138.9795,35.2332],[138.9791,35.229],[138.9836,35.2228],[138.9822,35.2178],[138.9884,35.2113],[138.9864,35.2054],[138.9877,35.2009],[138.9931,35.1988],[139.0029,35.1879],[139.0093,35.1832],[139.0216,35.182],[139.0217,35.1795],[139.0264,35.1756],[139.0266,35.1722],[139.0291,35.1703],[139.0276,35.1672],[139.0294,35.1648],[139.0263,35.1603],[139.0305,35.1587],[139.0312,35.157],[139.0284,35.1549],[139.029,35.1502],[139.0482,35.1497],[139.0516,35.1471],[139.0593,35.1472],[139.0658,35.1441],[139.0758,35.145],[139.0831,35.1413],[139.0898,35.1402],[139.1109,35.1417],[139.1172,35.137],[139.1293,35.1332],[139.1475,35.0901],[139.1734,35.0901],[139.3858,35.1064],[139.4208,34.9985],[139.4683,34.9761],[139.5185,34.9572],[139.5926,34.9997],[139.6775,35.0451],[139.6935,35.0509],[139.7373,35.0988],[139.7505,35.136],[139.7493,35.1581],[139.7665,35.1802],[139.779,35.2055],[139.7847,35.2242],[139.8018,35.2431],[139.7958,35.2656],[139.7792,35.278],[139.773,35.2858],[139.7591,35.2967],[139.7159,35.3019],[139.7048,35.3155],[139.7028,35.3215],[139.71,35.348],[139.7142,35.354],[139.7459,35.3681],[139.7583,35.3753],[139.7679,35.3891],[139.7769,35.4114],[139.8026,35.4303],[139.8059,35.4307],[139.8578,35.4817],[139.8185,35.5073],[139.8108,35.5146],[139.7568,35.5446],[139.7468,35.5438],[139.7394,35.5451],[139.7337,35.5409],[139.7266,35.5436],[139.7159,35.5377],[139.7057,35.5362],[139.7012,35.5376],[139.6984,35.5405],[139.698,35.5444],[139.7035,35.5494],[139.7037,35.5526],[139.6993,35.5557],[139.69,35.5571],[139.6788,35.563],[139.676,35.5669],[139.6693,35.5847],[139.6661,35.5883],[139.6636,35.5899],[139.6543,35.5906],[139.6311,35.6073],[139.6121,35.6159],[139.6057,35.6156],[139.599,35.6185],[139.5919,35.6176],[139.5836,35.6214],[139.5765,35.6218],[139.5654,35.6277],[139.5664,35.6297],[139.5626,35.6324],[139.5575,35.6342],[139.5496,35.6342],[139.5461,35.6373],[139.5253,35.6428],[139.5234,35.6387],[139.521,35.6374],[139.5236,35.6324],[139.5177,35.6305],[139.5161,35.6259],[139.5106,35.6234],[139.5032,35.6229],[139.4948,35.6166],[139.4952,35.6127],[139.4998,35.6074],[139.4999,35.6053],[139.4895,35.6045],[139.488,35.6077],[139.4833,35.6085],[139.4796,35.6132],[139.4763,35.613]],[[139.5183,35.6297],[139.5183,35.6294],[139.5182,35.6293],[139.518,35.6294],[139.5179,35.6294],[139.5175,35.6296],[139.5174,35.6295],[139.5172,35.6294],[139.5171,35.6294],[139.5171,35.6296],[139.5171,35.6298],[139.5172,35.6297],[139.5172,35.6298],[139.5174,35.6299],[139.518,35.6298],[139.5181,35.6297],[139.5183,35.6297]],[[139.3636,35.5984],[139.3636,35.5985],[139.3638,35.5985],[139.3638,35.5983],[139.3636,35.5984]],[[139.3564,35.599],[139.3564,35.599],[139.3565,35.599],[139.3565,35.5989],[139.3566,35.5987],[139.3566,35.5988],[139.3565,35.5988],[139.3564,35.599]]]]},"properties":{"zone":9,"name":"神奈川県"}},{"type":"Feature","geometry":{"type":"MultiPolygon","coordinates":[[[[139.6514,40.2665],[139.7898,40.295],[139.8844,40.3979],[139.8953,40.4153],[139.9374,40.4287],[139.9521,40.4313],[139.9595,40.4349],[139.9635,40.4328],[139.9641,40.4303],[139.9728,40.4266],[139.9852,40.4279],[139.9937,40.4325],[139.995,40.4351],[139.9974,40.4328],[140.0033,40.4318],[140.0068,40.427],[140.0117,40.4259],[140.0146,40.4221],[140.0194,40.4198],[140.0174,40.427],[140.0221,40.4298],[140.0226,40.4354],[140.0255,40.4368],[140.026,40.4392],[140.0202,40.4466],[140.0206,40.449],[140.0248,40.4531],[140.0301,40.4552],[140.0314,40.4579],[140.0356,40.459],[140.0362,40.4616],[140.0487,40.4601],[140.0541,40.4643],[140.0524,40.4665],[140.0538,40.4678],[140.0686,40.4688],[140.0741,40.4646],[140.0789,40.4669],[140.0835,40.4624],[140.0871,40.4624],[140.0936,40.4589],[140.0995,40.4531],[140.0974,40.4492],[140.0998,40.4456],[140.0992,40.444],[140.1049,40.4409],[140.1078,40.4359],[140.1147,40.4362],[140.1179,40.435],[140.1367,40.4396],[140.1418,40.4378],[140.1472,40.4381],[140.1519,40.435],[140.1624,40.4394],[140.1681,40.4398],[140.1709,40.4381],[140.1742,40.4403],[140.1855,40.4433],[140.1875,40.4396],[140.194,40.4348],[140.2053,40.4365],[140.2092,40.4386],[140.2202,40.4312],[140.2374,40.4371],[140.2454,40.4381],[140.25,40.443],[140.2534,40.4415],[140.2669,40.4407],[140.2793,40.4461],[140.2881,40.4449],[140.291,40.4466],[140.2989,40.4463],[140.302,40.4428],[140.3076,40.4419],[140.308,40.4381],[140.3107,40.4363],[140.3176,40.4397],[140.321,40.4386],[140.3352,40.4394],[140.3407,40.4432],[140.3412,40.45],[140.3439,40.4524],[140.3427,40.4547],[140.3439,40.4565],[140.3434,40.4617],[140.347,40.4616],[140.3478,40.4676],[140.3525,40.4689],[140.3539,40.4723],[140.3599,40.4759],[140.3613,40.4784],[140.3779,40.4765],[140.3813,40.4793],[140.3837,40.4851],[140.387,40.4871],[140.3941,40.485],[140.3966,40.4784],[140.4015,40.4775],[140.4022,40.4749],[140.4087,40.4751],[140.4175,40.48],[140.4274,40.4826],[140.4373,40.4785],[140.4332,40.4699],[140.4335,40.4677],[140.4372,40.4649],[140.4374,40.4556],[140.4403,40.4525],[140.4399,40.4501],[140.4433,40.4504],[140.4488,40.454],[140.4522,40.4534],[140.4594,40.4565],[140.4644,40.4565],[140.4659,40.454],[140.481,40.4516],[140.4843,40.4462],[140.4835,40.4431],[140.4812,40.4418],[140.4981,40.4364],[140.5024,40.4315],[140.5084,40.4286],[140.5138,40.4286],[140.5188,40.4308],[140.5292,40.4308],[140.5308,40.4267],[140.5298,40.4203],[140.5243,40.4197],[140.5251,40.4133],[140.5238,40.4102],[140.5323,40.4112],[140.5359,40.4095],[140.5403,40.4028],[140.5477,40.404],[140.5505,40.4009],[140.5591,40.3971],[140.5656,40.3981],[140.5694,40.4007],[140.5657,40.4035],[140.565,40.4077],[140.5564,40.4148],[140.5532,40.42],[140.5549,40.4225],[140.5577,40.4257],[140.5621,40.4271],[140.5643,40.4257],[140.5738,40.4261],[140.5768,40.4293],[140.5872,40.4293],[140.5897,40.4326],[140.5897,40.4361],[140.5992,40.433],[140.6035,40.4301],[140.604,40.4273],[140.6112,40.4239],[140.6258,40.424],[140.6255,40.4215],[140.633,40.4176],[140.6339,40.411],[140.6363,40.4095],[140.6325,40.404],[140.6342,40.4023],[140.6409,40.4052],[140.6452,40.4031],[140.6615,40.4045],[140.6663,40.4095],[140.666,40.4115],[140.6754,40.4121],[140.6783,40.4154],[140.6847,40.4164],[140.6872,40.4183],[140.6884,40.4217],[140.6864,40.4224],[140.6879,40.4274],[140.6917,40.4269],[140.6992,40.4294],[140.7026,40.4271],[140.7089,40.4279],[140.7098,40.4297],[140.7155,40.4279],[140.7176,40.4258],[140.7175,40.4211],[140.7218,40.4194],[140.723,40.4166],[140.7336,40.4158],[140.7356,40.4194],[140.7342,40.4233],[140.7359,40.4279],[140.7312,40.4311],[140.7355,40.434],[140.7327,40.4359],[140.7341,40.4397],[140.7415,40.4379],[140.7521,40.4388],[140.7568,40.4456],[140.7611,40.4478],[140.7627,40.4513],[140.7694,40.4539],[140.7733,40.4514],[140.7868,40.4572],[140.7893,40.4566],[140.7932,40.4494],[140.8036,40.4487],[140.8077,40.4578],[140.8086,40.4698],[140.8114,40.477],[140.8096,40.4812],[140.8106,40.4871],[140.8147,40.4884],[140.82,40.4953],[140.8269,40.4961],[140.8355,40.5036],[140.842,40.5035],[140.8419,40.5053],[140.845,40.5074],[140.8487,40.5076],[140.8526,40.5052],[140.8775,40.5111],[140.88,40.5102],[140.8781,40.4984],[140.8613,40.4406],[140.8925,40.4233],[140.8968,40.4252],[140.9067,40.4253],[140.9115,40.4233],[140.92,40.4273],[140.9262,40.4213],[140.933,40.4213],[140.9357,40.4231],[140.9375,40.4276],[140.9419,40.4302],[140.9513,40.4263],[140.9631,40.427],[140.9722,40.4309],[140.9851,40.4272],[140.9854,40.4215],[140.9788,40.416],[140.9815,40.4154],[140.9827,40.4135],[140.9814,40.4057],[140.9858,40.4032],[140.9853,40.401],[140.9877,40.3971],[140.9844,40.3884],[140.99,40.3788],[140.9941,40.3764],[140.995,40.3702],[140.9934,40.3675],[140.991,40.367],[140.9924,40.3629],[140.9912,40.3611],[140.9931,40.3608],[140.993,40.3577],[140.9954,40.3534],[140.9928,40.3518],[140.9935,40.3505],[140.9881,40.349],[140.9809,40.3433],[140.9719,40.3437],[140.9722,40.3456],[140.97,40.3466],[140.9683,40.3509],[140.9654,40.3503],[140.9621,40.3471],[140.9682,40.3387],[140.9674,40.3337],[140.9625,40.3282],[140.9626,40.3232],[140.9611,40.3229],[140.9596,40.3255],[140.9573,40.3245],[140.959,40.3195],[140.9571,40.314],[140.9569,40.3047],[140.9539,40.3014],[140.9463,40.2991],[140.944,40.2963],[140.9452,40.2948],[140.9446,40.2881],[140.9524,40.2874],[140.9543,40.2848],[140.9568,40.2847],[140.9576,40.282],[140.9543,40.2798],[140.9528,40.2713],[140.9473,40.2645],[140.9457,40.2581],[140.9493,40.253],[140.9542,40.2506],[140.9554,40.2445],[140.967,40.238],[140.9661,40.2351],[140.9686,40.2329],[140.9686,40.2264],[140.976,40.2258],[140.9759,40.2236],[140.9791,40.2199],[140.991,40.2228],[140.9965,40.2192],[141.0018,40.2206],[141.0057,40.2179],[141.0099,40.219],[141.0158,40.2181],[141.0163,40.2198],[141.026,40.2217],[141.0268,40.2266],[141.0415,40.2342],[141.0419,40.2369],[141.0597,40.2382],[141.0692,40.2488],[141.0764,40.2526],[141.0835,40.2533],[141.0883,40.2518],[141.0943,40.2549],[141.1042,40.2558],[141.1064,40.2592],[141.11,40.2611],[141.0998,40.281],[141.1068,40.2816],[141.1197,40.2899],[141.1344,40.2948],[141.1384,40.3005],[141.1451,40.2996],[141.154,40.3013],[141.161,40.3058],[141.1687,40.3067],[141.1728,40.3101],[141.1891,40.3071],[141.1974,40.3076],[141.2092,40.314],[141.2185,40.3152],[141.2186,40.3181],[141.2262,40.3278],[141.2324,40.3284],[141.2381,40.3342],[141.2447,40.3371],[141.2484,40.341],[141.2601,40.3419],[141.26,40.3463],[141.2624,40.3495],[141.2668,40.3494],[141.2759,40.3443],[141.2795,40.3448],[141.2923,40.3517],[141.2919,40.3579],[141.2959,40.3607],[141.2935,40.3632],[141.2984,40.3658],[141.3104,40.3668],[141.316,40.3726],[141.3204,40.37],[141.3244,40.3699],[141.3251,40.3655],[141.3276,40.3652],[141.3302,40.3618],[141.3339,40.3619],[141.3363,40.3602],[141.3369,40.3517],[141.334,40.3456],[141.3382,40.3425],[141.3469,40.3402],[141.3484,40.3382],[141.3461,40.3357],[141.3509,40.3347],[141.351,40.3311],[141.3701,40.3385],[141.3733,40.3432],[141.3767,40.3411],[141.3766,40.3389],[141.3816,40.3421],[141.3834,40.347],[141.3898,40.353],[141.3891,40.3592],[141.393,40.3605],[141.3939,40.3639],[141.3972,40.3673],[141.4015,40.3664],[141.4071,40.3571],[141.4192,40.3635],[141.4228,40.3633],[141.4236,40.3609],[141.4273,40.3618],[141.4272,40.3647],[141.4294,40.3677],[141.4318,40.3681],[141.4339,40.3737],[141.4377,40.3735],[141.4417,40.3761],[141.4543,40.373],[141.4564,40.3746],[141.463,40.3751],[141.4664,40.3775],[141.48,40.3764],[141.4853,40.372],[141.488,40.3723],[141.4964,40.3674],[141.4968,40.3638],[141.4989,40.3621],[141.5038,40.3638],[141.5075,40.3629],[141.5092,40.3593],[141.5182,40.3518],[141.5271,40.3499],[141.5317,40.3515],[141.536,40.3487],[141.5357,40.3474],[141.539,40.348],[141.5433,40.3514],[141.5455,40.3512],[141.5477,40.3548],[141.556,40.3612],[141.5637,40.3615],[141.5719,40.3659],[141.5724,40.3695],[141.5768,40.3707],[141.5814,40.3739],[141.5811,40.3764],[141.5856,40.3783],[141.5868,40.3807],[141.5828,40.385],[141.5846,40.3896],[141.5811,40.3919],[141.5812,40.3984],[141.5851,40.4011],[141.5869,40.407],[141.5934,40.4092],[141.5951,40.4121],[141.6121,40.4153],[141.6165,40.4203],[141.6313,40.4203],[141.6399,40.4231],[141.6469,40.4282],[141.655,40.4286],[141.66,40.4312],[141.6612,40.4339],[141.6699,40.4373],[141.6748,40.4435],[141.6742,40.4464],[141.6773,40.4493],[141.6854,40.4502],[141.7239,40.4648],[141.7693,40.4846],[141.904,40.5603],[141.858,40.6012],[141.8357,40.6247],[141.7926,40.6595],[141.7645,40.6845],[141.7319,40.7051],[141.6961,40.7218],[141.6812,40.7596],[141.6765,40.7811],[141.6675,40.8258],[141.6614,40.8673],[141.6667,40.8831],[141.6714,40.9071],[141.6717,40.9393],[141.6676,40.9629],[141.6546,40.9972],[141.6503,41.0128],[141.6634,41.0869],[141.6615,41.1421],[141.6584,41.1631],[141.6642,41.184],[141.6679,41.2052],[141.6915,41.2812],[141.7046,41.3009],[141.712,41.315],[141.7283,41.3592],[141.7329,41.3806],[141.7358,41.4061],[141.7357,41.4353],[141.7282,41.4712],[141.7189,41.4982],[141.7053,41.5237],[141.6921,41.5417],[141.671,41.564],[141.646,41.5839],[141.6175,41.601],[140.9345,41.603],[140.9147,41.6061],[140.8995,41.6053],[140.8852,41.6025],[140.8763,41.5994],[140.726,41.5223],[140.3051,41.3042],[139.6034,40.9308],[139.2996,40.6659],[139.2794,40.646],[139.2627,40.6245],[139.2463,40.5939],[139.2371,40.5635],[139.2343,40.528],[139.2382,40.4998],[139.2445,40.4788],[139.3458,40.2185],[139.6091,40.2771],[139.6514,40.2665]]]]},"properties":{"zone":10,"name":"青森県"}},{"type":"Feature","geometry":{"type":"MultiPolygon","coordinates":[[[[139.6179,39.5425],[139.6639,39.4894],[139.7263,39.2707],[139.73,39.2201],[139.7306,39.1884],[139.7139,39.1471],[139.8696,39.1183],[139.906,39.1188],[139.9456,39.1128],[139.948,39.1172],[139.9944,39.1055],[139.9976,39.1158],[140.0078,39.123],[140.0624,39.1335],[140.0616,39.1111],[140.0672,39.0993],[140.0627,39.0926],[140.0758,39.0862],[140.0962,39.0849],[140.1145,39.0784],[140.1168,39.0682],[140.1201,39.068],[140.1276,39.0631],[140.1332,39.0633],[140.1378,39.0656],[140.1384,39.064],[140.1439,39.0614],[140.1436,39.0596],[140.1518,39.0484],[140.1575,39.0491],[140.1622,39.0542],[140.1711,39.051],[140.1751,39.0574],[140.1879,39.0586],[140.1888,39.0615],[140.1938,39.0603],[140.1981,39.0613],[140.2013,39.0595],[140.2018,39.0562],[140.2047,39.0535],[140.2017,39.0472],[140.2036,39.0394],[140.2006,39.0356],[140.2132,39.0326],[140.2175,39.0331],[140.2267,39.0272],[140.2365,39.0275],[140.2454,39.0309],[140.2506,39.0276],[140.2605,39.0352],[140.2662,39.0313],[140.2709,39.0325],[140.2866,39.0281],[140.292,39.0239],[140.2939,39.0182],[140.3003,39.018],[140.3035,39.0152],[140.3107,39.0136],[140.3187,39.0251],[140.3173,39.0281],[140.3188,39.0313],[140.3291,39.0348],[140.3318,39.0307],[140.3375,39.0298],[140.3442,39.0258],[140.3547,39.0239],[140.3622,39.026],[140.3607,39.0199],[140.3626,39.0182],[140.364,39.0095],[140.367,39.0054],[140.3707,39.0041],[140.3762,38.9945],[140.3869,38.9944],[140.3947,38.9912],[140.4058,38.9918],[140.4106,38.9941],[140.4135,38.99],[140.4206,38.9924],[140.4318,38.9919],[140.4324,38.9894],[140.4364,38.9864],[140.4378,38.982],[140.4463,38.9796],[140.4463,38.9732],[140.4511,38.9722],[140.4498,38.9633],[140.4537,38.9588],[140.4537,38.9525],[140.4496,38.9456],[140.4514,38.9441],[140.4515,38.9377],[140.4583,38.9339],[140.4593,38.928],[140.4621,38.9249],[140.4621,38.9194],[140.4716,38.9149],[140.4741,38.916],[140.4795,38.9146],[140.4824,38.9166],[140.4842,38.9122],[140.4922,38.9065],[140.4921,38.9027],[140.4944,38.8988],[140.5003,38.8948],[140.5052,38.8949],[140.5158,38.9004],[140.5248,38.8996],[140.526,38.8975],[140.5341,38.9005],[140.5379,38.9004],[140.5474,38.8911],[140.5471,38.8891],[140.553,38.8828],[140.5542,38.8762],[140.562,38.873],[140.5641,38.8746],[140.5698,38.8748],[140.5726,38.8783],[140.5799,38.8814],[140.5856,38.8801],[140.5863,38.8841],[140.5895,38.8862],[140.5903,38.8892],[140.5978,38.8851],[140.6071,38.8866],[140.6095,38.8924],[140.6136,38.8939],[140.6208,38.8902],[140.63,38.8893],[140.6355,38.8863],[140.6379,38.8831],[140.645,38.8886],[140.6541,38.889],[140.6533,38.8916],[140.6689,38.8973],[140.67,38.9005],[140.6791,38.9082],[140.6802,38.9133],[140.6856,38.9176],[140.6932,38.9191],[140.7004,38.9238],[140.7031,38.9228],[140.7034,38.9206],[140.707,38.9203],[140.7089,38.9231],[140.7116,38.9232],[140.7118,38.9269],[140.7174,38.9278],[140.7224,38.933],[140.7232,38.9375],[140.7273,38.9403],[140.7271,38.9443],[140.7321,38.9493],[140.7433,38.9537],[140.7452,38.9564],[140.7586,38.9585],[140.7643,38.957],[140.7736,38.9581],[140.775,38.9604],[140.772,38.964],[140.7722,38.9666],[140.7749,38.9704],[140.7701,38.9762],[140.7688,38.9822],[140.7645,38.9854],[140.7639,38.9894],[140.7672,38.9919],[140.7679,38.9947],[140.7647,38.9965],[140.764,39.0002],[140.7682,39.001],[140.7687,39.0035],[140.7787,39.0082],[140.7801,39.0147],[140.7834,39.0164],[140.7857,39.0215],[140.7903,39.0236],[140.7953,39.0294],[140.7932,39.0328],[140.7961,39.0362],[140.7935,39.0419],[140.7994,39.0444],[140.8008,39.0495],[140.8037,39.0505],[140.8046,39.053],[140.8102,39.0574],[140.8048,39.0579],[140.7995,39.061],[140.7999,39.0638],[140.8039,39.0672],[140.8041,39.0721],[140.8008,39.074],[140.8024,39.0779],[140.8,39.0766],[140.7941,39.077],[140.7834,39.0791],[140.7821,39.0815],[140.7783,39.0821],[140.7741,39.0791],[140.7704,39.0789],[140.7665,39.0811],[140.7632,39.0806],[140.759,39.0834],[140.7585,39.0854],[140.7527,39.0862],[140.7532,39.0909],[140.7571,39.0939],[140.7561,39.0973],[140.7632,39.1089],[140.7617,39.1109],[140.7559,39.1122],[140.7559,39.1183],[140.7666,39.1202],[140.77,39.1242],[140.7608,39.1297],[140.7581,39.1337],[140.7512,39.1331],[140.7489,39.1381],[140.7529,39.1426],[140.7592,39.1437],[140.7597,39.1464],[140.7655,39.1523],[140.7656,39.155],[140.7707,39.1594],[140.7741,39.1679],[140.7786,39.1686],[140.7837,39.1654],[140.7862,39.1668],[140.7885,39.1727],[140.7962,39.1766],[140.7995,39.1751],[140.8033,39.1763],[140.8077,39.1782],[140.8082,39.1804],[140.7974,39.19],[140.7885,39.1886],[140.7808,39.192],[140.7787,39.1948],[140.771,39.1934],[140.7648,39.1978],[140.7676,39.2048],[140.763,39.2132],[140.7663,39.2186],[140.7693,39.2195],[140.7702,39.2234],[140.7771,39.2234],[140.7876,39.2268],[140.786,39.2342],[140.7886,39.2384],[140.7771,39.2416],[140.7689,39.2525],[140.7662,39.2512],[140.7614,39.2548],[140.7572,39.2548],[140.7532,39.2581],[140.7513,39.2628],[140.7437,39.2618],[140.7365,39.2667],[140.733,39.2664],[140.7277,39.2703],[140.7178,39.2726],[140.7181,39.2768],[140.7167,39.2778],[140.7178,39.2846],[140.7163,39.2897],[140.7184,39.2911],[140.7188,39.2942],[140.7173,39.2965],[140.7108,39.2958],[140.704,39.3019],[140.7019,39.2999],[140.6936,39.2996],[140.6932,39.3042],[140.6972,39.3103],[140.6926,39.3136],[140.694,39.3198],[140.6975,39.3218],[140.6986,39.3284],[140.7093,39.33],[140.7082,39.3345],[140.7067,39.3348],[140.7052,39.3399],[140.7035,39.3404],[140.7032,39.3436],[140.6957,39.3454],[140.6927,39.3445],[140.6884,39.3475],[140.6878,39.351],[140.6927,39.3586],[140.6826,39.3621],[140.6817,39.3643],[140.6756,39.3684],[140.6762,39.3713],[140.6788,39.3734],[140.68,39.3816],[140.679,39.3832],[140.6751,39.3859],[140.6656,39.3842],[140.6531,39.391],[140.658,39.3998],[140.6637,39.4037],[140.6617,39.4054],[140.6628,39.4081],[140.6588,39.4093],[140.6575,39.4112],[140.6584,39.4151],[140.6621,39.4147],[140.6697,39.4176],[140.6751,39.4169],[140.6769,39.4189],[140.6797,39.4171],[140.685,39.4245],[140.6839,39.4269],[140.6863,39.4328],[140.6856,39.4373],[140.6768,39.4478],[140.681,39.4531],[140.6819,39.4572],[140.6873,39.4602],[140.6895,39.4648],[140.697,39.4666],[140.7086,39.4751],[140.7244,39.4805],[140.7189,39.4848],[140.7183,39.4877],[140.7133,39.4941],[140.7136,39.4989],[140.7198,39.5048],[140.724,39.5044],[140.7243,39.5112],[140.7211,39.5141],[140.7232,39.5143],[140.7247,39.5186],[140.7317,39.5224],[140.7378,39.5224],[140.7388,39.5329],[140.7413,39.5362],[140.7395,39.5405],[140.7397,39.5466],[140.7291,39.553],[140.7275,39.556],[140.7296,39.5651],[140.7402,39.5653],[140.7543,39.5707],[140.7638,39.5876],[140.7701,39.5885],[140.7742,39.5909],[140.7806,39.5903],[140.7787,39.5984],[140.7822,39.604],[140.7942,39.6027],[140.7975,39.6041],[140.8049,39.612],[140.8026,39.6189],[140.8084,39.6243],[140.8071,39.6322],[140.8117,39.6367],[140.8157,39.6442],[140.8153,39.6461],[140.8223,39.65],[140.8202,39.6531],[140.8226,39.6691],[140.8184,39.6801],[140.8192,39.684],[140.8226,39.6882],[140.8157,39.691],[140.8113,39.6955],[140.8089,39.7019],[140.8099,39.708],[140.8053,39.7108],[140.7944,39.7096],[140.7883,39.7197],[140.7887,39.7229],[140.7833,39.7257],[140.784,39.7291],[140.7793,39.7325],[140.7751,39.7329],[140.7748,39.7346],[140.7808,39.738],[140.7868,39.738],[140.7975,39.7412],[140.8037,39.7448],[140.806,39.7473],[140.807,39.7531],[140.8053,39.7567],[140.8161,39.7629],[140.8161,39.7655],[140.8222,39.7746],[140.8256,39.7743],[140.8346,39.7809],[140.84,39.7885],[140.8483,39.7933],[140.8472,39.7983],[140.8416,39.8049],[140.8325,39.8069],[140.8286,39.81],[140.825,39.8097],[140.8213,39.8154],[140.8153,39.816],[140.8113,39.8183],[140.804,39.8151],[140.7992,39.8169],[140.795,39.821],[140.7866,39.8234],[140.7883,39.8265],[140.7834,39.8284],[140.783,39.8312],[140.786,39.8346],[140.785,39.8423],[140.7891,39.8502],[140.7886,39.8523],[140.7839,39.8563],[140.7876,39.859],[140.7831,39.8607],[140.7822,39.8679],[140.7864,39.873],[140.7924,39.8748],[140.7992,39.8816],[140.8077,39.8793],[140.8156,39.8794],[140.8168,39.8825],[140.8221,39.8827],[140.8258,39.8862],[140.8284,39.885],[140.8295,39.8822],[140.834,39.8812],[140.835,39.879],[140.8325,39.8752],[140.838,39.8757],[140.8442,39.8736],[140.8432,39.8712],[140.8529,39.8658],[140.8585,39.8703],[140.8701,39.871],[140.8781,39.8746],[140.8797,39.8813],[140.8787,39.8862],[140.8748,39.8942],[140.867,39.9008],[140.868,39.9117],[140.8647,39.9168],[140.8547,39.9233],[140.8576,39.9301],[140.8522,39.9361],[140.8532,39.9416],[140.8569,39.9442],[140.8558,39.9512],[140.8573,39.9529],[140.8539,39.957],[140.8481,39.9584],[140.8477,39.9697],[140.8453,39.975],[140.8469,39.9762],[140.8481,39.9878],[140.8508,39.9938],[140.8509,39.9996],[140.8485,40.0035],[140.849,40.0081],[140.8559,40.0157],[140.8531,40.0187],[140.8556,40.0222],[140.8518,40.0256],[140.8504,40.0314],[140.8552,40.0371],[140.8554,40.0464],[140.8511,40.0534],[140.8511,40.0613],[140.8472,40.0652],[140.8445,40.0746],[140.8513,40.0779],[140.8514,40.0811],[140.8541,40.0819],[140.8549,40.0852],[140.8581,40.0862],[140.8628,40.0847],[140.8753,40.0946],[140.881,40.1137],[140.8712,40.116],[140.8708,40.1178],[140.874,40.1224],[140.867,40.1324],[140.8746,40.1395],[140.8745,40.1431],[140.8824,40.1509],[140.8823,40.1559],[140.8836,40.1573],[140.881,40.16],[140.8755,40.1608],[140.8688,40.1595],[140.8617,40.1657],[140.8592,40.1714],[140.8671,40.1772],[140.8754,40.1796],[140.8927,40.1925],[140.8895,40.2005],[140.8987,40.2081],[140.8991,40.2124],[140.8958,40.2137],[140.904,40.2179],[140.9052,40.2219],[140.9093,40.2235],[140.9188,40.2236],[140.9253,40.2261],[140.941,40.2269],[140.9423,40.2294],[140.9402,40.2405],[140.9445,40.2462],[140.9551,40.2476],[140.9542,40.2506],[140.9493,40.253],[140.9457,40.2581],[140.9473,40.2645],[140.9528,40.2713],[140.9543,40.2798],[140.9575,40.2824],[140.9568,40.2847],[140.9543,40.2848],[140.9524,40.2874],[140.9446,40.2881],[140.9452,40.2948],[140.944,40.2963],[140.9463,40.2991],[140.9539,40.3014],[140.9569,40.3047],[140.9571,40.314],[140.959,40.3195],[140.9573,40.3245],[140.9596,40.3255],[140.9611,40.3229],[140.9626,40.3232],[140.9625,40.3282],[140.9674,40.3337],[140.9682,40.3387],[140.9621,40.3471],[140.9654,40.3503],[140.9683,40.3509],[140.97,40.3466],[140.9722,40.3456],[140.9719,40.3437],[140.9809,40.3433],[140.9881,40.349],[140.9935,40.3505],[140.9928,40.3518],[140.9954,40.3534],[140.993,40.3577],[140.9931,40.3608],[140.9912,40.3611],[140.9924,40.3629],[140.991,40.367],[140.9934,40.3675],[140.995,40.3702],[140.9941,40.3764],[140.99,40.3788],[140.9844,40.3884],[140.9877,40.3971],[140.9853,40.401],[140.9858,40.4032],[140.9814,40.4057],[140.9827,40.4135],[140.9815,40.4154],[140.9788,40.416],[140.9854,40.4215],[140.9851,40.4274],[140.9722,40.4309],[140.9631,40.427],[140.9513,40.4263],[140.9419,40.4302],[140.9375,40.4276],[140.9357,40.4231],[140.933,40.4213],[140.9262,40.4213],[140.92,40.4273],[140.9115,40.4233],[140.9067,40.4253],[140.8968,40.4252],[140.8925,40.4233],[140.8613,40.4406],[140.8781,40.4984],[140.88,40.5102],[140.8775,40.5111],[140.8526,40.5052],[140.8487,40.5076],[140.845,40.5074],[140.8419,40.5053],[140.842,40.5035],[140.8355,40.5036],[140.8269,40.4961],[140.82,40.4953],[140.8147,40.4884],[140.8106,40.4871],[140.8096,40.4812],[140.8114,40.477],[140.8086,40.4698],[140.8077,40.4578],[140.8036,40.4487],[140.7932,40.4494],[140.7893,40.4566],[140.7868,40.4572],[140.7733,40.4514],[140.7694,40.4539],[140.7627,40.4513],[140.7611,40.4478],[140.7568,40.4456],[140.7521,40.4388],[140.7415,40.4379],[140.7341,40.4397],[140.7327,40.4359],[140.7355,40.434],[140.7312,40.4311],[140.7359,40.4279],[140.7342,40.4233],[140.7356,40.4194],[140.7336,40.4158],[140.723,40.4166],[140.7218,40.4194],[140.7175,40.4211],[140.7176,40.4258],[140.7155,40.4279],[140.7098,40.4297],[140.7089,40.4279],[140.7026,40.4271],[140.6992,40.4294],[140.6917,40.4269],[140.6879,40.4274],[140.6864,40.4224],[140.6884,40.4217],[140.6872,40.4183],[140.6847,40.4164],[140.6783,40.4154],[140.6754,40.4121],[140.666,40.4115],[140.6663,40.4095],[140.6615,40.4045],[140.6452,40.4031],[140.6409,40.4052],[140.6342,40.4023],[140.6325,40.404],[140.6363,40.4095],[140.6339,40.411],[140.633,40.4176],[140.6255,40.4215],[140.6258,40.424],[140.6112,40.4239],[140.604,40.4273],[140.6035,40.4301],[140.5992,40.433],[140.5897,40.4361],[140.5897,40.4326],[140.5872,40.4293],[140.5768,40.4293],[140.5738,40.4261],[140.5643,40.4257],[140.5621,40.4271],[140.5577,40.4257],[140.5549,40.4225],[140.5532,40.42],[140.5564,40.4148],[140.565,40.4077],[140.5657,40.4035],[140.5694,40.4007],[140.5656,40.3981],[140.5591,40.3971],[140.5505,40.4009],[140.5477,40.404],[140.5403,40.4028],[140.5359,40.4095],[140.5323,40.4112],[140.5238,40.4102],[140.5251,40.4133],[140.5243,40.4197],[140.5298,40.4203],[140.5308,40.4267],[140.5292,40.4308],[140.5188,40.4308],[140.5138,40.4286],[140.5084,40.4286],[140.5024,40.4315],[140.4981,40.4364],[140.4812,40.4418],[140.4835,40.4431],[140.4843,40.4462],[140.481,40.4516],[140.4659,40.454],[140.4644,40.4565],[140.4594,40.4565],[140.4522,40.4534],[140.4488,40.454],[140.4433,40.4504],[140.4399,40.4501],[140.4403,40.4525],[140.4374,40.4556],[140.4372,40.4649],[140.4335,40.4677],[140.4332,40.4699],[140.4373,40.4785],[140.4274,40.4826],[140.4175,40.48],[140.4087,40.4751],[140.4022,40.4749],[140.4015,40.4775],[140.3966,40.4784],[140.3941,40.485],[140.387,40.4871],[140.3837,40.4851],[140.3813,40.4793],[140.3779,40.4765],[140.3613,40.4784],[140.3599,40.4759],[140.3539,40.4723],[140.3525,40.4689],[140.3478,40.4676],[140.347,40.4616],[140.3434,40.4617],[140.3439,40.4565],[140.3427,40.4547],[140.3439,40.4524],[140.3412,40.45],[140.3407,40.4432],[140.3352,40.4394],[140.321,40.4386],[140.3176,40.4397],[140.3107,40.4363],[140.308,40.4381],[140.3076,40.4419],[140.302,40.4428],[140.2989,40.4463],[140.291,40.4466],[140.2881,40.4449],[140.2793,40.4461],[140.2669,40.4407],[140.2534,40.4415],[140.25,40.443],[140.2454,40.4381],[140.2374,40.4371],[140.2202,40.4312],[140.2092,40.4386],[140.2053,40.4365],[140.194,40.4348],[140.1875,40.4396],[140.1855,40.4433],[140.1742,40.4403],[140.1709,40.4381],[140.1681,40.4398],[140.1624,40.4394],[140.1519,40.435],[140.1472,40.4381],[140.1418,40.4378],[140.1367,40.4396],[140.1179,40.435],[140.1147,40.4362],[140.1078,40.4359],[140.1049,40.4409],[140.0992,40.444],[140.0998,40.4456],[140.0974,40.4492],[140.0995,40.4531],[140.0936,40.4589],[140.0871,40.4624],[140.0835,40.4624],[140.0789,40.4669],[140.0741,40.4646],[140.0686,40.4688],[140.0538,40.4678],[140.0524,40.4665],[140.0541,40.4643],[140.0487,40.4601],[140.0362,40.4616],[140.0356,40.459],[140.0314,40.4579],[140.0301,40.4552],[140.0248,40.4531],[140.0206,40.449],[140.0202,40.4466],[140.026,40.4392],[140.0255,40.4368],[140.0226,40.4354],[140.0221,40.4298],[140.0174,40.427],[140.0194,40.4198],[140.0146,40.4221],[140.0117,40.4259],[140.0068,40.427],[140.0033,40.4318],[139.9974,40.4328],[139.995,40.4351],[139.9937,40.4325],[139.9852,40.4279],[139.9728,40.4266],[139.9641,40.4303],[139.9635,40.4328],[139.9595,40.4349],[139.9521,40.4313],[139.9374,40.4287],[139.8953,40.4153],[139.8844,40.3979],[139.7898,40.295],[139.6514,40.2665],[139.6091,40.2771],[139.3458,40.2185],[139.4288,40.0022],[139.3431,39.5929],[139.6179,39.5425]]]]},"properties":{"zone":10,"name":"秋田県"}},{"type":"Feature","geometry":{"type":"MultiPolygon","coordinates":[[[[139.6179,39.5425],[139.3431,39.5929],[139.2681,39.2308],[139.1382,38.8973],[139.1801,38.8872],[139.2736,38.7785],[139.3107,38.727],[139.3324,38.6884],[139.3461,38.6621],[139.3847,38.5664],[139.4834,38.5433],[139.4986,38.5423],[139.5309,38.5449],[139.5426,38.5488],[139.5493,38.5536],[139.5527,38.5492],[139.5523,38.5477],[139.5564,38.5483],[139.5566,38.5452],[139.5594,38.5451],[139.5607,38.5429],[139.5644,38.5434],[139.571,38.5385],[139.5773,38.5396],[139.5809,38.536],[139.5817,38.533],[139.5867,38.5326],[139.5952,38.5271],[139.5998,38.5221],[139.6081,38.525],[139.6114,38.524],[139.6139,38.5263],[139.6212,38.5256],[139.6232,38.5233],[139.6313,38.522],[139.6324,38.5187],[139.6369,38.5157],[139.6359,38.5132],[139.6378,38.5114],[139.6473,38.5106],[139.653,38.507],[139.6636,38.5085],[139.6671,38.5065],[139.6829,38.505],[139.6931,38.5068],[139.6959,38.5039],[139.7003,38.5034],[139.7025,38.4992],[139.7102,38.4995],[139.7217,38.4962],[139.7203,38.4934],[139.7247,38.4902],[139.7251,38.4852],[139.716,38.479],[139.7125,38.4795],[139.7114,38.4768],[139.7134,38.4696],[139.7191,38.4662],[139.7152,38.4638],[139.7151,38.4594],[139.7201,38.4507],[139.7177,38.4472],[139.7184,38.4382],[139.7165,38.4321],[139.7186,38.4289],[139.7172,38.4213],[139.715,38.4199],[139.712,38.4125],[139.7056,38.4073],[139.7034,38.4002],[139.7047,38.3937],[139.7098,38.3868],[139.7121,38.3868],[139.7226,38.3938],[139.7258,38.3916],[139.7255,38.3887],[139.7311,38.3815],[139.7288,38.3772],[139.7324,38.3716],[139.7501,38.3594],[139.7616,38.3611],[139.7707,38.3529],[139.7747,38.354],[139.7853,38.3528],[139.7906,38.3488],[139.8038,38.3551],[139.8165,38.356],[139.82,38.3519],[139.826,38.3505],[139.8277,38.3447],[139.8489,38.3429],[139.8476,38.3367],[139.862,38.3286],[139.8652,38.3259],[139.8669,38.3216],[139.875,38.3167],[139.8792,38.3035],[139.8885,38.301],[139.8989,38.2932],[139.8998,38.2873],[139.898,38.278],[139.8999,38.2758],[139.8885,38.2693],[139.8845,38.2652],[139.8764,38.2616],[139.8757,38.2521],[139.8686,38.248],[139.8643,38.2402],[139.864,38.2352],[139.8603,38.2312],[139.847,38.2246],[139.8386,38.2236],[139.8366,38.2213],[139.8202,38.2146],[139.8193,38.2128],[139.8109,38.2115],[139.8069,38.2071],[139.8022,38.2065],[139.8006,38.2026],[139.7905,38.198],[139.7865,38.1943],[139.7864,38.1923],[139.7814,38.1935],[139.776,38.1982],[139.7699,38.1972],[139.764,38.199],[139.7623,38.1985],[139.7596,38.1939],[139.7549,38.1931],[139.7469,38.1964],[139.7389,38.202],[139.7306,38.201],[139.7246,38.2029],[139.7216,38.2059],[139.7186,38.2045],[139.7132,38.2066],[139.7089,38.2043],[139.6986,38.2029],[139.7026,38.1992],[139.6984,38.1951],[139.6985,38.1914],[139.6959,38.1889],[139.6962,38.1855],[139.6923,38.1825],[139.6875,38.1821],[139.6875,38.1781],[139.6822,38.1714],[139.6855,38.1665],[139.6847,38.1593],[139.6906,38.1552],[139.6906,38.1501],[139.6922,38.1487],[139.6883,38.1346],[139.6906,38.1188],[139.6939,38.1158],[139.6919,38.1128],[139.6827,38.1081],[139.6783,38.1011],[139.6748,38.0913],[139.6725,38.0891],[139.6726,38.0823],[139.674,38.0807],[139.6713,38.0769],[139.6815,38.0754],[139.6865,38.0769],[139.6878,38.0748],[139.6918,38.0751],[139.692,38.0707],[139.6862,38.065],[139.6927,38.057],[139.691,38.056],[139.6904,38.0524],[139.682,38.0495],[139.6801,38.0432],[139.6748,38.0406],[139.6624,38.04],[139.6548,38.0354],[139.6567,38.0285],[139.6534,38.0251],[139.6523,38.0212],[139.6544,38.0147],[139.6526,38.0033],[139.6553,38.0008],[139.6544,37.997],[139.6436,37.9953],[139.6449,37.9918],[139.6394,37.9857],[139.6443,37.9796],[139.638,37.97],[139.6432,37.9669],[139.6452,37.9626],[139.6423,37.9593],[139.642,37.9552],[139.6401,37.9524],[139.643,37.9467],[139.6394,37.9413],[139.6394,37.9347],[139.6318,37.9303],[139.6302,37.9259],[139.6272,37.9248],[139.6248,37.9181],[139.6286,37.9124],[139.6264,37.9088],[139.6318,37.9009],[139.6293,37.8937],[139.632,37.8891],[139.6378,37.8842],[139.6384,37.88],[139.6485,37.8771],[139.6522,37.8732],[139.6567,37.8717],[139.6571,37.8635],[139.6788,37.8517],[139.6783,37.8499],[139.6805,37.847],[139.6973,37.8487],[139.7064,37.856],[139.7156,37.8542],[139.7159,37.8473],[139.7188,37.8451],[139.7208,37.8397],[139.7274,37.8353],[139.7296,37.831],[139.7326,37.8308],[139.7362,37.8281],[139.7413,37.8203],[139.7554,37.8221],[139.763,37.8267],[139.7829,37.832],[139.7882,37.8267],[139.7889,37.8231],[139.7933,37.8208],[139.7949,37.8176],[139.8034,37.8152],[139.8042,37.8054],[139.8095,37.8033],[139.8133,37.804],[139.8216,37.812],[139.8249,37.8132],[139.8266,37.8119],[139.8324,37.8154],[139.8379,37.8145],[139.8577,37.8265],[139.8664,37.8231],[139.8726,37.8168],[139.8764,37.8173],[139.8762,37.8132],[139.8794,37.8103],[139.8823,37.8109],[139.8866,37.8092],[139.889,37.8111],[139.8988,37.8103],[139.9026,37.8138],[139.9074,37.8154],[139.912,37.8138],[139.9248,37.8135],[139.928,37.8195],[139.9274,37.8211],[139.9301,37.8225],[139.9302,37.8254],[139.9277,37.826],[139.9279,37.8275],[139.9313,37.8293],[139.937,37.8283],[139.9409,37.8217],[139.9499,37.8164],[139.9579,37.8149],[139.9621,37.8058],[139.9593,37.7977],[139.9613,37.7943],[139.9688,37.7885],[139.9673,37.7835],[139.9734,37.7757],[139.9789,37.7736],[139.978,37.7662],[139.9831,37.7644],[139.9865,37.7604],[139.9926,37.7587],[139.9985,37.7614],[140.002,37.7594],[140.0101,37.764],[140.0129,37.7618],[140.0171,37.7629],[140.0193,37.762],[140.0218,37.7653],[140.0314,37.7689],[140.0336,37.7673],[140.0373,37.7679],[140.0446,37.7729],[140.0482,37.7789],[140.0512,37.7794],[140.0545,37.775],[140.0535,37.7708],[140.0589,37.7712],[140.065,37.7676],[140.0691,37.7578],[140.0803,37.7561],[140.0867,37.758],[140.0911,37.7515],[140.0953,37.7483],[140.0965,37.7438],[140.1017,37.738],[140.1071,37.7382],[140.1154,37.7344],[140.1276,37.7339],[140.1336,37.7385],[140.1407,37.7381],[140.1401,37.7402],[140.146,37.7527],[140.154,37.7534],[140.1664,37.7573],[140.1996,37.7528],[140.2048,37.7475],[140.2074,37.749],[140.2155,37.7482],[140.2201,37.7458],[140.2363,37.7461],[140.239,37.7482],[140.2404,37.7535],[140.2444,37.7584],[140.2549,37.7646],[140.2554,37.7682],[140.263,37.773],[140.2626,37.7752],[140.266,37.7791],[140.2763,37.7818],[140.2782,37.7848],[140.2768,37.7876],[140.2824,37.7922],[140.2822,37.7982],[140.2903,37.8013],[140.2921,37.804],[140.2988,37.8079],[140.2958,37.811],[140.2936,37.8111],[140.2935,37.8134],[140.2913,37.8149],[140.2874,37.8138],[140.2783,37.8211],[140.2754,37.8207],[140.269,37.8238],[140.2621,37.8344],[140.2627,37.837],[140.2652,37.8389],[140.2622,37.8404],[140.2627,37.842],[140.2673,37.8476],[140.2653,37.8548],[140.2674,37.8574],[140.2655,37.8591],[140.2654,37.8622],[140.2699,37.8665],[140.2685,37.8711],[140.2699,37.8744],[140.2649,37.8795],[140.2647,37.886],[140.2673,37.8865],[140.2663,37.8889],[140.2707,37.8907],[140.2661,37.8997],[140.2645,37.9119],[140.2664,37.9135],[140.2666,37.9171],[140.2721,37.9199],[140.2765,37.9264],[140.2759,37.9283],[140.2784,37.9301],[140.2793,37.9336],[140.2781,37.9393],[140.281,37.9414],[140.2753,37.9472],[140.2781,37.9526],[140.2762,37.9541],[140.2762,37.9567],[140.2725,37.9579],[140.2713,37.9668],[140.276,37.9744],[140.28,37.9766],[140.2749,37.982],[140.2762,37.993],[140.2827,38.0015],[140.2896,38.0072],[140.2869,38.0085],[140.2832,38.0158],[140.2814,38.0257],[140.276,38.0287],[140.277,38.0331],[140.2759,38.036],[140.2791,38.0433],[140.2819,38.0441],[140.282,38.0491],[140.2834,38.05],[140.2771,38.0562],[140.2819,38.0595],[140.2891,38.0593],[140.2925,38.0556],[140.2966,38.0572],[140.3027,38.0536],[140.3084,38.0577],[140.3118,38.057],[140.3157,38.0584],[140.3199,38.0554],[140.3347,38.0562],[140.3444,38.0534],[140.35,38.054],[140.3515,38.057],[140.3559,38.0585],[140.3645,38.0563],[140.3736,38.057],[140.382,38.0636],[140.3801,38.0695],[140.383,38.0715],[140.3965,38.0694],[140.4027,38.0703],[140.4043,38.0739],[140.4176,38.0803],[140.4213,38.0885],[140.4195,38.0904],[140.4174,38.1035],[140.4256,38.1149],[140.4238,38.1189],[140.4251,38.1219],[140.431,38.1269],[140.4449,38.1311],[140.4426,38.1358],[140.4437,38.1409],[140.452,38.1511],[140.4676,38.157],[140.467,38.1608],[140.4691,38.163],[140.4696,38.1706],[140.48,38.1816],[140.4776,38.1918],[140.479,38.1944],[140.4783,38.1984],[140.4727,38.2052],[140.4733,38.2099],[140.4709,38.2138],[140.4743,38.2245],[140.4693,38.2284],[140.467,38.2328],[140.471,38.2348],[140.4692,38.2424],[140.4696,38.2476],[140.4725,38.2522],[140.4695,38.2564],[140.4704,38.2595],[140.4728,38.2608],[140.4712,38.2694],[140.473,38.2718],[140.488,38.2746],[140.4906,38.2764],[140.492,38.2801],[140.4969,38.2831],[140.4921,38.293],[140.4924,38.3022],[140.502,38.3048],[140.5043,38.3081],[140.5043,38.3143],[140.5203,38.3095],[140.5234,38.3163],[140.5297,38.3207],[140.5286,38.3226],[140.5307,38.3251],[140.5251,38.3327],[140.5241,38.3414],[140.5216,38.3473],[140.5226,38.353],[140.5263,38.3575],[140.5337,38.3621],[140.541,38.3621],[140.5455,38.3641],[140.5522,38.3762],[140.5563,38.3776],[140.5635,38.3773],[140.5675,38.3853],[140.5782,38.3928],[140.5745,38.3967],[140.5737,38.4076],[140.5713,38.4106],[140.5713,38.4131],[140.5794,38.4232],[140.5817,38.4335],[140.5804,38.4373],[140.5857,38.4406],[140.5897,38.4392],[140.5923,38.4417],[140.5977,38.4365],[140.6037,38.4435],[140.6082,38.4445],[140.6134,38.4536],[140.6199,38.4548],[140.6172,38.4568],[140.6082,38.4584],[140.6063,38.4632],[140.6079,38.4698],[140.6027,38.4789],[140.6042,38.4823],[140.5945,38.4887],[140.5741,38.4947],[140.5733,38.4972],[140.5674,38.5013],[140.5691,38.506],[140.5634,38.5107],[140.5703,38.5153],[140.5705,38.5176],[140.5678,38.5202],[140.5719,38.5256],[140.5683,38.5278],[140.5625,38.5267],[140.5557,38.53],[140.5562,38.5336],[140.5545,38.5346],[140.5541,38.5408],[140.5561,38.5428],[140.5599,38.5422],[140.5646,38.5457],[140.5664,38.5518],[140.5699,38.5556],[140.5664,38.5604],[140.5781,38.5676],[140.5784,38.5701],[140.5751,38.5722],[140.5755,38.5746],[140.571,38.5803],[140.572,38.5866],[140.5678,38.5904],[140.5697,38.5941],[140.5584,38.5976],[140.5583,38.6026],[140.5622,38.6047],[140.5621,38.6073],[140.5581,38.6112],[140.5522,38.6134],[140.5488,38.6184],[140.5499,38.6199],[140.5432,38.6241],[140.5424,38.6295],[140.5374,38.6354],[140.5403,38.6386],[140.5441,38.6481],[140.5466,38.6497],[140.5545,38.6471],[140.5627,38.6481],[140.5658,38.6454],[140.5694,38.6382],[140.5731,38.6375],[140.5759,38.6392],[140.5795,38.6358],[140.5878,38.634],[140.602,38.6406],[140.6058,38.6488],[140.6044,38.6509],[140.606,38.6554],[140.6094,38.6604],[140.6135,38.6618],[140.612,38.6641],[140.6144,38.6696],[140.6206,38.6759],[140.6195,38.6777],[140.6202,38.6807],[140.622,38.6812],[140.6213,38.6849],[140.6244,38.6872],[140.6235,38.6929],[140.6207,38.6963],[140.6236,38.6998],[140.6169,38.7003],[140.6066,38.7037],[140.6091,38.7088],[140.607,38.7213],[140.6205,38.731],[140.622,38.7364],[140.6203,38.7387],[140.6313,38.7471],[140.6313,38.7523],[140.635,38.761],[140.6434,38.7649],[140.6464,38.7695],[140.6434,38.7719],[140.6421,38.7755],[140.6373,38.7774],[140.627,38.774],[140.6153,38.7774],[140.6124,38.7818],[140.6035,38.7837],[140.6031,38.7889],[140.599,38.792],[140.6,38.7946],[140.5989,38.7997],[140.5956,38.8023],[140.5977,38.8087],[140.5951,38.8112],[140.5966,38.8154],[140.5994,38.8174],[140.5989,38.8253],[140.5929,38.8278],[140.5907,38.8361],[140.5863,38.8363],[140.58,38.8414],[140.5735,38.8425],[140.5663,38.8481],[140.5591,38.8473],[140.5567,38.8554],[140.5535,38.8588],[140.54,38.8619],[140.5387,38.8711],[140.5413,38.8763],[140.5429,38.8761],[140.5476,38.881],[140.5455,38.886],[140.5477,38.8901],[140.5382,38.9002],[140.5341,38.9005],[140.526,38.8975],[140.5248,38.8996],[140.5158,38.9004],[140.5052,38.8949],[140.5003,38.8948],[140.4944,38.8988],[140.4921,38.9027],[140.4922,38.9065],[140.4842,38.9122],[140.4824,38.9166],[140.4795,38.9146],[140.4741,38.916],[140.4716,38.9149],[140.4646,38.9173],[140.4618,38.9197],[140.4621,38.9249],[140.4593,38.928],[140.4583,38.9339],[140.4515,38.9377],[140.4514,38.9441],[140.4496,38.9456],[140.4537,38.9522],[140.4537,38.9588],[140.4498,38.9633],[140.4512,38.9718],[140.4463,38.9732],[140.4459,38.98],[140.4378,38.982],[140.4364,38.9864],[140.4324,38.9894],[140.4318,38.9919],[140.4206,38.9924],[140.4135,38.99],[140.4106,38.9941],[140.4058,38.9918],[140.3947,38.9912],[140.3869,38.9944],[140.3762,38.9945],[140.3707,39.0041],[140.367,39.0054],[140.364,39.0095],[140.3626,39.0182],[140.3607,39.0199],[140.362,39.026],[140.3547,39.0239],[140.3442,39.0258],[140.3375,39.0298],[140.3318,39.0307],[140.3282,39.0348],[140.3188,39.0313],[140.3173,39.0281],[140.3187,39.0251],[140.3107,39.0136],[140.3035,39.0152],[140.3003,39.018],[140.2939,39.0182],[140.292,39.0239],[140.2866,39.0281],[140.2709,39.0325],[140.2662,39.0313],[140.2605,39.0352],[140.2529,39.0282],[140.2494,39.0279],[140.2454,39.0309],[140.2316,39.027],[140.2236,39.0285],[140.2218,39.0312],[140.2175,39.0331],[140.2135,39.0325],[140.2015,39.035],[140.2006,39.0358],[140.2036,39.0395],[140.2017,39.0472],[140.2047,39.0535],[140.2018,39.0562],[140.2013,39.0595],[140.1981,39.0613],[140.1938,39.0603],[140.1888,39.0615],[140.1879,39.0586],[140.1751,39.0574],[140.1711,39.051],[140.1622,39.0542],[140.1575,39.0491],[140.1518,39.0484],[140.1436,39.0596],[140.1439,39.0614],[140.1384,39.064],[140.1378,39.0656],[140.1332,39.0633],[140.1276,39.0631],[140.1201,39.068],[140.1168,39.0682],[140.1145,39.0784],[140.0962,39.0849],[140.0758,39.0862],[140.0627,39.0926],[140.0672,39.0993],[140.0616,39.1111],[140.0624,39.1335],[140.0078,39.123],[139.9976,39.1158],[139.9944,39.1055],[139.948,39.1172],[139.9456,39.1128],[139.906,39.1188],[139.8696,39.1183],[139.7139,39.1471],[139.7306,39.1884],[139.73,39.2201],[139.7263,39.2707],[139.6639,39.4894],[139.6179,39.5425]]]]},"properties":{"zone":10,"name":"山形県"}},{"type":"Feature","geometry":{"type":"MultiPolygon","coordinates":[[[[140.9154,38.917],[140.9204,38.9162],[140.9221,38.9144],[140.9223,38.9183],[140.9244,38.9207],[140.9307,38.9206],[140.9319,38.9163],[140.9361,38.9149],[140.9398,38.9162],[140.9436,38.9148],[140.9444,38.912],[140.9471,38.9101],[140.9494,38.9111],[140.951,38.9094],[140.9545,38.9098],[140.9578,38.9081],[140.9614,38.9059],[140.9619,38.9022],[140.966,38.9012],[140.9665,38.898],[140.9708,38.8949],[140.9726,38.8907],[140.9707,38.8879],[140.9802,38.8836],[140.9808,38.8814],[140.9844,38.88],[140.9825,38.8789],[140.9844,38.876],[140.9898,38.8743],[140.9938,38.8768],[140.9961,38.8806],[141.001,38.8815],[141.0059,38.8787],[141.0079,38.881],[141.0134,38.881],[141.0165,38.8846],[141.021,38.8864],[141.0209,38.8832],[141.0226,38.881],[141.0251,38.883],[141.0296,38.8835],[141.0327,38.8804],[141.0325,38.8779],[141.037,38.8767],[141.0435,38.8766],[141.0458,38.88],[141.0519,38.8833],[141.0538,38.8817],[141.0615,38.8839],[141.0689,38.8813],[141.0713,38.882],[141.0747,38.8795],[141.085,38.8838],[141.0887,38.8836],[141.0933,38.8879],[141.0987,38.8848],[141.1026,38.8848],[141.1024,38.8807],[141.1074,38.8775],[141.114,38.878],[141.1183,38.8807],[141.1296,38.8794],[141.1356,38.8768],[141.1398,38.8775],[141.1436,38.8705],[141.1461,38.8693],[141.1467,38.8563],[141.138,38.8475],[141.1326,38.8452],[141.13,38.8399],[141.1231,38.8359],[141.1204,38.8351],[141.1131,38.8381],[141.1048,38.8374],[141.1027,38.8306],[141.1035,38.8284],[141.1051,38.8284],[141.1045,38.8233],[141.1089,38.8252],[141.1161,38.8224],[141.1204,38.8261],[141.1237,38.8255],[141.126,38.8217],[141.1239,38.8198],[141.1236,38.8166],[141.1283,38.8159],[141.1301,38.8127],[141.1399,38.8143],[141.1425,38.8119],[141.141,38.8084],[141.1405,38.7956],[141.1386,38.7909],[141.142,38.7874],[141.1462,38.7844],[141.1509,38.7859],[141.1605,38.7814],[141.1635,38.782],[141.1676,38.7773],[141.1708,38.779],[141.173,38.7783],[141.1736,38.7811],[141.179,38.7821],[141.1806,38.7846],[141.1863,38.7797],[141.1956,38.7768],[141.2007,38.7715],[141.206,38.7695],[141.2084,38.7611],[141.2072,38.7568],[141.2158,38.7485],[141.2337,38.7478],[141.2371,38.7491],[141.2365,38.7553],[141.2416,38.7558],[141.2413,38.7578],[141.2479,38.7584],[141.2476,38.7605],[141.2528,38.7609],[141.2543,38.7596],[141.2568,38.761],[141.2577,38.7621],[141.2559,38.7712],[141.2582,38.774],[141.258,38.7762],[141.2632,38.7803],[141.2629,38.7874],[141.2689,38.7882],[141.2688,38.7932],[141.2724,38.797],[141.2751,38.796],[141.2747,38.7943],[141.2803,38.7925],[141.2849,38.7976],[141.2919,38.7964],[141.2975,38.7934],[141.3045,38.7935],[141.3041,38.7975],[141.3021,38.7988],[141.3036,38.8018],[141.3024,38.8034],[141.3072,38.8087],[141.3067,38.8193],[141.309,38.8207],[141.3089,38.8222],[141.3161,38.8232],[141.3242,38.8155],[141.332,38.812],[141.3343,38.807],[141.3411,38.8065],[141.3411,38.8087],[141.3527,38.8125],[141.3591,38.811],[141.3597,38.809],[141.3621,38.8082],[141.3659,38.8095],[141.3713,38.8075],[141.3791,38.7961],[141.3868,38.8],[141.3898,38.7983],[141.3938,38.7999],[141.3973,38.7953],[141.3968,38.7901],[141.4048,38.7888],[141.4107,38.7856],[141.4148,38.7862],[141.4156,38.7795],[141.41,38.7732],[141.4109,38.7701],[141.4096,38.7683],[141.414,38.7681],[141.4174,38.7709],[141.423,38.7719],[141.4216,38.7798],[141.4297,38.7811],[141.4309,38.7833],[141.4379,38.7823],[141.4397,38.7856],[141.4386,38.787],[141.4359,38.7866],[141.4325,38.7916],[141.4337,38.7979],[141.4367,38.8017],[141.4363,38.8056],[141.4334,38.8076],[141.4314,38.8066],[141.4294,38.8106],[141.4378,38.8129],[141.4464,38.8105],[141.4513,38.8119],[141.4543,38.8109],[141.4586,38.814],[141.459,38.8153],[141.4545,38.8164],[141.453,38.8186],[141.4546,38.8222],[141.4519,38.8312],[141.4501,38.8326],[141.4498,38.8374],[141.4546,38.8473],[141.4638,38.853],[141.4661,38.8567],[141.4526,38.8626],[141.454,38.8656],[141.4511,38.8713],[141.4511,38.8763],[141.4609,38.8836],[141.4657,38.8851],[141.4673,38.8882],[141.4654,38.8912],[141.4664,38.894],[141.4831,38.9025],[141.489,38.9071],[141.4918,38.9128],[141.4921,38.9148],[141.4893,38.9175],[141.492,38.9219],[141.4855,38.9323],[141.4855,38.9357],[141.4908,38.9443],[141.4915,38.9487],[141.49,38.9502],[141.4939,38.9552],[141.4901,38.9573],[141.4888,38.9686],[141.4835,38.9782],[141.4854,38.9822],[141.484,38.9853],[141.4863,38.9883],[141.4873,38.9938],[141.4923,38.999],[141.5068,38.9998],[141.5092,39.0028],[141.5183,39.0014],[141.5166,38.9982],[141.5231,38.9914],[141.5369,38.9954],[141.557,38.9958],[141.5602,38.9938],[141.567,38.996],[141.5745,38.9873],[141.5802,38.9868],[141.5869,38.9887],[141.6042,38.9854],[141.6192,38.9741],[141.6273,38.9706],[141.6363,38.9702],[141.6508,38.9732],[141.6649,38.9552],[141.6647,38.952],[141.6706,38.9355],[141.6772,38.9312],[141.6885,38.9167],[141.6968,38.9134],[141.7602,38.8755],[142.0117,38.7865],[142.0514,38.7619],[142.1679,39.0458],[142.31,39.4111],[142.3173,39.4383],[142.3303,39.5279],[142.331,39.5607],[142.3256,39.5929],[142.2374,39.9334],[142.2493,39.9715],[142.2527,40.0017],[142.2518,40.0173],[142.248,40.0398],[142.2377,40.069],[142.2215,40.0971],[142.2057,40.1167],[142.1803,40.1404],[142.1581,40.156],[142.1334,40.2136],[142.1264,40.2271],[142.1137,40.2463],[142.1096,40.2618],[142.1003,40.2845],[142.0827,40.313],[142.0656,40.3328],[142.0543,40.3545],[142.0312,40.3884],[142.0239,40.4078],[142.0143,40.4264],[141.9959,40.4527],[141.9596,40.4941],[141.9407,40.5199],[141.904,40.5603],[141.7693,40.4846],[141.7239,40.4648],[141.6854,40.4502],[141.6773,40.4493],[141.6742,40.4464],[141.6748,40.4435],[141.6699,40.4373],[141.6612,40.4339],[141.66,40.4312],[141.655,40.4286],[141.6469,40.4282],[141.6399,40.4231],[141.6313,40.4203],[141.6165,40.4203],[141.6121,40.4153],[141.5951,40.4121],[141.5934,40.4092],[141.5869,40.407],[141.5851,40.4011],[141.5812,40.3984],[141.5811,40.3919],[141.5846,40.3896],[141.5828,40.385],[141.5868,40.3807],[141.5856,40.3783],[141.5811,40.3764],[141.5814,40.3739],[141.5768,40.3707],[141.5724,40.3695],[141.5719,40.3659],[141.5637,40.3615],[141.556,40.3612],[141.5477,40.3548],[141.5455,40.3512],[141.5433,40.3514],[141.539,40.348],[141.5357,40.3474],[141.536,40.3487],[141.5317,40.3515],[141.5271,40.3499],[141.5182,40.3518],[141.5092,40.3593],[141.5075,40.3629],[141.5038,40.3638],[141.4989,40.3621],[141.4968,40.3638],[141.4964,40.3674],[141.488,40.3723],[141.4853,40.372],[141.48,40.3764],[141.4664,40.3775],[141.463,40.3751],[141.4564,40.3746],[141.4543,40.373],[141.4417,40.3761],[141.4377,40.3735],[141.4339,40.3737],[141.4318,40.3681],[141.4294,40.3677],[141.4272,40.3647],[141.4273,40.3618],[141.4236,40.3609],[141.4228,40.3633],[141.4192,40.3635],[141.4071,40.3571],[141.4015,40.3664],[141.3972,40.3673],[141.3939,40.3639],[141.393,40.3605],[141.3891,40.3592],[141.3898,40.353],[141.3834,40.347],[141.3816,40.3421],[141.3766,40.3389],[141.3767,40.3411],[141.3733,40.3432],[141.3701,40.3385],[141.351,40.3311],[141.3509,40.3347],[141.3461,40.3357],[141.3484,40.3382],[141.3469,40.3402],[141.3382,40.3425],[141.334,40.3456],[141.3369,40.3517],[141.3363,40.3602],[141.3339,40.3619],[141.3302,40.3618],[141.3276,40.3652],[141.3251,40.3655],[141.3244,40.3699],[141.3204,40.37],[141.316,40.3726],[141.3104,40.3668],[141.2984,40.3658],[141.2935,40.3632],[141.2959,40.3607],[141.2919,40.3579],[141.2923,40.3517],[141.2795,40.3448],[141.2759,40.3443],[141.2668,40.3494],[141.2624,40.3495],[141.26,40.3463],[141.2601,40.3419],[141.2484,40.341],[141.2447,40.3371],[141.2381,40.3342],[141.2324,40.3284],[141.2262,40.3278],[141.2186,40.3181],[141.2185,40.3152],[141.2092,40.314],[141.1974,40.3076],[141.1891,40.3071],[141.1728,40.3101],[141.1687,40.3067],[141.161,40.3058],[141.154,40.3013],[141.1451,40.2996],[141.1384,40.3005],[141.1344,40.2948],[141.1197,40.2899],[141.1068,40.2816],[141.0998,40.281],[141.11,40.2611],[141.1064,40.2592],[141.1042,40.2558],[141.0943,40.2549],[141.0883,40.2518],[141.0835,40.2533],[141.0764,40.2526],[141.0692,40.2488],[141.0597,40.2382],[141.0419,40.2369],[141.0415,40.2342],[141.0268,40.2266],[141.026,40.2217],[141.0163,40.2198],[141.0158,40.2181],[141.0099,40.219],[141.0057,40.2179],[141.0018,40.2206],[140.9965,40.2192],[140.991,40.2228],[140.9795,40.2198],[140.9759,40.2236],[140.976,40.2258],[140.9686,40.2264],[140.9686,40.2329],[140.9661,40.235],[140.9674,40.2366],[140.9654,40.2397],[140.9584,40.2418],[140.9549,40.245],[140.9551,40.2476],[140.9449,40.2464],[140.9401,40.2402],[140.9423,40.2294],[140.941,40.2269],[140.9253,40.2261],[140.9182,40.2235],[140.9055,40.2221],[140.904,40.2179],[140.8958,40.2137],[140.8991,40.2124],[140.8987,40.2081],[140.8895,40.2005],[140.8927,40.1925],[140.8754,40.1796],[140.8682,40.1777],[140.8598,40.1725],[140.8615,40.1659],[140.8688,40.1595],[140.8755,40.1608],[140.881,40.16],[140.8836,40.1573],[140.8823,40.1559],[140.8824,40.1509],[140.8745,40.1431],[140.8746,40.1395],[140.867,40.1324],[140.874,40.1224],[140.8708,40.1178],[140.8712,40.116],[140.881,40.1137],[140.8753,40.0946],[140.8628,40.0847],[140.8581,40.0862],[140.8549,40.0852],[140.8541,40.0819],[140.8514,40.0811],[140.8513,40.0779],[140.8445,40.0746],[140.8472,40.0652],[140.8511,40.0613],[140.8511,40.0534],[140.8554,40.0464],[140.8552,40.0371],[140.8504,40.0314],[140.8518,40.0256],[140.8556,40.0222],[140.8531,40.0187],[140.8559,40.0157],[140.849,40.0081],[140.8485,40.0035],[140.8509,39.9996],[140.8508,39.9938],[140.8481,39.9878],[140.8469,39.9762],[140.8453,39.975],[140.8477,39.9697],[140.8481,39.9584],[140.8539,39.957],[140.8573,39.9529],[140.8558,39.9512],[140.8569,39.9442],[140.8532,39.9416],[140.8522,39.9361],[140.8576,39.9301],[140.8547,39.9233],[140.8647,39.9168],[140.868,39.9117],[140.867,39.9008],[140.8748,39.8941],[140.8793,39.8845],[140.8793,39.8782],[140.8779,39.8743],[140.8701,39.871],[140.8585,39.8703],[140.8532,39.8658],[140.8432,39.8712],[140.8442,39.8736],[140.838,39.8757],[140.8325,39.8752],[140.835,39.879],[140.834,39.8812],[140.8295,39.8822],[140.8284,39.885],[140.8258,39.8862],[140.8221,39.8827],[140.8168,39.8825],[140.8156,39.8794],[140.8077,39.8793],[140.7992,39.8816],[140.7924,39.8748],[140.7864,39.873],[140.7822,39.8677],[140.7831,39.8607],[140.7876,39.859],[140.7839,39.8563],[140.7886,39.8523],[140.7891,39.8502],[140.785,39.8423],[140.786,39.8346],[140.783,39.8312],[140.7834,39.8284],[140.7883,39.8265],[140.7866,39.8234],[140.795,39.821],[140.7992,39.8169],[140.804,39.8151],[140.8113,39.8183],[140.8153,39.816],[140.8213,39.8154],[140.825,39.8097],[140.8286,39.81],[140.8325,39.8069],[140.8416,39.8049],[140.8472,39.7983],[140.8483,39.7933],[140.84,39.7885],[140.8346,39.7809],[140.8256,39.7743],[140.8222,39.7746],[140.8161,39.7655],[140.8161,39.7629],[140.8053,39.7567],[140.807,39.7531],[140.806,39.7473],[140.8037,39.7448],[140.7975,39.7412],[140.7868,39.738],[140.7808,39.738],[140.7748,39.7346],[140.7751,39.7329],[140.7793,39.7325],[140.784,39.7291],[140.7833,39.7257],[140.7887,39.7229],[140.7883,39.7197],[140.7944,39.7096],[140.8053,39.7108],[140.8099,39.708],[140.8089,39.7019],[140.8113,39.6955],[140.8157,39.691],[140.8226,39.6882],[140.8192,39.684],[140.8184,39.6801],[140.8226,39.6691],[140.8202,39.6531],[140.8223,39.65],[140.8153,39.6461],[140.8157,39.6442],[140.8117,39.6367],[140.8071,39.6322],[140.8084,39.6243],[140.8026,39.6189],[140.8049,39.612],[140.7975,39.6041],[140.7942,39.6027],[140.7822,39.604],[140.7787,39.5984],[140.7806,39.5903],[140.7742,39.5909],[140.7701,39.5885],[140.7638,39.5876],[140.7543,39.5707],[140.7402,39.5653],[140.7296,39.5651],[140.7275,39.556],[140.7291,39.553],[140.7397,39.5466],[140.7395,39.5405],[140.7413,39.5362],[140.7388,39.5329],[140.7378,39.5224],[140.7317,39.5224],[140.7247,39.5186],[140.7232,39.5143],[140.7211,39.5141],[140.7243,39.5112],[140.724,39.5044],[140.7198,39.5048],[140.7136,39.4989],[140.7133,39.4941],[140.7183,39.4877],[140.7189,39.4848],[140.7244,39.4805],[140.7086,39.4751],[140.697,39.4666],[140.6895,39.4648],[140.6873,39.4602],[140.6819,39.4572],[140.681,39.4531],[140.6768,39.4478],[140.6856,39.4373],[140.6863,39.4328],[140.6839,39.4269],[140.685,39.4245],[140.6797,39.4171],[140.6769,39.4189],[140.6751,39.4169],[140.6697,39.4176],[140.6621,39.4147],[140.6584,39.4151],[140.6575,39.4112],[140.6588,39.4093],[140.6628,39.4081],[140.6617,39.4054],[140.6637,39.4037],[140.658,39.3998],[140.6531,39.391],[140.6656,39.3842],[140.6751,39.3859],[140.679,39.3832],[140.68,39.3816],[140.6788,39.3734],[140.6762,39.3713],[140.6756,39.3684],[140.6817,39.3643],[140.6826,39.3621],[140.6927,39.3586],[140.6878,39.351],[140.6884,39.3475],[140.6927,39.3445],[140.6957,39.3454],[140.7032,39.3436],[140.7035,39.3404],[140.7052,39.3399],[140.7067,39.3348],[140.7082,39.3345],[140.7093,39.33],[140.6986,39.3284],[140.6975,39.3218],[140.694,39.3198],[140.6926,39.3136],[140.6972,39.3103],[140.6932,39.3042],[140.6936,39.2996],[140.7019,39.2999],[140.704,39.3019],[140.7108,39.2958],[140.7173,39.2965],[140.7188,39.2942],[140.7184,39.2911],[140.7163,39.2897],[140.7178,39.2846],[140.7167,39.2778],[140.7181,39.2768],[140.7178,39.2726],[140.7277,39.2703],[140.733,39.2664],[140.7365,39.2667],[140.7437,39.2618],[140.7513,39.2628],[140.7532,39.2581],[140.7572,39.2548],[140.7614,39.2548],[140.7662,39.2512],[140.7689,39.2525],[140.7771,39.2416],[140.7886,39.2384],[140.786,39.2342],[140.7876,39.2268],[140.7771,39.2234],[140.7702,39.2234],[140.7693,39.2195],[140.7663,39.2186],[140.763,39.2132],[140.7676,39.2048],[140.7648,39.1978],[140.771,39.1934],[140.7787,39.1948],[140.7808,39.192],[140.7885,39.1886],[140.7974,39.19],[140.8082,39.1804],[140.8077,39.1782],[140.8033,39.1763],[140.7995,39.1751],[140.7962,39.1766],[140.7885,39.1727],[140.7862,39.1668],[140.7837,39.1654],[140.7786,39.1686],[140.7741,39.1679],[140.7707,39.1594],[140.7656,39.155],[140.7655,39.1523],[140.7597,39.1464],[140.7592,39.1437],[140.7529,39.1426],[140.7489,39.1381],[140.7512,39.1331],[140.7581,39.1337],[140.7608,39.1297],[140.77,39.1242],[140.7666,39.1202],[140.7559,39.1183],[140.7559,39.1122],[140.7617,39.1109],[140.7632,39.1089],[140.7561,39.0973],[140.7571,39.0939],[140.7532,39.0909],[140.7527,39.0862],[140.7585,39.0854],[140.759,39.0834],[140.7632,39.0806],[140.7665,39.0811],[140.7704,39.0789],[140.7741,39.0791],[140.7783,39.0821],[140.7821,39.0815],[140.7834,39.0791],[140.7941,39.077],[140.8,39.0766],[140.8024,39.0779],[140.8008,39.074],[140.8041,39.0721],[140.8039,39.0672],[140.7999,39.0638],[140.7995,39.061],[140.8048,39.0579],[140.8102,39.0574],[140.8046,39.053],[140.8037,39.0505],[140.8008,39.0495],[140.7994,39.0444],[140.7935,39.0419],[140.7961,39.0362],[140.7932,39.0328],[140.7953,39.0294],[140.7903,39.0236],[140.7857,39.0215],[140.7834,39.0164],[140.7801,39.0147],[140.7787,39.0082],[140.7687,39.0035],[140.7682,39.001],[140.764,39.0002],[140.7647,38.9965],[140.7679,38.9947],[140.7672,38.9919],[140.7639,38.9894],[140.7645,38.9854],[140.7688,38.9822],[140.7701,38.9762],[140.7749,38.9704],[140.7722,38.9666],[140.772,38.964],[140.775,38.9604],[140.7736,38.9581],[140.7821,38.9582],[140.7939,38.964],[140.8005,38.9619],[140.8111,38.9646],[140.8244,38.9641],[140.8377,38.9576],[140.8411,38.9503],[140.8552,38.9433],[140.8648,38.9413],[140.8729,38.935],[140.8744,38.932],[140.8814,38.9296],[140.8815,38.9279],[140.8854,38.927],[140.8871,38.929],[140.8943,38.9274],[140.9026,38.9293],[140.9106,38.9274],[140.9128,38.9251],[140.9129,38.9206],[140.9151,38.9204],[140.9154,38.917]]]]},"properties":{"zone":10,"name":"岩手県"}},{"type":"Feature","geometry":{"type":"MultiPolygon","coordinates":[[[[141.9933,38.6203],[142.0514,38.7619],[142.0117,38.7865],[141.7602,38.8755],[141.6968,38.9134],[141.6885,38.9167],[141.6772,38.9312],[141.6706,38.9355],[141.6647,38.952],[141.6649,38.9552],[141.6508,38.9732],[141.6363,38.9702],[141.6273,38.9706],[141.6192,38.9741],[141.6042,38.9854],[141.5869,38.9887],[141.5802,38.9868],[141.5745,38.9873],[141.5671,38.996],[141.5602,38.9938],[141.557,38.9958],[141.5369,38.9954],[141.5231,38.9914],[141.5166,38.9982],[141.5183,39.0014],[141.5092,39.0028],[141.5068,38.9998],[141.4923,38.999],[141.4873,38.9938],[141.4863,38.9883],[141.484,38.9853],[141.4854,38.9822],[141.4835,38.9782],[141.4888,38.9686],[141.4901,38.9573],[141.4939,38.9552],[141.49,38.9502],[141.4915,38.9487],[141.4908,38.9443],[141.4855,38.9357],[141.4855,38.9323],[141.492,38.9219],[141.4893,38.9175],[141.4921,38.9148],[141.4919,38.9131],[141.4887,38.9067],[141.4705,38.895],[141.4664,38.894],[141.4654,38.8912],[141.4673,38.8882],[141.4657,38.8851],[141.4609,38.8836],[141.4508,38.8758],[141.4511,38.8713],[141.454,38.8656],[141.4526,38.8626],[141.4557,38.8603],[141.4648,38.8581],[141.4661,38.8563],[141.4638,38.853],[141.4546,38.8473],[141.4498,38.8374],[141.4501,38.8326],[141.4519,38.8312],[141.4546,38.8222],[141.453,38.8186],[141.4545,38.8164],[141.459,38.8153],[141.4586,38.814],[141.4543,38.8109],[141.4513,38.8119],[141.4464,38.8105],[141.4378,38.8129],[141.4293,38.8106],[141.4314,38.8066],[141.4334,38.8076],[141.4364,38.8054],[141.4367,38.8017],[141.4337,38.7979],[141.4325,38.7916],[141.4359,38.7866],[141.4396,38.7861],[141.4379,38.7823],[141.4309,38.7833],[141.4297,38.7811],[141.4216,38.7798],[141.4228,38.7717],[141.4098,38.7678],[141.41,38.7732],[141.4156,38.7795],[141.4148,38.7862],[141.4107,38.7856],[141.4048,38.7888],[141.3968,38.7901],[141.3973,38.7953],[141.3938,38.7999],[141.3898,38.7983],[141.3868,38.8],[141.3791,38.7961],[141.3713,38.8075],[141.3659,38.8095],[141.3621,38.8082],[141.3597,38.809],[141.3591,38.811],[141.3527,38.8125],[141.3411,38.8087],[141.3411,38.8065],[141.3343,38.807],[141.332,38.812],[141.3242,38.8155],[141.3171,38.8232],[141.3093,38.8222],[141.3065,38.819],[141.3072,38.8087],[141.3024,38.8035],[141.3036,38.8018],[141.3021,38.7988],[141.3041,38.7975],[141.3045,38.7935],[141.2975,38.7934],[141.2919,38.7964],[141.2849,38.7976],[141.2803,38.7925],[141.2747,38.7943],[141.2751,38.796],[141.2724,38.797],[141.2688,38.7932],[141.2689,38.7882],[141.2629,38.7874],[141.2632,38.7803],[141.258,38.7762],[141.2559,38.7706],[141.2575,38.7617],[141.2543,38.7596],[141.2528,38.7609],[141.2476,38.7605],[141.2479,38.7584],[141.2413,38.7578],[141.2416,38.7558],[141.2365,38.7553],[141.2371,38.7491],[141.2332,38.7477],[141.2158,38.7485],[141.2072,38.7568],[141.2084,38.7611],[141.206,38.7695],[141.2007,38.7715],[141.1956,38.7768],[141.1863,38.7797],[141.1809,38.7845],[141.179,38.7821],[141.1736,38.7811],[141.173,38.7783],[141.1708,38.779],[141.1679,38.7772],[141.1632,38.7821],[141.1605,38.7814],[141.1509,38.7859],[141.1462,38.7844],[141.1386,38.7906],[141.1405,38.7956],[141.1424,38.8121],[141.1399,38.8143],[141.1301,38.8127],[141.1283,38.8159],[141.1236,38.8166],[141.1238,38.8194],[141.126,38.8219],[141.1238,38.8254],[141.1211,38.8262],[141.1164,38.8225],[141.1087,38.8252],[141.1048,38.8229],[141.104,38.8265],[141.1051,38.8284],[141.1035,38.8284],[141.1027,38.8306],[141.1048,38.8374],[141.1131,38.8381],[141.1204,38.8351],[141.1231,38.8359],[141.13,38.8399],[141.1326,38.8452],[141.138,38.8475],[141.1467,38.8563],[141.1461,38.8693],[141.1436,38.8705],[141.1398,38.8775],[141.1356,38.8768],[141.1296,38.8794],[141.1183,38.8807],[141.114,38.878],[141.1074,38.8775],[141.1024,38.8807],[141.1026,38.8848],[141.0987,38.8848],[141.0933,38.8879],[141.0887,38.8836],[141.085,38.8838],[141.0747,38.8795],[141.0713,38.882],[141.0689,38.8813],[141.0615,38.8839],[141.0538,38.8817],[141.0519,38.8833],[141.0458,38.88],[141.0433,38.8765],[141.0325,38.8779],[141.0327,38.8804],[141.0296,38.8835],[141.0251,38.883],[141.0226,38.881],[141.0207,38.8864],[141.013,38.8809],[141.0099,38.8816],[141.0046,38.8787],[141.001,38.8815],[140.9961,38.8806],[140.9938,38.8768],[140.9902,38.8744],[140.9855,38.8753],[140.9825,38.8789],[140.9844,38.88],[140.9808,38.8814],[140.9802,38.8836],[140.9707,38.8879],[140.9726,38.8907],[140.9708,38.8949],[140.9665,38.898],[140.966,38.9012],[140.9619,38.9022],[140.9614,38.9059],[140.9578,38.9081],[140.9545,38.9098],[140.951,38.9094],[140.9494,38.9111],[140.9471,38.9101],[140.9444,38.912],[140.9436,38.9148],[140.9398,38.9162],[140.9361,38.9149],[140.9319,38.9163],[140.9306,38.918],[140.9314,38.9204],[140.9265,38.9214],[140.9223,38.9183],[140.9221,38.9144],[140.9204,38.9162],[140.9145,38.9168],[140.9151,38.9204],[140.9129,38.9206],[140.9128,38.9251],[140.9103,38.9275],[140.9026,38.9293],[140.8943,38.9274],[140.8871,38.929],[140.8854,38.927],[140.8815,38.9279],[140.8814,38.9296],[140.8744,38.932],[140.8729,38.935],[140.8648,38.9413],[140.8552,38.9433],[140.8411,38.9503],[140.8377,38.9576],[140.8244,38.9641],[140.8111,38.9646],[140.8005,38.9619],[140.7939,38.964],[140.7816,38.9581],[140.7766,38.9591],[140.7643,38.957],[140.7586,38.9585],[140.7452,38.9564],[140.7433,38.9537],[140.7309,38.9485],[140.7265,38.9431],[140.7273,38.9403],[140.7232,38.9375],[140.7224,38.933],[140.7174,38.9278],[140.7118,38.9269],[140.7116,38.9232],[140.7089,38.9231],[140.707,38.9203],[140.7034,38.9206],[140.7031,38.9228],[140.7004,38.9238],[140.6932,38.9191],[140.6856,38.9176],[140.6802,38.9133],[140.6791,38.9082],[140.67,38.9005],[140.6689,38.8973],[140.6533,38.8916],[140.6541,38.889],[140.645,38.8886],[140.6391,38.8832],[140.6372,38.8833],[140.6355,38.8863],[140.63,38.8893],[140.6208,38.8902],[140.6136,38.8939],[140.6095,38.8924],[140.6071,38.8866],[140.5978,38.8851],[140.5903,38.8892],[140.5895,38.8862],[140.5863,38.8841],[140.5856,38.8801],[140.5799,38.8814],[140.5726,38.8783],[140.5698,38.8748],[140.5641,38.8746],[140.562,38.873],[140.5542,38.8762],[140.553,38.8828],[140.5471,38.8891],[140.5456,38.8853],[140.5476,38.881],[140.5429,38.8761],[140.5413,38.8763],[140.5387,38.8711],[140.54,38.8619],[140.5535,38.8588],[140.5567,38.8554],[140.5591,38.8473],[140.5663,38.8481],[140.5735,38.8425],[140.58,38.8414],[140.5863,38.8363],[140.5907,38.8361],[140.5929,38.8278],[140.5989,38.8253],[140.5994,38.8174],[140.5966,38.8154],[140.5951,38.8112],[140.5977,38.8087],[140.5956,38.8023],[140.5989,38.7997],[140.6,38.7946],[140.599,38.792],[140.6031,38.7889],[140.6035,38.7837],[140.6124,38.7818],[140.6153,38.7774],[140.627,38.774],[140.6373,38.7774],[140.6421,38.7755],[140.6434,38.7719],[140.6464,38.7695],[140.6434,38.7649],[140.635,38.761],[140.6313,38.7523],[140.6313,38.7471],[140.6203,38.7387],[140.622,38.7364],[140.6205,38.731],[140.607,38.7213],[140.6091,38.7088],[140.6066,38.7037],[140.6169,38.7003],[140.6236,38.6998],[140.6207,38.6963],[140.6235,38.6929],[140.6244,38.6872],[140.6213,38.6849],[140.622,38.6812],[140.6202,38.6807],[140.6195,38.6777],[140.6206,38.6759],[140.6144,38.6696],[140.612,38.6641],[140.6135,38.6618],[140.6094,38.6604],[140.606,38.6554],[140.6044,38.6509],[140.6058,38.6488],[140.602,38.6406],[140.5878,38.634],[140.5795,38.6358],[140.5759,38.6392],[140.5731,38.6375],[140.5694,38.6382],[140.5658,38.6454],[140.5627,38.6481],[140.5545,38.6471],[140.5466,38.6497],[140.5441,38.6481],[140.5403,38.6386],[140.5374,38.6354],[140.5424,38.6295],[140.5432,38.6241],[140.5499,38.6199],[140.5488,38.6184],[140.5522,38.6134],[140.5581,38.6112],[140.5621,38.6073],[140.5622,38.6047],[140.5583,38.6026],[140.5584,38.5976],[140.5697,38.5941],[140.5678,38.5904],[140.572,38.5866],[140.571,38.5803],[140.5755,38.5746],[140.5751,38.5722],[140.5784,38.5701],[140.5781,38.5676],[140.5664,38.5604],[140.5699,38.5556],[140.5664,38.5518],[140.5646,38.5457],[140.5599,38.5422],[140.5561,38.5428],[140.5541,38.5408],[140.5545,38.5346],[140.5562,38.5336],[140.5557,38.53],[140.5625,38.5267],[140.5683,38.5278],[140.5719,38.5256],[140.5678,38.5202],[140.5705,38.5176],[140.5703,38.5153],[140.5634,38.5107],[140.5691,38.506],[140.5674,38.5013],[140.5733,38.4972],[140.5741,38.4947],[140.5945,38.4887],[140.6042,38.4823],[140.6027,38.4789],[140.6079,38.4698],[140.6063,38.4632],[140.6082,38.4584],[140.6172,38.4568],[140.6199,38.4548],[140.6134,38.4536],[140.6082,38.4445],[140.6037,38.4435],[140.5977,38.4365],[140.5923,38.4417],[140.5897,38.4392],[140.5857,38.4406],[140.5804,38.4373],[140.5817,38.4335],[140.5794,38.4232],[140.5713,38.4131],[140.5713,38.4106],[140.5737,38.4076],[140.5745,38.3967],[140.5782,38.3928],[140.5675,38.3853],[140.5635,38.3773],[140.5563,38.3776],[140.5522,38.3762],[140.5455,38.3641],[140.541,38.3621],[140.5337,38.3621],[140.5263,38.3575],[140.5226,38.353],[140.5216,38.3473],[140.5241,38.3414],[140.5251,38.3327],[140.5307,38.3251],[140.5286,38.3226],[140.5297,38.3207],[140.5234,38.3163],[140.5203,38.3095],[140.5043,38.3143],[140.5043,38.3081],[140.502,38.3048],[140.4924,38.3022],[140.4921,38.293],[140.4969,38.2831],[140.492,38.2801],[140.4906,38.2764],[140.488,38.2746],[140.473,38.2718],[140.4712,38.2694],[140.4728,38.2608],[140.4704,38.2595],[140.4695,38.2564],[140.4725,38.2522],[140.4696,38.2476],[140.4692,38.2424],[140.471,38.2348],[140.467,38.2328],[140.4693,38.2284],[140.4743,38.2245],[140.4709,38.2138],[140.4733,38.2099],[140.4727,38.2052],[140.4783,38.1984],[140.479,38.1944],[140.4776,38.1918],[140.48,38.1816],[140.4696,38.1706],[140.4691,38.163],[140.467,38.1608],[140.4676,38.157],[140.452,38.1511],[140.4437,38.1409],[140.4426,38.1358],[140.4449,38.1311],[140.431,38.1269],[140.4251,38.1219],[140.4238,38.1189],[140.4256,38.1149],[140.4174,38.1035],[140.4195,38.0904],[140.4213,38.0885],[140.4176,38.0803],[140.4043,38.0739],[140.4027,38.0703],[140.3965,38.0694],[140.383,38.0715],[140.3801,38.0695],[140.382,38.0636],[140.3736,38.057],[140.3645,38.0563],[140.3559,38.0585],[140.3515,38.057],[140.35,38.054],[140.3444,38.0534],[140.3347,38.0562],[140.3199,38.0554],[140.3157,38.0584],[140.3118,38.057],[140.3084,38.0577],[140.3027,38.0536],[140.2966,38.0572],[140.2925,38.0556],[140.2891,38.0593],[140.2819,38.0595],[140.2776,38.0567],[140.2834,38.05],[140.282,38.0491],[140.2819,38.0441],[140.2791,38.0433],[140.2759,38.036],[140.277,38.0331],[140.276,38.0287],[140.2814,38.0257],[140.2832,38.0158],[140.2869,38.0085],[140.2896,38.0072],[140.2769,37.9942],[140.2749,37.982],[140.2841,37.9731],[140.29,37.9723],[140.2916,37.9704],[140.3022,37.9691],[140.3085,37.9636],[140.3142,37.9644],[140.3164,37.9581],[140.3276,37.9587],[140.3333,37.9517],[140.336,37.9551],[140.3486,37.9502],[140.3557,37.9521],[140.3535,37.9548],[140.3551,37.9578],[140.3589,37.959],[140.3642,37.9587],[140.3845,37.9522],[140.386,37.9556],[140.3856,37.9649],[140.3884,37.9691],[140.3983,37.9744],[140.4074,37.9737],[140.4091,37.9638],[140.4141,37.9635],[140.4199,37.9608],[140.4291,37.9544],[140.4385,37.9541],[140.4446,37.957],[140.4482,37.951],[140.456,37.9504],[140.4616,37.9526],[140.4659,37.9492],[140.4749,37.9468],[140.4674,37.9382],[140.4687,37.9362],[140.4679,37.9317],[140.4695,37.9293],[140.4683,37.9237],[140.4695,37.9179],[140.4766,37.9069],[140.4829,37.9037],[140.4831,37.9017],[140.4888,37.8995],[140.4983,37.9004],[140.5034,37.9056],[140.5158,37.9035],[140.5168,37.9071],[140.5219,37.9088],[140.5316,37.9052],[140.5499,37.91],[140.5589,37.9099],[140.5637,37.9122],[140.5623,37.914],[140.5644,37.9154],[140.5626,37.9181],[140.5664,37.9228],[140.5696,37.921],[140.5698,37.9188],[140.574,37.9177],[140.5753,37.9145],[140.5843,37.9089],[140.5867,37.9101],[140.5913,37.9062],[140.5966,37.9063],[140.6007,37.9105],[140.6102,37.9111],[140.6101,37.9136],[140.6124,37.9153],[140.6186,37.9126],[140.6234,37.901],[140.6273,37.8991],[140.6446,37.8955],[140.6473,37.8988],[140.6626,37.9002],[140.6669,37.8951],[140.6901,37.8882],[140.6909,37.8837],[140.6829,37.8795],[140.6818,37.8759],[140.6874,37.8714],[140.6858,37.8679],[140.6914,37.8614],[140.6929,37.8573],[140.6908,37.8528],[140.692,37.8509],[140.6856,37.8469],[140.6869,37.8421],[140.6792,37.8363],[140.6843,37.8305],[140.6835,37.8283],[140.6865,37.82],[140.6854,37.8156],[140.6897,37.8132],[140.6919,37.8075],[140.6953,37.8047],[140.6943,37.8033],[140.7028,37.8032],[140.7122,37.8003],[140.7171,37.7949],[140.723,37.7925],[140.7269,37.7815],[140.738,37.7872],[140.7451,37.7885],[140.749,37.7853],[140.7588,37.7854],[140.7752,37.7818],[140.7921,37.7733],[140.7979,37.7748],[140.7996,37.778],[140.8032,37.7799],[140.7949,37.7809],[140.7871,37.789],[140.7835,37.7895],[140.7828,37.7916],[140.7794,37.791],[140.7789,37.7933],[140.7742,37.7941],[140.7727,37.7973],[140.7644,37.7969],[140.7655,37.7987],[140.773,37.8012],[140.775,37.8064],[140.7832,37.8045],[140.7922,37.8001],[140.806,37.798],[140.8104,37.7955],[140.8216,37.7989],[140.8305,37.7948],[140.8413,37.7961],[140.8517,37.7953],[140.8547,37.7973],[140.8579,37.8029],[140.8537,37.807],[140.8539,37.8117],[140.8582,37.8149],[140.8536,37.821],[140.8559,37.8288],[140.8523,37.8297],[140.8551,37.8338],[140.8534,37.8353],[140.8542,37.8418],[140.8505,37.8492],[140.8509,37.851],[140.8587,37.8564],[140.8614,37.862],[140.8606,37.8673],[140.8545,37.8745],[140.8611,37.8794],[140.8565,37.8826],[140.8567,37.8867],[140.8599,37.8887],[140.8566,37.8912],[140.8641,37.893],[140.8701,37.8964],[140.8799,37.8976],[140.8907,37.9024],[140.8965,37.9025],[140.9002,37.9043],[140.8996,37.9],[140.9011,37.8976],[140.9119,37.8966],[140.9148,37.898],[140.9195,37.8946],[140.9202,37.892],[140.9238,37.8922],[140.9239,37.8948],[140.9259,37.8957],[140.9456,37.8985],[140.999,37.901],[141.1904,37.9692],[141.2068,37.9736],[141.2991,37.9886],[141.4377,37.8868],[141.7634,38.1309],[141.7868,38.153],[141.805,38.1748],[141.8155,38.1902],[141.8278,38.2144],[141.9933,38.6203]]]]},"properties":{"zone":10,"name":"宮城県"}},{"type":"Feature","geometry":{"type":"MultiPolygon","coordinates":[[[[128.6836,27],[128.687,27.0179],[128.6886,27.041],[128.6858,27.0711],[128.6835,27.0832],[128.6749,27.1095],[128.6564,27.144],[128.7025,27.1627],[128.7466,27.1883],[128.7932,27.2225],[128.8119,27.2398],[128.8282,27.2584],[128.8606,27.2818],[128.8883,27.3076],[128.9111,27.3376],[128.9228,27.3595],[128.9297,27.3774],[128.9347,27.3956],[128.9377,27.4144],[128.9389,27.4338],[128.9368,27.4614],[128.9714,27.4638],[129.0232,27.4721],[129.0404,27.4756],[129.0739,27.4858],[129.1124,27.5041],[129.136,27.5202],[129.157,27.5387],[129.1843,27.5715],[129.1994,27.5945],[129.2159,27.616],[129.229,27.6393],[129.2393,27.6665],[129.2509,27.6905],[129.259,27.7159],[129.2631,27.7419],[129.2632,27.7828],[129.2614,27.7974],[129.3023,27.8025],[129.3422,27.8142],[129.3808,27.8334],[129.4165,27.8568],[129.661,28.0734],[129.7422,28.1663],[129.7676,28.1426],[129.8059,28.115],[129.8299,28.1014],[129.8561,28.0902],[129.8859,28.0814],[129.9303,28.075],[129.9679,28.0757],[130,28.0803],[130,28.5774],[129.9745,28.5746],[129.9479,28.569],[129.9435,28.5907],[129.9357,28.6137],[129.9541,28.6312],[129.9709,28.6516],[129.9847,28.6739],[129.996,28.7],[130,28.7125],[130,28.8045],[129.9891,28.8346],[129.9831,28.8465],[129.9683,28.869],[129.9422,28.8975],[129.9119,28.9205],[129.89,28.9329],[129.8543,28.947],[129.8165,28.9556],[129.7909,28.9581],[129.7462,28.9564],[129.7175,28.9512],[129.6887,28.9423],[129.6622,28.9306],[129.6277,28.9087],[129.5982,28.8813],[129.5765,28.8518],[129.565,28.8292],[129.5539,28.7951],[129.5497,28.76],[129.553,28.7237],[129.5592,28.7004],[129.0698,28.4804],[129.0225,28.4498],[129.0129,28.4416],[128.9529,28.3751],[128.9386,28.3566],[128.9219,28.3263],[128.9136,28.3034],[128.907,28.2652],[128.9103,28.1703],[128.9047,28.1365],[128.905,28.1084],[128.8678,28.091],[128.8402,28.0858],[128.8031,28.0735],[128.7733,28.0585],[128.7552,28.0465],[128.7308,28.0263],[128.7101,28.004],[128.692,27.9794],[128.6765,27.9488],[128.6692,27.9261],[128.6594,27.8823],[128.656,27.8635],[128.653,27.8285],[128.6562,27.7947],[128.6619,27.7724],[128.6557,27.7368],[128.6553,27.7153],[128.6572,27.6963],[128.6658,27.6624],[128.6755,27.6401],[128.6477,27.6366],[128.6214,27.6306],[128.5904,27.6192],[128.5588,27.6042],[128.5341,27.6053],[128.5004,27.6028],[128.4683,27.5964],[128.4375,27.586],[128.3997,27.5663],[128.3746,27.5474],[128.3542,27.5275],[128.3297,27.4939],[128.3115,27.4581],[128.3046,27.4379],[128.3,27.418],[128.3006,27.3299],[128.3085,27.3035],[128.3167,27.2831],[128.3359,27.2505],[128.3,27.2338],[128.3,27],[128.6836,27]]],[[[130,30.418],[129.9413,30.3887],[129.9702,30.3495],[130,30.3187],[130,30.2516],[129.9706,30.2425],[129.9499,30.2335],[129.9274,30.2217],[129.9068,30.2081],[129.8824,30.206],[129.8422,30.1974],[129.8236,30.1911],[129.7875,30.1739],[129.7608,30.1567],[129.7372,30.1362],[129.7179,30.1148],[129.7025,30.0923],[129.6939,30.0752],[129.6678,30.0811],[129.6434,30.0935],[129.6229,30.1017],[129.5809,30.1123],[129.537,30.1162],[129.4898,30.1119],[129.4447,30.1004],[129.4139,30.0871],[129.395,30.0761],[129.3613,30.0501],[129.3463,30.0348],[129.3275,30.0103],[129.3137,29.985],[129.3046,29.96],[129.2991,29.9326],[129.298,29.9104],[129.3012,29.8791],[129.3101,29.8403],[129.3177,29.8217],[129.3315,29.7971],[129.3123,29.7631],[129.3052,29.7446],[129.2967,29.7062],[129.2955,29.6868],[129.2998,29.6481],[129.3051,29.629],[129.3123,29.6106],[129.3229,29.5907],[129.3362,29.5716],[129.3519,29.5537],[129.3708,29.5366],[129.3636,29.5187],[129.3556,29.4817],[129.3546,29.4631],[129.3577,29.4302],[129.3249,29.4297],[129.2772,29.4239],[129.254,29.4184],[129.2318,29.4111],[129.2124,29.4026],[129.176,29.3811],[129.1435,29.3531],[129.0962,29.3391],[129.0577,29.3203],[129.0404,29.3086],[129.0095,29.281],[128.9856,29.249],[128.9683,29.2138],[128.9626,29.1952],[128.9589,29.1762],[128.9575,29.1576],[128.9581,29.138],[128.9607,29.1189],[128.9724,29.0813],[128.9899,29.0499],[129,29.0367],[128.9555,29.0322],[128.9132,29.0213],[128.8733,29.0034],[128.8385,28.9793],[128.8133,28.9542],[128.7757,28.9027],[128.7618,28.8779],[128.7539,28.8589],[128.7486,28.8393],[128.7455,28.8202],[128.7446,28.8001],[128.7458,28.7808],[128.7494,28.7612],[128.7623,28.7243],[128.782,28.6903],[128.7949,28.674],[128.8249,28.645],[128.8423,28.6325],[128.8804,28.6123],[128.9107,28.602],[128.9416,28.5956],[128.9957,28.5916],[129.0196,28.5928],[129.0666,28.6014],[129.1091,28.6166],[129.1468,28.6387],[129.1635,28.6522],[129.1921,28.6828],[129.2034,28.6994],[129.2128,28.7171],[129.2261,28.7549],[129.2303,28.7755],[129.2339,28.8213],[129.2336,28.8408],[129.2274,28.8769],[129.2143,28.9117],[129.2064,28.9266],[129.2535,28.9286],[129.2876,28.9354],[129.3226,28.9477],[129.3488,28.9611],[129.3612,28.9692],[129.3835,28.9868],[129.3995,29.0023],[129.4238,29.0345],[129.4507,29.0424],[129.4907,29.0611],[129.5144,29.0767],[129.545,29.1048],[129.5692,29.1384],[129.5852,29.1746],[129.5888,29.1878],[129.5929,29.2141],[129.5928,29.245],[129.637,29.2466],[129.667,29.2511],[129.695,29.2585],[129.7192,29.2677],[129.7484,29.2827],[129.7752,29.3009],[129.7983,29.3218],[129.8177,29.3457],[129.8283,29.3629],[129.8403,29.3894],[129.8478,29.4174],[129.8506,29.4459],[129.8823,29.4711],[129.9094,29.499],[129.9293,29.5227],[129.9436,29.5458],[129.9569,29.5749],[129.9628,29.5927],[129.9678,29.6188],[130,29.6291],[130,30.418]]],[[[130,32],[129.315,32],[129.5197,31.8492],[129.4877,31.8096],[129.4426,31.7397],[129.2114,31.2715],[129.2038,31.2585],[129.1917,31.2307],[129.1849,31.2028],[129.1823,31.18],[129.1824,31.1629],[129.1902,30.8221],[129.1921,30.803],[129.1956,30.7865],[129.2026,30.765],[129.2176,30.7356],[129.2297,30.7181],[129.2575,30.6891],[129.2699,30.679],[129.2989,30.6604],[129.3312,30.6455],[129.3543,30.6382],[129.3864,30.6316],[129.851,30.5772],[130,30.6513],[130,32]]],[[[130,28.0803],[130.0318,28.0881],[130.0681,28.1023],[130.0969,28.1167],[130.1233,28.1343],[130.1521,28.1601],[130.1635,28.1731],[130.1827,28.2009],[130.1967,28.2147],[130.2167,28.2385],[130.2167,28.4872],[130.1938,28.5111],[130.1739,28.5272],[130.1407,28.5479],[130.1169,28.559],[130.0903,28.5681],[130.0626,28.5745],[130.0341,28.5778],[130,28.5774],[130,28.7125],[130.0053,28.741],[130.0061,28.7549],[130.0045,28.783],[130,28.8045],[130,28.0803]]]]},"properties":{"zone":1,"name":"鹿児島県"}},{"type":"Feature","geometry":{"type":"MultiPolygon","coordinates":[[[[128.5435,26.8389],[128.5642,26.848],[128.5921,26.8641],[128.6167,26.8831],[128.6308,26.8969],[128.6434,26.912],[128.6638,26.9448],[128.6787,26.9824],[128.6836,27],[128.2646,27],[128.3532,26.9397],[128.4076,26.9114],[128.4504,26.8849],[128.5435,26.8389]]],[[[130.7785,32],[130.7779,32.0155],[130.762,32.0244],[130.7621,32.0274],[130.759,32.0295],[130.76,32.0311],[130.7586,32.0333],[130.757,32.0323],[130.747,32.0357],[130.7463,32.0419],[130.7428,32.0419],[130.7371,32.0477],[130.7034,32.0584],[130.7035,32.077],[130.7061,32.0801],[130.7125,32.0818],[130.716,32.0857],[130.7179,32.0891],[130.7179,32.0947],[130.7212,32.0987],[130.7206,32.1008],[130.7147,32.1039],[130.6991,32.107],[130.6771,32.1239],[130.673,32.1245],[130.6702,32.1291],[130.667,32.128],[130.6627,32.1328],[130.655,32.1357],[130.6554,32.1411],[130.6516,32.1513],[130.6414,32.1519],[130.6377,32.1549],[130.6344,32.1539],[130.6311,32.1561],[130.6227,32.1561],[130.6146,32.1677],[130.6172,32.1695],[130.6167,32.1737],[130.6136,32.1772],[130.612,32.1843],[130.6092,32.1872],[130.5917,32.186],[130.5952,32.1835],[130.5968,32.176],[130.589,32.1678],[130.5867,32.1608],[130.5835,32.1585],[130.5827,32.1549],[130.5703,32.1538],[130.5626,32.1552],[130.5462,32.1494],[130.542,32.1495],[130.5412,32.1469],[130.5428,32.1445],[130.5397,32.1396],[130.5403,32.1367],[130.5339,32.1377],[130.5207,32.1352],[130.5098,32.1404],[130.5055,32.1407],[130.4991,32.1355],[130.4919,32.1336],[130.4869,32.1353],[130.4867,32.1371],[130.4823,32.1396],[130.4769,32.139],[130.476,32.1226],[130.4736,32.1218],[130.4735,32.1186],[130.467,32.1157],[130.4633,32.1188],[130.4572,32.1167],[130.457,32.1142],[130.4537,32.1129],[130.4488,32.1168],[130.4412,32.114],[130.4306,32.115],[130.4288,32.1138],[130.4229,32.1178],[130.4024,32.1204],[130.4008,32.1229],[130.4033,32.1244],[130.392,32.1342],[130.3866,32.1475],[130.3797,32.1508],[130.3774,32.1548],[130.3673,32.1628],[130.3659,32.1625],[130.3598,32.169],[130.3488,32.1743],[130.3088,32.1757],[130.2969,32.197],[130.2932,32.2126],[130.3063,32.2319],[130.3245,32.247],[130.3173,32.2599],[130.2842,32.2924],[130.276,32.3038],[130.2644,32.3162],[130.242,32.3286],[130.2307,32.3234],[130.198,32.2981],[130.1781,32.2798],[130.1588,32.2554],[130.1344,32.2495],[130.1302,32.2446],[130.1105,32.2324],[130.084,32.1883],[130.0766,32.1797],[130.0753,32.1758],[130.082,32.1545],[130.0816,32.148],[130.0782,32.1377],[130.0589,32.1016],[130.0373,32.0378],[130.0063,32.0111],[129.9595,32.0092],[129.9189,32.0115],[129.8401,32.0375],[129.8101,32.0489],[129.3216,32.1753],[129.2369,32.0952],[129.21,32.077],[129.315,32],[130.7785,32]]],[[[128.3,27],[128.3,27.418],[128.2963,27.3965],[128.295,27.3755],[128.297,27.3479],[128.3,27.3325],[128.3,27.2338],[128.2587,27.2079],[128.2401,27.1934],[128.2299,27.2035],[128.2052,27.0387],[128.2646,27],[128.3,27]]],[[[130.2167,28.2385],[130.2335,28.2628],[130.2492,28.295],[130.2579,28.3235],[130.261,28.3431],[130.2621,28.3628],[130.2601,28.388],[130.2509,28.4262],[130.2362,28.4588],[130.2167,28.4872],[130.2167,28.2385]]],[[[131.2138,30.424],[131.2353,30.4492],[131.2536,30.48],[131.2647,30.5068],[131.287,30.5798],[131.2904,30.6064],[131.306,30.6399],[131.3107,30.655],[131.3153,30.6817],[131.3142,30.7233],[131.3108,30.7411],[131.3142,30.7592],[131.3159,30.7842],[131.3121,30.8228],[131.301,30.8585],[131.2771,30.9132],[131.26,30.9429],[131.1087,30.8683],[131.0994,30.8775],[131.0884,30.8842],[131.0681,30.89],[131.045,30.89],[131.0285,30.8849],[131.0134,30.8768],[130.9871,30.8576],[130.9777,30.8443],[130.974,30.8331],[130.9564,30.8156],[130.9481,30.8026],[130.9113,30.7892],[130.8974,30.8041],[130.8874,30.8106],[130.8756,30.8153],[130.8625,30.8177],[130.8509,30.8177],[130.8288,30.812],[130.8188,30.8062],[130.7992,30.7874],[130.7913,30.7771],[130.7859,30.7665],[130.7772,30.7317],[130.7776,30.7191],[130.7849,30.701],[130.3204,30.4631],[130.3161,30.4717],[130.3069,30.4828],[130.2917,30.4925],[130.2701,30.5101],[130.2627,30.5142],[130.2445,30.5205],[130.2385,30.5261],[130.2167,30.5401],[130.2167,29.8982],[130.236,29.9154],[130.2514,29.9329],[130.2692,29.9599],[130.2782,29.9783],[130.2852,29.9975],[130.2928,30.027],[130.296,30.053],[130.2951,30.0792],[130.3458,30.0545],[130.3946,30.0397],[130.4663,30.0283],[130.4893,30.0267],[130.5279,30.0267],[130.5666,30.0292],[130.609,30.0365],[130.6304,30.0419],[130.652,30.0479],[130.6929,30.063],[130.7386,30.0885],[130.7631,30.1061],[130.7751,30.1167],[130.7958,30.1394],[130.8114,30.1522],[130.839,30.1471],[130.8675,30.1446],[130.9088,30.1452],[130.9535,30.1534],[130.9777,30.1614],[131.0016,30.162],[131.0371,30.1672],[131.0751,30.1784],[131.1006,30.1897],[131.1232,30.203],[131.1472,30.2218],[131.1678,30.2427],[131.1837,30.2639],[131.1942,30.2824],[131.2012,30.2985],[131.2107,30.3331],[131.2151,30.3954],[131.2138,30.424]]],[[[130.914,31.8858],[130.9103,31.8878],[130.9008,31.8858],[130.897,31.8878],[130.8954,31.8937],[130.8915,31.8985],[130.8929,31.8998],[130.8921,31.9014],[130.8864,31.9091],[130.887,31.9122],[130.8828,31.9151],[130.8824,31.9211],[130.8781,31.9222],[130.8727,31.928],[130.8697,31.9279],[130.8656,31.9339],[130.8596,31.9346],[130.8572,31.9382],[130.8446,31.9399],[130.8416,31.9427],[130.816,31.9413],[130.8053,31.9498],[130.7999,31.9497],[130.8011,31.9608],[130.7964,31.9652],[130.7945,31.9733],[130.7836,31.9798],[130.7785,32],[130.2167,32],[130.2167,30.6858],[130.3153,30.6739],[130.3273,30.6744],[130.3464,30.6803],[130.4793,30.761],[131.2669,31.2516],[131.2551,31.2744],[131.1917,31.3323],[131.167,31.3724],[131.1681,31.4058],[131.1574,31.4223],[131.1449,31.4375],[131.1498,31.4514],[131.1631,31.4654],[131.1622,31.4669],[131.1648,31.4766],[131.1632,31.4841],[131.1658,31.4891],[131.171,31.4941],[131.169,31.4967],[131.17,31.4999],[131.179,31.5062],[131.1971,31.5117],[131.2008,31.5177],[131.2002,31.5295],[131.2015,31.5313],[131.1972,31.5387],[131.1989,31.5415],[131.1959,31.5467],[131.1969,31.5495],[131.1889,31.5575],[131.1938,31.5599],[131.1956,31.5628],[131.1997,31.5641],[131.2018,31.5671],[131.2001,31.5693],[131.2029,31.5712],[131.2054,31.5799],[131.1976,31.5951],[131.1864,31.6052],[131.1852,31.6104],[131.1873,31.6154],[131.1901,31.6178],[131.1884,31.6246],[131.179,31.6269],[131.1786,31.63],[131.1699,31.6335],[131.1685,31.6373],[131.1644,31.6395],[131.1631,31.6365],[131.1588,31.6371],[131.1564,31.6362],[131.1559,31.6342],[131.1511,31.6333],[131.1503,31.63],[131.1426,31.6304],[131.1388,31.6277],[131.128,31.6265],[131.1228,31.6304],[131.1178,31.6293],[131.1131,31.633],[131.1133,31.6352],[131.1079,31.6377],[131.101,31.6447],[131.0942,31.6474],[131.0894,31.6536],[131.0832,31.6561],[131.0792,31.6601],[131.0717,31.6574],[131.069,31.6499],[131.0589,31.6396],[131.0574,31.6342],[131.0544,31.6334],[131.052,31.6372],[131.0527,31.6397],[131.0492,31.6401],[131.0475,31.6421],[131.0483,31.6475],[131.0447,31.6544],[131.0371,31.6617],[131.0309,31.6629],[131.0256,31.6669],[131.0276,31.6685],[131.0261,31.671],[131.029,31.6741],[131.0263,31.6734],[131.0235,31.675],[131.0268,31.6819],[131.0238,31.6852],[131.0256,31.6883],[131.0237,31.6918],[131.0255,31.6915],[131.0292,31.6969],[131.0198,31.7038],[131.0177,31.7071],[131.0181,31.7102],[131.0143,31.71],[131.0131,31.7131],[131.016,31.7168],[131.0177,31.7249],[131.0161,31.7391],[131.0161,31.743],[131.0179,31.745],[131.0168,31.7473],[131.015,31.7489],[131.0097,31.747],[131.0064,31.7493],[130.9979,31.7459],[130.9906,31.7512],[130.9869,31.7497],[130.984,31.7516],[130.9785,31.7516],[130.9777,31.7584],[130.9792,31.7617],[130.9837,31.7643],[130.9824,31.7646],[130.9828,31.7674],[130.9884,31.7655],[130.9917,31.7712],[130.9901,31.7778],[130.987,31.7801],[130.9803,31.7785],[130.9768,31.7824],[130.9714,31.7846],[130.966,31.7812],[130.9309,31.7857],[130.9254,31.7911],[130.9258,31.7944],[130.9235,31.7967],[130.9237,31.7986],[130.9183,31.7993],[130.9173,31.8041],[130.9146,31.8049],[130.9093,31.8007],[130.9013,31.801],[130.8905,31.8065],[130.8843,31.8054],[130.8816,31.81],[130.8816,31.8132],[130.8768,31.8158],[130.8777,31.8283],[130.8817,31.8295],[130.882,31.8317],[130.8788,31.8368],[130.8791,31.8394],[130.875,31.8427],[130.8762,31.8442],[130.8844,31.8455],[130.8884,31.8486],[130.8893,31.8513],[130.8879,31.8529],[130.8878,31.8615],[130.8924,31.8689],[130.8947,31.8782],[130.9029,31.8848],[130.9068,31.8853],[130.9113,31.8834],[130.914,31.8858]]],[[[130.2167,30.5401],[130.1961,30.5481],[130.1776,30.5493],[130.1617,30.5461],[130.1498,30.5406],[130.133,30.5399],[130.1155,30.5343],[130.1054,30.528],[130.0948,30.5173],[130.0893,30.5083],[130.0861,30.4991],[130.0849,30.4892],[130.0861,30.4799],[130.0916,30.4637],[130,30.418],[130,30.3187],[130.0366,30.2871],[130.0753,30.2596],[130.038,30.2584],[130,30.2516],[130,29.6291],[130.0389,29.6465],[130.0635,29.6617],[130.0858,29.6795],[130.1075,29.7027],[130.1197,29.7196],[130.13,29.7376],[130.1433,29.7731],[130.1471,29.7911],[130.1489,29.8094],[130.1489,29.8335],[130.1464,29.8543],[130.1487,29.8579],[130.177,29.8711],[130.1921,29.8801],[130.2167,29.8982],[130.2167,30.5401]]],[[[130.2167,32],[130,32],[130,30.6513],[130.096,30.6991],[130.2167,30.6858],[130.2167,32]]]]},"properties":{"zone":2,"name":"鹿児島県"}},{"type":"Feature","geometry":{"type":"MultiPolygon","coordinates":[[[[139.2739,35.8396],[139.2604,35.836],[139.2523,35.8382],[139.2428,35.8366],[139.2412,35.84],[139.239,35.8405],[139.2313,35.8366],[139.2202,35.8413],[139.2126,35.8466],[139.2063,35.8459],[139.2031,35.8412],[139.1924,35.8403],[139.1818,35.8438],[139.1744,35.8483],[139.1632,35.851],[139.1594,35.8571],[139.1475,35.8627],[139.1354,35.8654],[139.1193,35.8643],[139.1014,35.8657],[139.0991,35.8687],[139.0914,35.869],[139.08,35.8753],[139.0761,35.8748],[139.0722,35.8716],[139.0616,35.8736],[139.058,35.8774],[139.0498,35.8788],[139.0429,35.8856],[139.024,35.8973],[139.0188,35.8984],[139.0103,35.8972],[139.0068,35.8936],[139.0057,35.8882],[139.0009,35.884],[138.9959,35.8844],[138.9856,35.8812],[138.9789,35.885],[138.973,35.8821],[138.9676,35.882],[138.9652,35.8778],[138.955,35.8752],[138.9497,35.8692],[138.9451,35.8679],[138.9466,35.8645],[138.9429,35.8602],[138.943,35.8572],[138.9485,35.8495],[138.9474,35.8429],[138.9622,35.8296],[138.9698,35.8312],[138.9696,35.8162],[138.9718,35.8144],[138.9722,35.8115],[138.9702,35.8049],[138.9718,35.799],[138.9771,35.7928],[138.9767,35.7892],[138.9849,35.7856],[138.9864,35.7823],[138.9853,35.7744],[138.9837,35.7722],[138.9844,35.7678],[138.9894,35.7635],[138.9926,35.7554],[139.0004,35.7505],[139.0052,35.7505],[139.015,35.7332],[139.0209,35.7273],[139.0224,35.7222],[139.029,35.7168],[139.0348,35.715],[139.039,35.7111],[139.0474,35.7093],[139.0521,35.7048],[139.0627,35.7007],[139.0653,35.6978],[139.0707,35.6976],[139.0722,35.6954],[139.082,35.6956],[139.0844,35.6931],[139.0921,35.6906],[139.0974,35.6923],[139.1059,35.691],[139.1233,35.6775],[139.1277,35.6763],[139.1311,35.672],[139.1367,35.6724],[139.1472,35.6668],[139.1536,35.666],[139.1616,35.6679],[139.165,35.6653],[139.1684,35.6586],[139.167,35.6511],[139.1749,35.6499],[139.1791,35.6456],[139.1898,35.6465],[139.194,35.6518],[139.1983,35.653],[139.2021,35.653],[139.2073,35.6497],[139.2115,35.6491],[139.2155,35.6461],[139.2154,35.6371],[139.2214,35.6295],[139.2196,35.6259],[139.2259,35.6235],[139.2297,35.619],[139.2299,35.6146],[139.2378,35.6098],[139.2386,35.607],[139.2472,35.6051],[139.2519,35.6019],[139.2577,35.6042],[139.2648,35.6025],[139.266,35.6079],[139.2683,35.6092],[139.2854,35.6133],[139.2961,35.6102],[139.2992,35.6063],[139.3039,35.6046],[139.3143,35.6043],[139.3147,35.6055],[139.3208,35.6065],[139.3303,35.6031],[139.34,35.6054],[139.3442,35.6026],[139.3579,35.5987],[139.3627,35.5992],[139.3702,35.5945],[139.3735,35.5949],[139.379,35.59],[139.383,35.59],[139.3844,35.5876],[139.3886,35.5884],[139.3903,35.5852],[139.3942,35.5859],[139.3961,35.5839],[139.3994,35.5847],[139.4016,35.577],[139.4092,35.5753],[139.4125,35.5664],[139.4164,35.5637],[139.4163,35.5617],[139.4183,35.5621],[139.4228,35.5594],[139.4279,35.5525],[139.4274,35.551],[139.4334,35.5463],[139.4359,35.5469],[139.4404,35.5431],[139.4453,35.5419],[139.4485,35.5352],[139.4584,35.5281],[139.4547,35.5216],[139.4634,35.5176],[139.4646,35.5115],[139.4683,35.5062],[139.468,35.5023],[139.4761,35.5013],[139.486,35.5038],[139.4811,35.5061],[139.4771,35.5112],[139.4831,35.519],[139.4847,35.5192],[139.4876,35.5248],[139.4863,35.5266],[139.4878,35.5279],[139.4855,35.5315],[139.4871,35.5357],[139.4839,35.5361],[139.4848,35.538],[139.4816,35.5399],[139.4802,35.5431],[139.4826,35.5484],[139.482,35.5556],[139.4766,35.5628],[139.4748,35.5598],[139.4703,35.5603],[139.4681,35.563],[139.4695,35.5696],[139.4733,35.5738],[139.4754,35.5809],[139.4826,35.5817],[139.4854,35.5848],[139.4903,35.5848],[139.4883,35.5784],[139.4856,35.5781],[139.4828,35.5714],[139.4861,35.569],[139.4896,35.5616],[139.4963,35.5646],[139.4979,35.5678],[139.5008,35.5685],[139.5006,35.5704],[139.5066,35.5717],[139.5074,35.5756],[139.5053,35.5746],[139.5,35.5805],[139.4938,35.5826],[139.4936,35.5891],[139.4868,35.5904],[139.4868,35.5918],[139.4837,35.5929],[139.4849,35.5942],[139.483,35.5933],[139.4836,35.595],[139.4804,35.5946],[139.4795,35.596],[139.4795,35.595],[139.4779,35.5989],[139.4729,35.6002],[139.4679,35.6052],[139.4662,35.6097],[139.4584,35.6078],[139.4535,35.6042],[139.4531,35.6075],[139.4489,35.6117],[139.4529,35.6182],[139.457,35.619],[139.463,35.6248],[139.4684,35.6202],[139.4754,35.6199],[139.4763,35.613],[139.4796,35.6132],[139.4833,35.6085],[139.488,35.6077],[139.4895,35.6045],[139.4999,35.6053],[139.4998,35.6074],[139.4952,35.6127],[139.4948,35.6166],[139.5032,35.6229],[139.5106,35.6234],[139.5161,35.6259],[139.5177,35.6305],[139.5236,35.6324],[139.521,35.6374],[139.5234,35.6387],[139.5253,35.6428],[139.5461,35.6373],[139.5496,35.6342],[139.5575,35.6342],[139.5626,35.6324],[139.5664,35.6297],[139.5654,35.6277],[139.5765,35.6218],[139.5836,35.6214],[139.5919,35.6176],[139.599,35.6185],[139.6057,35.6156],[139.6089,35.6165],[139.6156,35.6133],[139.6183,35.6137],[139.6311,35.6073],[139.651,35.5922],[139.6563,35.5897],[139.6645,35.5895],[139.6693,35.5847],[139.676,35.5669],[139.6788,35.563],[139.69,35.5571],[139.6993,35.5557],[139.7037,35.5526],[139.7035,35.5494],[139.698,35.544],[139.6986,35.5401],[139.7022,35.537],[139.709,35.5364],[139.7173,35.538],[139.7266,35.5436],[139.7337,35.5409],[139.7394,35.5451],[139.7468,35.5438],[139.7568,35.5446],[139.8108,35.5146],[139.8185,35.5073],[139.8578,35.4817],[139.8578,35.6018],[139.8691,35.622],[139.8697,35.633],[139.8738,35.6398],[139.8835,35.6451],[139.8869,35.6537],[139.8874,35.6679],[139.8855,35.6728],[139.8864,35.6786],[139.892,35.6816],[139.9072,35.6844],[139.9189,35.6986],[139.9162,35.708],[139.9081,35.7139],[139.9048,35.7189],[139.8977,35.725],[139.8976,35.7306],[139.901,35.7385],[139.8994,35.7444],[139.8914,35.7493],[139.884,35.7574],[139.8795,35.7675],[139.8817,35.7729],[139.8934,35.7783],[139.8943,35.7816],[139.8876,35.784],[139.8811,35.782],[139.8727,35.7822],[139.8713,35.7884],[139.8766,35.7926],[139.8775,35.7951],[139.8724,35.7974],[139.8637,35.7948],[139.8596,35.7953],[139.8578,35.7921],[139.855,35.7909],[139.8472,35.7957],[139.8439,35.7995],[139.8383,35.8008],[139.8326,35.7955],[139.8274,35.7938],[139.8222,35.7959],[139.8196,35.7992],[139.8208,35.8057],[139.8251,35.8109],[139.8232,35.8144],[139.8213,35.815],[139.8199,35.8126],[139.8208,35.8113],[139.8146,35.8086],[139.8036,35.8088],[139.7977,35.8058],[139.7922,35.8054],[139.7808,35.8072],[139.7723,35.8162],[139.7671,35.8174],[139.7609,35.8125],[139.7555,35.8127],[139.7549,35.8104],[139.7507,35.8102],[139.7507,35.8062],[139.7606,35.7975],[139.76,35.7948],[139.7552,35.79],[139.7555,35.7873],[139.7496,35.7859],[139.7467,35.7867],[139.7453,35.7831],[139.738,35.7802],[139.7391,35.7869],[139.736,35.7891],[139.7326,35.7898],[139.7247,35.7871],[139.7211,35.7914],[139.7063,35.7931],[139.6973,35.7986],[139.697,35.7962],[139.6946,35.7956],[139.6951,35.7998],[139.6924,35.8006],[139.6772,35.7989],[139.6688,35.8004],[139.6534,35.8002],[139.648,35.7972],[139.6444,35.7989],[139.6425,35.7973],[139.6403,35.798],[139.6407,35.7956],[139.6375,35.7908],[139.6328,35.7895],[139.6316,35.786],[139.6289,35.7853],[139.6249,35.781],[139.624,35.774],[139.6254,35.7728],[139.6232,35.7667],[139.6177,35.7666],[139.6172,35.7703],[139.6129,35.7708],[139.6114,35.7695],[139.611,35.7712],[139.6087,35.7691],[139.607,35.7693],[139.6064,35.7713],[139.5987,35.769],[139.5973,35.7713],[139.6028,35.7756],[139.5968,35.7767],[139.5971,35.7781],[139.5943,35.7785],[139.5939,35.7773],[139.5888,35.7788],[139.587,35.7752],[139.5844,35.7751],[139.5844,35.7732],[139.5819,35.7725],[139.5824,35.7711],[139.5781,35.7712],[139.577,35.7679],[139.5741,35.7682],[139.5745,35.7662],[139.5704,35.7655],[139.5715,35.7634],[139.5659,35.7618],[139.5636,35.7628],[139.5616,35.7612],[139.5621,35.7599],[139.5564,35.7591],[139.5551,35.7559],[139.5471,35.7535],[139.547,35.7553],[139.5446,35.755],[139.5473,35.7633],[139.5476,35.7743],[139.53,35.7683],[139.5218,35.7679],[139.5162,35.7658],[139.5225,35.772],[139.5322,35.7735],[139.5432,35.7798],[139.5438,35.7884],[139.5371,35.7916],[139.5447,35.797],[139.5476,35.8021],[139.5417,35.8073],[139.5283,35.7934],[139.5228,35.7916],[139.5226,35.7893],[139.5137,35.7883],[139.5129,35.7856],[139.5068,35.783],[139.4991,35.7822],[139.4969,35.7784],[139.4956,35.7813],[139.4936,35.7814],[139.4937,35.7794],[139.4902,35.7808],[139.489,35.779],[139.4828,35.7811],[139.4766,35.7779],[139.4755,35.7766],[139.4765,35.7754],[139.4737,35.776],[139.4739,35.7748],[139.4706,35.7732],[139.4614,35.7734],[139.458,35.7697],[139.4479,35.769],[139.4448,35.7667],[139.4408,35.767],[139.4386,35.7692],[139.4318,35.7667],[139.4221,35.7681],[139.4199,35.7663],[139.4162,35.7663],[139.4131,35.7683],[139.4045,35.7694],[139.4004,35.7684],[139.3981,35.7646],[139.392,35.7632],[139.3905,35.764],[139.3917,35.7674],[139.3851,35.7652],[139.3804,35.7664],[139.3791,35.7707],[139.3815,35.777],[139.3799,35.777],[139.3799,35.7789],[139.3755,35.7805],[139.3688,35.7783],[139.373,35.7797],[139.3677,35.7842],[139.368,35.7869],[139.3699,35.7874],[139.3687,35.7897],[139.37,35.7919],[139.3596,35.7914],[139.3576,35.794],[139.3532,35.7926],[139.3466,35.7965],[139.3436,35.7943],[139.3382,35.7947],[139.3326,35.7917],[139.3304,35.7943],[139.3252,35.7956],[139.3223,35.7995],[139.3183,35.8098],[139.315,35.8143],[139.3165,35.82],[139.3152,35.8251],[139.3116,35.8253],[139.3048,35.8224],[139.3049,35.8239],[139.3024,35.8242],[139.3015,35.8348],[139.2969,35.8353],[139.2957,35.8335],[139.2908,35.8379],[139.2849,35.8359],[139.2802,35.8411],[139.2798,35.8393],[139.2739,35.8396]]],[[[139.5183,35.6297],[139.5181,35.6297],[139.518,35.6298],[139.5174,35.6299],[139.5172,35.6298],[139.5172,35.6297],[139.5171,35.6298],[139.5171,35.6296],[139.5171,35.6294],[139.5172,35.6294],[139.5174,35.6295],[139.5175,35.6296],[139.5179,35.6294],[139.518,35.6294],[139.5182,35.6293],[139.5183,35.6294],[139.5183,35.6297]]],[[[139.5666,35.7634],[139.5668,35.7632],[139.5671,35.7633],[139.5673,35.7634],[139.5673,35.7635],[139.5672,35.7636],[139.5671,35.7636],[139.5668,35.7635],[139.5668,35.7635],[139.5667,35.7635],[139.5667,35.7634],[139.5666,35.7634]]],[[[139.3636,35.5984],[139.3638,35.5983],[139.3638,35.5985],[139.3636,35.5985],[139.3636,35.5984]]],[[[139.3564,35.599],[139.3565,35.5988],[139.3566,35.5988],[139.3566,35.5987],[139.3565,35.5989],[139.3565,35.599],[139.3564,35.599],[139.3564,35.599]]],[[[140.3421,29.9936],[140.3186,29.9925],[140.2958,29.9894],[140.274,29.9846],[140.2533,29.978],[140.2319,29.9692],[140.2118,29.9585],[140.1773,29.9335],[140.1618,29.9182],[140.1483,29.9018],[140.1368,29.8845],[140.1274,29.8663],[140.1204,29.8483],[140.1155,29.8299],[140.1116,29.7938],[140.1129,29.7731],[140.1165,29.7526],[140.1224,29.7334],[140.1303,29.7149],[140.1403,29.6971],[140.1522,29.6803],[140.1663,29.6643],[140.1822,29.6496],[140.2157,29.6264],[140.2561,29.6081],[140.2956,29.5978],[140.3419,29.5936],[140.3658,29.5947],[140.3894,29.5979],[140.4317,29.6094],[140.4722,29.6285],[140.4903,29.6404],[140.5066,29.6536],[140.5217,29.6683],[140.5388,29.6893],[140.5558,29.7186],[140.5681,29.7542],[140.5715,29.7738],[140.5727,29.7937],[140.5715,29.8135],[140.5683,29.8329],[140.5628,29.8518],[140.5553,29.8699],[140.5455,29.8879],[140.5338,29.905],[140.5199,29.921],[140.5043,29.9358],[140.4874,29.949],[140.4692,29.9605],[140.4505,29.9702],[140.4309,29.9782],[140.3875,29.9897],[140.3421,29.9936]]],[[[139.9189,32.0885],[139.8934,32.0874],[139.8685,32.0839],[139.8442,32.0783],[139.8208,32.0706],[139.801,32.0622],[139.7828,32.0523],[139.7496,32.0287],[139.72,31.9972],[139.698,31.9613],[139.6908,31.9433],[139.6856,31.9249],[139.6814,31.8878],[139.6825,31.8687],[139.6856,31.8499],[139.691,31.8311],[139.6982,31.8133],[139.7075,31.796],[139.7187,31.7794],[139.7468,31.7491],[139.781,31.7239],[139.8211,31.7043],[139.8446,31.6966],[139.8689,31.691],[139.8931,31.6877],[139.9176,31.6866],[139.944,31.688],[139.97,31.6917],[140.0073,31.7018],[140.0293,31.7106],[140.0485,31.7206],[140.0835,31.7445],[140.099,31.7585],[140.112,31.773],[140.1237,31.7884],[140.1379,31.8133],[140.1506,31.85],[140.1549,31.888],[140.1535,31.9085],[140.1499,31.9286],[140.1435,31.9491],[140.1346,31.9689],[140.112,32.0028],[140.0978,32.0186],[140.0816,32.033],[140.0453,32.0571],[140.0047,32.0746],[139.9627,32.085],[139.9189,32.0885]]],[[[140.0506,31.6421],[140.025,31.6409],[139.9999,31.6374],[139.9636,31.6278],[139.941,31.6188],[139.9197,31.6079],[139.8997,31.5949],[139.8813,31.5801],[139.8662,31.5652],[139.8541,31.5506],[139.8346,31.5189],[139.8275,31.502],[139.82,31.4758],[139.8161,31.4396],[139.82,31.4032],[139.8246,31.3856],[139.8349,31.3603],[139.8544,31.3291],[139.8731,31.3078],[139.8879,31.2943],[139.9129,31.2764],[139.9313,31.266],[139.9667,31.2514],[140.0081,31.2415],[140.0508,31.238],[140.0979,31.2419],[140.1429,31.2533],[140.1776,31.2684],[140.1988,31.2811],[140.218,31.2955],[140.2459,31.3236],[140.2619,31.346],[140.2705,31.3617],[140.2782,31.3804],[140.2839,31.3999],[140.2873,31.4196],[140.2882,31.4396],[140.287,31.4594],[140.2834,31.4789],[140.2776,31.4979],[140.2699,31.5162],[140.2582,31.5363],[140.2444,31.5552],[140.2203,31.5805],[140.2026,31.5947],[140.1847,31.6065],[140.1556,31.6212],[140.1351,31.629],[140.0935,31.6389],[140.0506,31.6421]]],[[[139.7404,32.8613],[139.762,32.8546],[139.7967,32.848],[139.8443,32.8459],[139.8714,32.8483],[139.8942,32.8525],[139.9235,32.8607],[139.9445,32.8691],[139.9646,32.8791],[139.9837,32.8909],[140.0014,32.9042],[140.0168,32.9181],[140.0345,32.9378],[140.0616,32.9745],[140.0716,32.9897],[140.0829,33.0117],[140.0897,33.0301],[140.095,33.0528],[140.0977,33.0754],[140.0973,33.099],[140.0904,33.1413],[140.0824,33.1652],[140.0749,33.1808],[140.0712,33.2063],[140.0637,33.2312],[140.0483,33.2616],[140.0377,33.2769],[140.0229,33.2942],[140.0061,33.3099],[139.9874,33.3238],[139.9675,33.3362],[139.9451,33.347],[139.9092,33.3592],[139.871,33.3667],[139.846,33.3685],[139.7857,33.3679],[139.7319,33.3608],[139.7126,33.3569],[139.6653,33.3445],[139.635,33.3332],[139.5985,33.3251],[139.5735,33.3165],[139.5441,33.3024],[139.5269,33.2919],[139.5042,33.2744],[139.4842,33.2544],[139.4711,33.2378],[139.4584,33.2175],[139.4499,33.1992],[139.4435,33.1805],[139.4379,33.1517],[139.4364,33.1322],[139.4393,33.0998],[139.4482,33.0684],[139.4623,33.0373],[139.4726,33.0193],[139.4921,32.9943],[139.5155,32.972],[139.5332,32.959],[139.5529,32.9472],[139.5815,32.9339],[139.6232,32.9216],[139.6581,32.8994],[139.7123,32.873],[139.7404,32.8613]]],[[[139.5165,32.4559],[139.518,32.4345],[139.522,32.4134],[139.5285,32.3927],[139.5371,32.3726],[139.5478,32.3541],[139.5605,32.3366],[139.5756,32.3202],[139.5924,32.3051],[139.6102,32.2915],[139.6296,32.2795],[139.6725,32.2598],[139.6955,32.2526],[139.7196,32.2474],[139.7442,32.2442],[139.7689,32.2431],[139.8172,32.2475],[139.8407,32.2524],[139.8636,32.2594],[139.8858,32.2683],[139.9067,32.279],[139.9264,32.291],[139.9447,32.3046],[139.9611,32.3197],[139.9757,32.3361],[139.9884,32.3537],[139.9989,32.372],[140.0077,32.3924],[140.0138,32.4138],[140.0187,32.4575],[140.016,32.4872],[140.0113,32.5067],[140.0044,32.5258],[139.9952,32.5442],[139.9836,32.562],[139.9699,32.579],[139.9379,32.61],[139.9196,32.6239],[139.8996,32.6363],[139.8782,32.6473],[139.8546,32.6572],[139.8283,32.6651],[139.801,32.6705],[139.7583,32.6734],[139.7339,32.6724],[139.7099,32.6693],[139.6859,32.6639],[139.6627,32.6566],[139.6402,32.647],[139.619,32.6357],[139.5992,32.6222],[139.5812,32.6073],[139.5655,32.5913],[139.552,32.5742],[139.5405,32.556],[139.5313,32.5369],[139.5222,32.5075],[139.5165,32.4559]]],[[[140.0544,30.4824],[140.0557,30.4612],[140.0596,30.4403],[140.0662,30.4198],[140.0749,30.4003],[140.0857,30.3823],[140.0986,30.3652],[140.1136,30.349],[140.13,30.3344],[140.1475,30.3202],[140.1665,30.3077],[140.1867,30.2971],[140.2077,30.2883],[140.2295,30.2815],[140.2519,30.2767],[140.2747,30.2737],[140.2975,30.2728],[140.3224,30.2739],[140.3468,30.2772],[140.3936,30.2887],[140.416,30.2975],[140.4368,30.308],[140.4732,30.3335],[140.4894,30.3489],[140.5038,30.3656],[140.516,30.383],[140.5263,30.4012],[140.5352,30.4226],[140.542,30.4445],[140.5461,30.4669],[140.5472,30.4893],[140.5458,30.5091],[140.5396,30.5374],[140.5333,30.5553],[140.5242,30.5738],[140.5124,30.5924],[140.4986,30.6096],[140.4836,30.6256],[140.4667,30.6403],[140.4285,30.6652],[140.4075,30.6751],[140.3854,30.6831],[140.3625,30.6893],[140.3392,30.6934],[140.3153,30.6954],[140.2908,30.6954],[140.2657,30.6932],[140.2413,30.6888],[140.2174,30.6824],[140.1944,30.6741],[140.1629,30.6585],[140.1433,30.6458],[140.1257,30.6316],[140.0958,30.5992],[140.083,30.5813],[140.0726,30.5625],[140.0646,30.5432],[140.059,30.5234],[140.0556,30.503],[140.0544,30.4824]]],[[[139.2108,34.7855],[139.2012,34.7515],[139.1966,34.7258],[139.1802,34.6629],[139.1743,34.6589],[139.1092,34.5637],[139.09,34.4803],[139.0208,34.4139],[138.9724,34.3807],[138.9521,34.3724],[138.9328,34.3505],[138.8958,34.325],[138.8726,34.3024],[138.8538,34.2775],[138.8365,34.242],[138.831,34.2235],[138.8276,34.2046],[138.8263,34.1854],[138.8279,34.1628],[138.7919,34.1595],[138.7688,34.155],[138.7357,34.1449],[138.7148,34.1358],[138.6953,34.1255],[138.677,34.1134],[138.6415,34.0855],[138.6247,34.0691],[138.6101,34.0514],[138.5979,34.0328],[138.5841,34.0024],[138.5763,33.9704],[138.5747,33.9485],[138.5755,33.9303],[138.5784,33.9119],[138.5833,33.894],[138.5901,33.8766],[138.6028,33.852],[138.6262,33.8212],[138.6415,33.8063],[138.6596,33.7918],[138.6798,33.7787],[138.702,33.7674],[138.7258,33.758],[138.7511,33.7506],[138.7911,33.744],[138.8184,33.7427],[138.8465,33.7442],[138.8876,33.7514],[138.927,33.7645],[138.9622,33.7827],[138.983,33.7974],[139.0005,33.8128],[139.0345,33.8475],[139.0481,33.8655],[139.0594,33.8845],[139.0682,33.9045],[139.0767,33.9361],[139.0788,33.9581],[139.0779,33.9802],[139.1141,33.9833],[139.149,33.9835],[139.1602,33.9603],[139.1746,33.9384],[139.1923,33.9184],[139.2127,33.9004],[139.2363,33.8841],[139.2633,33.8699],[139.2919,33.859],[139.3224,33.8511],[139.2917,33.8518],[139.262,33.8496],[139.2333,33.8444],[139.2062,33.8365],[139.1799,33.8259],[139.1559,33.8128],[139.134,33.7977],[139.1147,33.7807],[139.0959,33.7594],[139.0809,33.7365],[139.0696,33.7123],[139.0642,33.6957],[139.0606,33.6786],[139.0583,33.6526],[139.0604,33.6259],[139.0667,33.5999],[139.0812,33.567],[139.1022,33.5366],[139.115,33.5226],[139.1325,33.507],[139.1623,33.4866],[139.1844,33.4752],[139.2083,33.4659],[139.2468,33.4558],[139.2867,33.4513],[139.3262,33.4523],[139.3646,33.4586],[139.3891,33.4656],[139.4124,33.4748],[139.4453,33.4924],[139.4652,33.5067],[139.4829,33.5224],[139.5078,33.5525],[139.5179,33.5687],[139.5259,33.5856],[139.5324,33.6033],[139.5366,33.6214],[139.539,33.6397],[139.5392,33.6581],[139.5587,33.655],[139.6115,33.6507],[139.6465,33.6516],[139.6703,33.6547],[139.7046,33.6627],[139.7333,33.6733],[139.7579,33.6857],[139.7874,33.7055],[139.8067,33.7225],[139.8215,33.7392],[139.8344,33.7569],[139.8553,33.7944],[139.8657,33.8224],[139.8701,33.8418],[139.8723,33.8614],[139.8713,33.8911],[139.8678,33.9106],[139.8624,33.9297],[139.8499,33.9587],[139.8225,33.9997],[139.7988,34.0256],[139.8057,34.0532],[139.8077,34.0725],[139.8073,34.1076],[139.8038,34.1346],[139.7995,34.152],[139.7893,34.1776],[139.7629,34.2195],[139.7491,34.2355],[139.7264,34.256],[139.6896,34.2817],[139.6581,34.299],[139.6264,34.3112],[139.5931,34.3194],[139.5584,34.3236],[139.5224,34.3249],[139.5213,34.3438],[139.5297,34.3717],[139.5343,34.4002],[139.5355,34.4193],[139.5432,34.4521],[139.5448,34.4735],[139.5429,34.4982],[139.7848,34.6168],[139.6975,34.73],[139.6518,34.8031],[139.6327,34.8224],[139.5753,34.8872],[139.5185,34.9572],[139.4683,34.9761],[139.4208,34.9985],[139.3391,34.9554],[139.2805,34.8931],[139.2501,34.8442],[139.2108,34.7855]]]]},"properties":{"zone":9,"name":"東京都"}},{"type":"Feature","geometry":{"type":"MultiPolygon","coordinates":[[[[140.8468,27.4506],[140.8266,27.4474],[140.7997,27.4405],[140.7636,27.4257],[140.7377,27.4102],[140.7232,27.3992],[140.7086,27.3862],[140.6946,27.3707],[140.6836,27.3562],[140.6676,27.3292],[140.659,27.3096],[140.6537,27.2923],[140.6491,27.2682],[140.6477,27.2469],[140.6513,27.2117],[140.6574,27.1885],[140.6665,27.1663],[140.6855,27.1353],[140.7139,27.1039],[140.7317,27.0891],[140.7491,27.0776],[140.7679,27.0673],[140.7878,27.0587],[140.8061,27.0527],[140.833,27.0465],[140.8635,27.0431],[140.883,27.043],[140.9054,27.0446],[140.9291,27.0486],[140.9671,27.0602],[141.004,27.0787],[141.0238,27.0926],[141.0413,27.1074],[141.0556,27.1222],[141.0703,27.1407],[141.0815,27.1588],[141.0902,27.1768],[141.0964,27.1936],[141.1021,27.217],[141.1052,27.2515],[141.1039,27.2732],[141.1009,27.2899],[141.0912,27.3213],[141.0833,27.338],[141.0709,27.3582],[141.0563,27.3765],[141.0433,27.3898],[141.0283,27.4027],[141.0069,27.4175],[140.9692,27.4359],[140.9348,27.4461],[140.9153,27.4497],[140.8888,27.452],[140.8468,27.4506]]],[[[142.043,27.3472],[142.0263,27.332],[142.0046,27.3082],[141.9901,27.289],[141.9785,27.2695],[141.9663,27.2391],[141.9599,27.2077],[141.9494,27.1852],[141.9402,27.1527],[141.9359,27.1153],[141.9361,27.0937],[141.9424,27.0582],[141.942,27.0341],[141.9466,27.0019],[141.954,26.9773],[141.9683,26.9448],[141.9848,26.9188],[142.0054,26.8954],[141.9711,26.8736],[141.9424,26.8466],[141.9293,26.83],[141.9187,26.8134],[141.9031,26.7784],[141.896,26.7503],[141.8926,26.7025],[141.8952,26.6717],[141.9032,26.6411],[141.8993,26.6046],[141.902,26.5706],[141.9055,26.5531],[141.9138,26.5281],[141.925,26.5054],[141.9344,26.4907],[141.9511,26.4524],[141.9608,26.4363],[141.9757,26.4171],[142.0046,26.3898],[142.0394,26.3673],[142.0692,26.3544],[142.0893,26.3482],[142.1106,26.3436],[142.1438,26.3403],[142.1679,26.3404],[142.193,26.3429],[142.2655,26.3575],[142.296,26.3668],[142.35,26.3923],[142.3768,26.4078],[142.4082,26.4337],[142.4336,26.4643],[142.4522,26.499],[142.461,26.5272],[142.4654,26.5569],[142.4647,26.5861],[142.4593,26.6145],[142.4497,26.6415],[142.431,26.6744],[142.4069,26.7038],[142.3959,26.7351],[142.376,26.7687],[142.3605,26.7991],[142.3402,26.8265],[142.3149,26.8505],[142.3444,26.8637],[142.3697,26.8794],[142.4054,26.9092],[142.4244,26.9299],[142.4403,26.9531],[142.4554,26.9855],[142.4739,27.0582],[142.4767,27.0828],[142.4755,27.1112],[142.4695,27.1406],[142.4628,27.1594],[142.4489,27.1863],[142.421,27.2272],[142.4145,27.2534],[142.4002,27.286],[142.3848,27.3096],[142.36,27.3366],[142.3816,27.3544],[142.4009,27.375],[142.4176,27.3982],[142.4308,27.4242],[142.4367,27.4407],[142.4426,27.4667],[142.4448,27.4931],[142.4429,27.52],[142.4393,27.5389],[142.4322,27.5609],[142.4219,27.5832],[142.4116,27.5997],[142.4127,27.6339],[142.4106,27.6519],[142.405,27.6753],[142.3961,27.6988],[142.38,27.728],[142.3757,27.7446],[142.3667,27.7679],[142.3592,27.7823],[142.3454,27.8031],[142.3352,27.8157],[142.3144,27.8361],[142.2975,27.8598],[142.2785,27.8798],[142.2557,27.8981],[142.2221,27.9176],[142.1938,27.9288],[142.1549,27.9382],[142.1151,27.9413],[142.0863,27.9396],[142.0488,27.9324],[142.0195,27.9223],[142.0016,27.914],[141.9801,27.9015],[141.9415,27.8731],[141.9163,27.849],[141.9031,27.8327],[141.8877,27.8073],[141.876,27.779],[141.8686,27.7419],[141.8678,27.7118],[141.87,27.6905],[141.8768,27.6615],[141.8833,27.6437],[141.892,27.6263],[141.9085,27.6014],[141.9282,27.5798],[141.9467,27.5554],[141.9682,27.5345],[141.979,27.5176],[141.9792,27.4777],[141.9839,27.4499],[141.9907,27.4263],[141.9994,27.4062],[142.0124,27.3836],[142.0285,27.3625],[142.043,27.3472]]],[[[141.0697,25.5172],[141.0519,25.4295],[141.0686,25.3535],[141.1252,25.2777],[141.1964,25.2346],[141.2805,25.2195],[141.3646,25.2346],[141.4499,25.2858],[141.4975,25.3502],[141.5143,25.4262],[141.5136,25.4371],[141.4934,25.5214],[141.4458,25.5857],[141.3655,25.6331],[141.2815,25.6482],[141.1974,25.6331],[141.1173,25.5815],[141.0697,25.5172]]],[[[141.0711,24.7698],[141.0657,24.745],[141.0824,24.6686],[141.13,24.6038],[141.2013,24.5605],[141.2854,24.5453],[141.3695,24.5605],[141.4082,24.5832],[141.4198,24.5855],[141.5036,24.639],[141.5512,24.7037],[141.5679,24.7801],[141.546,24.8739],[141.4984,24.9386],[141.4789,24.9544],[141.4076,24.9975],[141.3235,25.0127],[141.2036,24.9914],[141.1323,24.9482],[141.0847,24.8836],[141.0648,24.7987],[141.0711,24.7698]]],[[[141.557,24.4272],[141.4583,24.445],[141.3742,24.4298],[141.3029,24.3864],[141.2553,24.3215],[141.2354,24.2264],[141.2521,24.1497],[141.2997,24.0846],[141.371,24.0411],[141.4551,24.0259],[141.5538,24.0423],[141.6251,24.0858],[141.6727,24.1508],[141.6927,24.2422],[141.6759,24.3189],[141.6283,24.3838],[141.557,24.4272]]]]},"properties":{"zone":14,"name":"東京都"}},{"type":"Feature","geometry":{"type":"MultiPolygon","coordinates":[[[[135.8699,20.5],[135.8537,20.4236],[135.8699,20.3471],[135.9161,20.2823],[135.9852,20.239],[136.1026,20.2146],[136.1841,20.2298],[136.2533,20.2731],[136.3062,20.346],[136.3224,20.4224],[136.3067,20.4965],[136.26,20.5635],[136.1831,20.6139],[136.1016,20.6291],[135.9852,20.6079],[135.9161,20.5647],[135.8699,20.5]]]]},"properties":{"zone":18,"name":"東京都"}},{"type":"Feature","geometry":{"type":"MultiPolygon","coordinates":[[[[153.8177,24.4338],[153.7875,24.4042],[153.7674,24.3711],[153.7564,24.3304],[153.7522,24.2847],[153.7545,24.2441],[153.7648,24.2051],[153.7856,24.1703],[153.818,24.1385],[153.8504,24.1129],[153.888,24.0945],[153.9308,24.0815],[153.9778,24.0776],[154.0234,24.0815],[154.0669,24.094],[154.1057,24.1141],[154.1744,24.1661],[154.1991,24.2004],[154.2055,24.2412],[154.2048,24.2833],[154.2017,24.3286],[154.1906,24.3688],[154.1692,24.4],[154.1391,24.4293],[154.1109,24.4537],[154.0753,24.472],[154.028,24.485],[153.9793,24.4901],[153.9308,24.4874],[153.8828,24.4767],[153.8491,24.4573],[153.8177,24.4338]]]]},"properties":{"zone":19,"name":"東京都"}},{"type":"Feature","geometry":{"type":"MultiPolygon","coordinates":[[[[128.2052,27.0387],[128.2299,27.2035],[128.1966,27.2362],[128.1161,27.2862],[128.0845,27.2955],[128.052,27.3004],[128.018,27.301],[127.9817,27.2965],[127.909,27.2759],[127.8889,27.2674],[127.8612,27.2516],[127.8366,27.2328],[127.7927,27.1882],[127.764,27.1655],[127.7401,27.1391],[127.7262,27.1178],[127.7152,27.0952],[127.5645,26.842],[127.5512,26.8245],[127.5422,26.8095],[127.4621,26.6448],[127.4533,26.6671],[127.4348,26.6994],[127.4084,26.7313],[127.3883,26.7494],[127.3538,26.772],[127.3284,26.784],[127.3016,26.7928],[127.2739,26.7987],[127.2315,26.8019],[127.2029,26.8001],[127.1616,26.7919],[127.1357,26.7832],[127.1104,26.7712],[127.0763,26.7484],[127.0485,26.7241],[127.0256,26.6967],[127.0088,26.7187],[126.9993,26.7288],[126.9725,26.7515],[126.9358,26.7729],[126.8959,26.7873],[126.8541,26.7944],[126.8328,26.7955],[126.8097,26.7943],[126.7658,26.7863],[126.7349,26.7757],[126.7062,26.7612],[126.6804,26.7433],[126.6576,26.722],[126.6384,26.6981],[126.6278,26.6812],[126.6187,26.6629],[126.6115,26.6429],[126.6068,26.6224],[126.604,26.5916],[126.6055,26.5703],[126.6093,26.5493],[126.5932,26.5408],[126.5708,26.5262],[126.5433,26.5021],[126.5178,26.4699],[126.5035,26.4438],[126.4954,26.4233],[126.4897,26.4025],[126.4861,26.3815],[126.4848,26.3605],[126.4882,26.3234],[126.4927,26.3057],[126.5029,26.2789],[126.5179,26.2521],[126.5304,26.2353],[126.5442,26.2195],[126.5665,26.1991],[126.592,26.1816],[126.6196,26.1669],[126.6415,26.149],[126.6665,26.1238],[126.6958,26.1025],[126.7297,26.0858],[126.7683,26.074],[126.7948,26.0698],[126.8333,26.0689],[126.8687,26.0733],[126.9029,26.0827],[126.9386,26.099],[126.9616,26.1138],[126.9824,26.1311],[127.0071,26.1591],[127.0152,26.1176],[127.0257,26.0869],[127.0352,26.0684],[127.0466,26.0512],[127.0671,26.0273],[127.0913,26.0066],[127.1175,25.9899],[127.1742,25.9626],[127.2029,25.9527],[127.2218,25.9483],[127.2506,25.9445],[127.2779,25.944],[127.2989,25.9394],[127.3305,25.936],[127.3696,25.9374],[127.3973,25.942],[127.4283,25.9231],[127.451,25.9131],[127.474,25.9058],[127.6369,25.878],[127.6778,25.8747],[127.7227,25.879],[127.7592,25.8882],[127.7793,25.8961],[127.8087,25.9051],[127.984,25.9713],[128.0491,26.0051],[128.0765,26.0223],[128.1009,26.0431],[128.1346,26.0819],[128.417,26.5101],[128.4612,26.5603],[128.4842,26.5965],[128.5107,26.6217],[128.5283,26.6447],[128.5381,26.6612],[128.5461,26.6786],[128.5549,26.7066],[128.559,26.736],[128.5588,26.7614],[128.5566,26.7771],[128.545,26.826],[128.5435,26.8389],[128.4504,26.8849],[128.4076,26.9114],[128.3532,26.9397],[128.2052,27.0387]]],[[[128.0076,27.9534],[128.0005,27.9351],[127.9954,27.9165],[127.9912,27.8784],[127.9929,27.8551],[127.9974,27.8324],[128.0094,27.7998],[128.0241,27.7719],[128.0355,27.7552],[128.0636,27.7249],[128.0826,27.7097],[128.1036,27.6963],[128.1258,27.6848],[128.1491,27.6751],[128.1698,27.6687],[128.1912,27.6642],[128.2341,27.6603],[128.2794,27.6643],[128.3122,27.6725],[128.333,27.6803],[128.3526,27.6896],[128.3707,27.7006],[128.3876,27.713],[128.4102,27.7342],[128.4234,27.75],[128.4346,27.7669],[128.4443,27.7846],[128.4522,27.8039],[128.4578,27.8239],[128.4612,27.8445],[128.4624,27.8654],[128.461,27.8874],[128.4541,27.9199],[128.4364,27.9611],[128.4099,28.0005],[128.3938,28.0182],[128.3767,28.0332],[128.3407,28.0567],[128.3211,28.0658],[128.3002,28.0733],[128.2556,28.0833],[128.21,28.0854],[128.1664,28.0796],[128.1252,28.0668],[128.1053,28.0575],[128.087,28.0466],[128.0697,28.0342],[128.0529,28.0195],[128.0301,27.9928],[128.0177,27.9735],[128.0076,27.9534]]]]},"properties":{"zone":15,"name":"沖縄県"}},{"type":"Feature","geometry":{"type":"MultiPolygon","coordinates":[[[[122.8849,24.251],[122.9237,24.2418],[122.9638,24.2376],[123.0223,24.2374],[123.0451,24.2397],[123.0669,24.2438],[123.0979,24.2535],[123.1176,24.2622],[123.1354,24.2724],[123.1737,24.2988],[123.2021,24.3221],[123.2165,24.3369],[123.2401,24.3699],[123.2528,24.3966],[123.2626,24.4335],[123.2646,24.4523],[123.2646,24.4721],[123.2624,24.4923],[123.2579,24.512],[123.2472,24.5405],[123.2378,24.5582],[123.2265,24.5749],[123.2137,24.5905],[123.1993,24.6045],[123.1748,24.6234],[123.1477,24.6391],[123.1287,24.6475],[123.0888,24.661],[123.047,24.6709],[123.0046,24.6748],[122.9854,24.6744],[122.9199,24.6685],[122.8976,24.6633],[122.8671,24.6524],[122.8496,24.6438],[122.8255,24.6289],[122.7949,24.6054],[122.7653,24.578],[122.7465,24.5541],[122.7364,24.5371],[122.7242,24.5092],[122.7188,24.4894],[122.7146,24.4597],[122.7145,24.44],[122.7184,24.4114],[122.7264,24.3839],[122.7388,24.3572],[122.7496,24.3404],[122.7691,24.3166],[122.7836,24.3031],[122.8065,24.2859],[122.8316,24.2708],[122.8621,24.2576],[122.8849,24.251]]],[[[124.9154,24.8113],[124.8998,24.8448],[124.886,24.8661],[124.8753,24.8792],[124.8475,24.9054],[124.8117,24.9302],[124.7745,24.9472],[124.7384,24.957],[124.7022,24.9611],[124.6587,24.9589],[124.6257,24.9522],[124.6047,24.9456],[124.5861,24.9377],[124.552,24.9187],[124.5216,24.8942],[124.4965,24.8648],[124.4782,24.8327],[124.4669,24.7994],[124.4628,24.7723],[124.4123,24.7985],[124.3822,24.8091],[124.3613,24.8139],[124.3294,24.8175],[124.2852,24.8156],[124.2532,24.8089],[124.2225,24.7981],[124.2032,24.7885],[124.1769,24.7714],[124.1533,24.7509],[124.1392,24.7351],[124.1217,24.71],[124.108,24.6846],[124.067,24.6798],[124.0279,24.6682],[123.9933,24.651],[123.9635,24.6295],[123.94,24.6451],[123.906,24.6611],[123.8774,24.6699],[123.8471,24.675],[123.8167,24.6769],[123.7837,24.6746],[123.7513,24.6679],[123.7214,24.6574],[123.6941,24.6434],[123.6773,24.6322],[123.6619,24.6197],[123.6421,24.5996],[123.621,24.5841],[123.6034,24.5684],[123.5879,24.551],[123.5746,24.532],[123.5469,24.5076],[123.5314,24.4892],[123.5125,24.4588],[123.4852,24.4281],[123.4737,24.412],[123.4639,24.3954],[123.4529,24.3694],[123.4254,24.3535],[123.4006,24.3344],[123.3858,24.3197],[123.3668,24.2952],[123.3565,24.2776],[123.3448,24.2499],[123.3396,24.2308],[123.3357,24.2022],[123.3357,24.1821],[123.3381,24.1614],[123.3427,24.1412],[123.3538,24.1121],[123.3691,24.0858],[123.3815,24.0697],[123.4031,24.0479],[123.4277,24.0293],[123.4555,24.0139],[123.4838,24.0031],[123.5095,23.9967],[123.5448,23.9927],[123.5596,23.9602],[123.5826,23.928],[123.6113,23.9002],[123.6456,23.8776],[123.6644,23.8687],[123.6947,23.858],[123.7368,23.8498],[123.789,23.8459],[123.8211,23.8476],[123.8429,23.851],[123.8745,23.8598],[123.905,23.8719],[123.9337,23.8882],[123.9594,23.9081],[123.9805,23.9302],[123.9975,23.9543],[124.0153,23.99],[124.0249,24.0212],[124.0448,24.0234],[124.0745,24.0295],[124.1024,24.0389],[124.1206,24.0473],[124.1456,24.0618],[124.1767,24.0847],[124.2027,24.1111],[124.2189,24.1336],[124.2458,24.1396],[124.272,24.1481],[124.3013,24.1544],[124.3291,24.1641],[124.364,24.1821],[124.4004,24.2107],[124.4168,24.2282],[124.4336,24.2498],[124.451,24.2796],[124.464,24.3162],[124.4773,24.392],[124.4842,24.4044],[124.5021,24.4295],[124.5158,24.4568],[124.5357,24.4889],[124.5639,24.4707],[124.5792,24.4631],[124.621,24.4484],[124.6612,24.4403],[124.7142,24.4383],[124.7508,24.4423],[124.7917,24.4534],[124.8218,24.4655],[124.8406,24.4752],[124.8584,24.4866],[124.8733,24.4984],[124.8958,24.5208],[124.9072,24.5348],[124.9191,24.5531],[124.9365,24.5914],[124.9443,24.6197],[124.9481,24.6487],[124.9468,24.6816],[124.9396,24.716],[124.9272,24.7483],[124.9267,24.7596],[124.9368,24.7367],[124.9493,24.7145],[124.9704,24.6857],[124.9889,24.6664],[125.0101,24.6495],[125.0419,24.6309],[125.0559,24.6085],[125.0711,24.5896],[125.0971,24.5654],[125.1318,24.5426],[125.1715,24.5253],[125.194,24.5193],[125.2167,24.5154],[125.2513,24.5134],[125.2729,24.5147],[125.301,24.512],[125.3218,24.5122],[125.3457,24.5147],[125.408,24.5267],[125.4484,24.5197],[125.4802,24.5192],[125.5019,24.5212],[125.5276,24.5262],[125.5633,24.5369],[125.5858,24.546],[125.6191,24.5655],[125.6406,24.5825],[125.6659,24.6101],[125.6813,24.6337],[125.6961,24.6677],[125.7029,24.6954],[125.7054,24.7236],[125.7011,24.7633],[125.6958,24.7825],[125.6843,24.8097],[125.6748,24.8268],[125.6574,24.8509],[125.637,24.8718],[125.6228,24.8835],[125.5999,24.8986],[125.5836,24.9069],[125.5696,24.9177],[125.5787,24.955],[125.5804,24.978],[125.5795,24.9983],[125.5764,25.0179],[125.5711,25.0369],[125.564,25.0553],[125.5522,25.0776],[125.528,25.109],[125.506,25.1294],[125.4802,25.1475],[125.4485,25.1631],[125.4153,25.1736],[125.3817,25.1791],[125.346,25.1798],[125.3065,25.1744],[125.2666,25.1619],[125.24,25.1487],[125.2236,25.1381],[125.1169,25.1061],[125.0996,25.0955],[125.0763,25.0773],[125.0622,25.0636],[125.0462,25.0439],[125.0368,25.0292],[125.0129,25.0123],[124.9912,24.9926],[124.963,24.961],[124.9433,24.9336],[124.9282,24.9043],[124.9194,24.8762],[124.915,24.8475],[124.9154,24.8113]]]]},"properties":{"zone":16,"name":"沖縄県"}},{"type":"Feature","geometry":{"type":"MultiPolygon","coordinates":[[[[131.1812,24.6721],[131.1381,24.6682],[131.097,24.6568],[131.0586,24.6382],[131.0255,24.6136],[131.0041,24.591],[130.9922,24.5746],[130.9822,24.5575],[130.974,24.5394],[130.9677,24.5203],[130.9635,24.5008],[130.9615,24.4814],[130.9615,24.4617],[130.9654,24.4326],[130.9706,24.4135],[130.9881,24.3743],[131.0006,24.3545],[131.0155,24.3357],[131.0403,24.3125],[131.0753,24.2896],[131.0944,24.2804],[131.1145,24.2731],[131.1562,24.2636],[131.199,24.2617],[131.2416,24.2674],[131.2823,24.2804],[131.3196,24.3002],[131.3365,24.3123],[131.3529,24.3269],[131.3686,24.3441],[131.3823,24.3628],[131.3938,24.3828],[131.4024,24.4019],[131.4126,24.4391],[131.4148,24.4781],[131.4125,24.4982],[131.4083,24.5178],[131.402,24.5367],[131.3937,24.555],[131.3717,24.5886],[131.3428,24.6176],[131.326,24.6303],[131.308,24.6412],[131.2678,24.6587],[131.2309,24.6677],[131.2061,24.6709],[131.1812,24.6721]]],[[[131.4861,25.796],[131.5026,25.8143],[131.5168,25.8344],[131.5385,25.8775],[131.5453,25.8954],[131.5519,25.9233],[131.5542,25.9516],[131.553,25.9722],[131.5471,26.0018],[131.5366,26.0298],[131.5217,26.0559],[131.5031,26.0796],[131.4809,26.1005],[131.4642,26.1129],[131.437,26.1287],[131.4073,26.1408],[131.3775,26.1495],[131.3028,26.1601],[131.2745,26.1604],[131.2516,26.1583],[131.2293,26.1542],[131.198,26.1444],[131.1685,26.1308],[131.1508,26.1198],[131.1192,26.0937],[131.1055,26.0785],[131.0938,26.0623],[131.0796,26.0367],[131.0708,26.0139],[131.0482,25.9924],[131.0351,25.9762],[131.0238,25.9591],[131.0107,25.9321],[131.0022,25.9037],[130.9921,25.8379],[130.9929,25.8018],[130.9966,25.7814],[131.0024,25.7615],[131.0106,25.7423],[131.0203,25.7248],[131.0319,25.7083],[131.0526,25.6854],[131.0699,25.6705],[131.0905,25.656],[131.1125,25.643],[131.1361,25.6322],[131.1797,25.6187],[131.2011,25.615],[131.2337,25.6129],[131.259,25.6141],[131.2843,25.6174],[131.3331,25.6297],[131.3529,25.6373],[131.3811,25.6519],[131.4144,25.6767],[131.4367,25.6986],[131.4496,25.7145],[131.4653,25.7389],[131.4732,25.7552],[131.4803,25.7743],[131.4861,25.796]]]]},"properties":{"zone":17,"name":"沖縄県"}},{"type":"Feature","geometry":{"type":"MultiPolygon","coordinates":[[[[140.2155,42.608],[140.2249,42.6008],[140.2373,42.5976],[140.2483,42.6041],[140.2674,42.6037],[140.2703,42.6066],[140.2778,42.604],[140.2821,42.6105],[140.2851,42.6107],[140.2868,42.6191],[140.2913,42.6233],[140.295,42.6214],[140.3052,42.624],[140.3058,42.6255],[140.3109,42.6267],[140.3091,42.6317],[140.3129,42.632],[140.3151,42.6267],[140.3177,42.6276],[140.3305,42.6214],[140.3441,42.6217],[140.3514,42.6169],[140.3583,42.6152],[140.3711,42.6017],[140.3796,42.5984],[140.3813,42.5943],[140.3856,42.5907],[140.3937,42.5931],[140.3989,42.5905],[140.4057,42.5899],[140.4077,42.5876],[140.4144,42.5913],[140.4179,42.5962],[140.4258,42.5991],[140.4246,42.6029],[140.4254,42.6066],[140.4314,42.6064],[140.4302,42.6105],[140.4459,42.6087],[140.4527,42.6052],[140.4576,42.6053],[140.4604,42.6077],[140.4642,42.6074],[140.4708,42.6028],[140.4761,42.6024],[140.4768,42.5983],[140.4793,42.5957],[140.4848,42.5941],[140.4893,42.5905],[140.4972,42.592],[140.5053,42.5903],[140.5125,42.5922],[140.5205,42.5915],[140.5313,42.5934],[140.5354,42.5982],[140.5448,42.603],[140.5454,42.6058],[140.5337,42.6131],[140.5332,42.6161],[140.5436,42.6214],[140.5476,42.6258],[140.5509,42.6265],[140.5515,42.6303],[140.5567,42.6349],[140.557,42.6438],[140.5611,42.6479],[140.5671,42.649],[140.5655,42.6525],[140.5607,42.6552],[140.5601,42.6581],[140.564,42.6587],[140.5685,42.6628],[140.5717,42.6623],[140.5773,42.6647],[140.5742,42.6751],[140.5768,42.677],[140.5766,42.6784],[140.5696,42.683],[140.5683,42.6857],[140.5703,42.6881],[140.5672,42.6926],[140.5671,42.6952],[140.5649,42.6969],[140.5665,42.6987],[140.5653,42.7023],[140.5661,42.7065],[140.5621,42.7089],[140.5658,42.7118],[140.5616,42.7155],[140.5623,42.7172],[140.5655,42.7152],[140.5744,42.7157],[140.5898,42.7079],[140.5971,42.7072],[140.6023,42.7072],[140.6135,42.7116],[140.6269,42.7103],[140.6309,42.7074],[140.655,42.7103],[140.6694,42.7084],[140.6768,42.7101],[140.6918,42.7174],[140.6993,42.7159],[140.7065,42.7179],[140.7195,42.7152],[140.724,42.7175],[140.7282,42.7155],[140.7346,42.7159],[140.7419,42.7133],[140.7457,42.7136],[140.7476,42.7106],[140.7534,42.7089],[140.7625,42.6987],[140.7624,42.6936],[140.7593,42.6874],[140.7571,42.6865],[140.7577,42.6848],[140.7552,42.6794],[140.7573,42.6766],[140.7575,42.6725],[140.7559,42.6708],[140.757,42.6691],[140.7503,42.663],[140.7511,42.661],[140.7543,42.6617],[140.7559,42.6593],[140.758,42.6623],[140.7609,42.6606],[140.7621,42.6577],[140.7644,42.6581],[140.7645,42.6612],[140.7697,42.6613],[140.7722,42.6595],[140.7728,42.6616],[140.778,42.6609],[140.7794,42.6665],[140.7779,42.6683],[140.7794,42.6697],[140.787,42.6698],[140.7896,42.6713],[140.7945,42.6692],[140.7985,42.6698],[140.8088,42.6768],[140.8116,42.6768],[140.8117,42.6781],[140.818,42.6778],[140.8224,42.6806],[140.8271,42.6804],[140.83,42.6825],[140.8378,42.6838],[140.8433,42.6865],[140.8417,42.6872],[140.8423,42.6883],[140.8489,42.6966],[140.8553,42.6994],[140.8831,42.6924],[140.8906,42.6877],[140.8981,42.6881],[140.9084,42.6861],[140.9194,42.6885],[140.9279,42.6849],[140.9438,42.6841],[140.9533,42.6801],[140.9563,42.6752],[140.9694,42.6712],[140.9789,42.6765],[140.983,42.6812],[140.9894,42.6836],[140.992,42.6878],[140.9907,42.6931],[140.9977,42.6999],[140.9972,42.702],[141.0001,42.7053],[141.0103,42.7095],[141.0096,42.7152],[141.0113,42.7176],[141.0176,42.7147],[141.0173,42.7178],[141.0214,42.7161],[141.0327,42.7175],[141.0399,42.7157],[141.0427,42.733],[141.0627,42.7374],[141.0721,42.7417],[141.0788,42.7481],[141.0788,42.7519],[141.0817,42.7566],[141.0802,42.7616],[141.0823,42.7671],[141.0805,42.7679],[141.0804,42.7707],[141.0832,42.7726],[141.0896,42.7848],[141.0871,42.792],[141.0879,42.7935],[141.0857,42.7976],[141.08,42.8021],[141.0793,42.8047],[141.0644,42.8115],[141.0666,42.8174],[141.065,42.8227],[141.0713,42.8274],[141.0803,42.8239],[141.0892,42.8253],[141.0932,42.823],[141.1006,42.8277],[141.0997,42.8334],[141.0942,42.8426],[141.1036,42.8474],[141.0978,42.8542],[141.0983,42.8628],[141.1013,42.8691],[141.1071,42.8725],[141.1028,42.8818],[141.0993,42.8837],[141.0869,42.8792],[141.0832,42.8803],[141.0788,42.8856],[141.0697,42.884],[141.053,42.8848],[141.048,42.8837],[141.0395,42.8854],[141.038,42.8936],[141.037,42.8955],[141.0344,42.896],[141.034,42.9061],[141.029,42.9094],[141.0268,42.9132],[141.0338,42.9178],[141.0428,42.9364],[141.0482,42.9404],[141.0527,42.9526],[141.0469,42.9533],[141.0405,42.958],[141.0342,42.9589],[141.0284,42.9618],[141.025,42.9614],[141.0201,42.9651],[141.0122,42.966],[141.0105,42.9703],[141.0081,42.9715],[141.0086,42.9743],[141.0064,42.9786],[141.0001,42.9787],[141.0013,42.9825],[140.9977,42.9871],[140.9978,42.9905],[140.9929,42.9946],[140.9956,42.9992],[140.9991,43.0007],[141,43.0127],[140.998,43.0156],[140.9934,43.0171],[140.9905,43.0231],[140.9946,43.0256],[140.9993,43.0256],[141.011,43.0334],[141.0205,43.0329],[141.0261,43.0361],[141.0324,43.0427],[141.0373,43.0438],[141.0384,43.0467],[141.0449,43.0514],[141.045,43.0612],[141.047,43.0645],[141.0501,43.0672],[141.0585,43.0686],[141.0653,43.0837],[141.0601,43.0867],[141.0594,43.0893],[141.0698,43.0923],[141.0677,43.0961],[141.0648,43.0971],[141.0621,43.1036],[141.0629,43.1094],[141.0644,43.1112],[141.0716,43.1088],[141.0753,43.1182],[141.0871,43.1177],[141.0911,43.1205],[141.1025,43.1154],[141.1052,43.1188],[141.1085,43.1193],[141.1118,43.114],[141.1193,43.1119],[141.1254,43.1077],[141.134,43.1059],[141.1324,43.1026],[141.1349,43.0938],[141.1434,43.0948],[141.1526,43.0923],[141.1523,43.0895],[141.1585,43.0887],[141.1615,43.092],[141.1674,43.0942],[141.1667,43.0964],[141.173,43.0998],[141.1736,43.1045],[141.1812,43.1098],[141.1848,43.1183],[141.2025,43.1247],[141.1994,43.1255],[141.1933,43.1322],[141.1897,43.1332],[141.1871,43.1381],[141.1876,43.1403],[141.2233,43.1602],[141.2379,43.1519],[141.2669,43.1736],[141.2705,43.171],[141.2827,43.1803],[141.2898,43.1807],[141.2925,43.1826],[141.288,43.1978],[141.2819,43.2063],[141.2743,43.2037],[141.2642,43.1968],[141.215,43.2029],[141.1923,43.2139],[141.1652,43.2295],[141.1525,43.2627],[141.1559,43.275],[141.165,43.3883],[141.1167,43.425],[140.9038,43.5674],[140.8723,43.6013],[140.7638,43.7325],[140.2482,43.529],[140.2192,43.5204],[140.1988,43.5125],[140.1615,43.4934],[140.1271,43.4683],[140.1119,43.4539],[140.0927,43.4304],[140.0764,43.402],[139.7997,43.0146],[139.5947,42.7238],[139.5593,42.6884],[139.749,42.6357],[139.8249,42.6125],[139.8308,42.6145],[139.8382,42.6143],[139.8457,42.6132],[139.8562,42.6089],[139.8718,42.6098],[139.8764,42.6116],[139.8791,42.6152],[139.8844,42.6164],[139.8872,42.6141],[139.9105,42.6168],[139.9184,42.6124],[139.9394,42.6136],[139.9425,42.6121],[139.943,42.6076],[139.9395,42.6039],[139.9351,42.6023],[139.9337,42.597],[139.9317,42.596],[139.9365,42.5889],[139.9517,42.5871],[139.9608,42.5892],[139.9666,42.5874],[139.9744,42.5815],[139.9943,42.5778],[140.0013,42.5816],[140.009,42.5808],[140.0133,42.576],[140.0216,42.572],[140.0226,42.5632],[140.0272,42.556],[140.0308,42.5561],[140.0372,42.5602],[140.0407,42.5601],[140.0433,42.5569],[140.0519,42.5537],[140.0609,42.5573],[140.0664,42.5564],[140.076,42.5595],[140.0977,42.5541],[140.0994,42.5509],[140.1091,42.5457],[140.1154,42.5463],[140.1172,42.545],[140.1226,42.5485],[140.1273,42.5527],[140.1281,42.5606],[140.1362,42.5621],[140.1414,42.5648],[140.1404,42.5695],[140.1434,42.5793],[140.1521,42.5797],[140.1537,42.5814],[140.1566,42.5863],[140.1558,42.5888],[140.1579,42.5928],[140.148,42.6011],[140.1471,42.6057],[140.1504,42.6083],[140.1492,42.6117],[140.1514,42.6157],[140.1585,42.6173],[140.1632,42.6155],[140.1725,42.6177],[140.1768,42.6132],[140.1856,42.6119],[140.1851,42.6064],[140.1886,42.6032],[140.1924,42.6046],[140.1937,42.608],[140.2015,42.6096],[140.2132,42.6104],[140.2155,42.608]]]]},"properties":{"zone":11,"name":"後志総合振興局"}},{"type":"Feature","geometry":{"type":"MultiPolygon","coordinates":[[[[139.6229,41.7485],[139.3727,41.7706],[139.095,41.804],[139.0673,41.5223],[139.0695,41.4897],[139.0788,41.4518],[139.089,41.427],[139.0994,41.4091],[139.1137,41.3899],[139.1321,41.3704],[139.1545,41.352],[139.1739,41.3392],[139.1952,41.3277],[139.2193,41.3171],[139.7082,41.1641],[139.7561,41.1546],[139.7844,41.1523],[139.8137,41.1523],[139.8618,41.1569],[140.8731,41.6922],[140.9338,41.6642],[140.95,41.6603],[140.9688,41.6589],[141.0446,41.6666],[141.0641,41.6725],[141.0867,41.683],[141.4017,41.6826],[141.4157,41.698],[141.4276,41.7143],[141.4371,41.7306],[141.4447,41.7476],[141.4506,41.767],[141.4545,41.7868],[141.456,41.816],[141.454,41.8344],[141.4474,41.86],[141.3487,42.1265],[141.2418,42.113],[141.1702,42.1063],[141.0869,42.1202],[141.0046,42.1375],[140.9375,42.1705],[140.9203,42.1774],[140.866,42.2099],[140.8235,42.2319],[140.7803,42.2615],[140.7189,42.2988],[140.656,42.3279],[140.6312,42.3306],[140.6054,42.3446],[140.5801,42.3634],[140.5784,42.37],[140.5579,42.3923],[140.5342,42.4308],[140.5208,42.4673],[140.5108,42.489],[140.5075,42.5065],[140.5181,42.5305],[140.526,42.5671],[140.5337,42.5828],[140.5368,42.5858],[140.5382,42.5916],[140.5453,42.5958],[140.5465,42.599],[140.5443,42.6014],[140.5448,42.603],[140.5354,42.5982],[140.5311,42.5934],[140.5205,42.5915],[140.5125,42.5922],[140.5053,42.5903],[140.4972,42.592],[140.4893,42.5905],[140.4848,42.5941],[140.4793,42.5957],[140.4768,42.5983],[140.4761,42.6024],[140.4708,42.6028],[140.4642,42.6074],[140.4604,42.6077],[140.4576,42.6053],[140.4527,42.6052],[140.4459,42.6087],[140.4302,42.6105],[140.4314,42.6064],[140.4254,42.6066],[140.4246,42.6029],[140.4258,42.5991],[140.4179,42.5962],[140.4144,42.5913],[140.4076,42.5876],[140.4057,42.5899],[140.3989,42.5905],[140.3937,42.5931],[140.3855,42.5908],[140.3813,42.5943],[140.3796,42.5984],[140.3711,42.6017],[140.3583,42.6152],[140.3514,42.6169],[140.3441,42.6217],[140.3291,42.6218],[140.3177,42.6276],[140.3151,42.6267],[140.3141,42.6312],[140.3095,42.632],[140.3109,42.6267],[140.295,42.6214],[140.2917,42.6235],[140.2874,42.62],[140.2851,42.6107],[140.2821,42.6105],[140.2778,42.604],[140.2703,42.6066],[140.2674,42.6037],[140.2483,42.6041],[140.2368,42.5977],[140.2303,42.5986],[140.222,42.6023],[140.2134,42.6103],[140.207,42.6104],[140.1938,42.6081],[140.1924,42.6046],[140.1878,42.6023],[140.1912,42.5966],[140.188,42.5934],[140.1904,42.5892],[140.1892,42.5866],[140.1929,42.5826],[140.2011,42.5811],[140.2091,42.5759],[140.2122,42.572],[140.2199,42.5749],[140.2207,42.5732],[140.2281,42.5732],[140.2322,42.5704],[140.232,42.5658],[140.2453,42.5689],[140.2492,42.5657],[140.2477,42.5629],[140.2491,42.5611],[140.248,42.5558],[140.2548,42.5519],[140.2621,42.5528],[140.2661,42.5486],[140.2633,42.5445],[140.2631,42.5406],[140.2598,42.5378],[140.2608,42.5369],[140.2589,42.5334],[140.2544,42.5307],[140.2555,42.529],[140.2471,42.5225],[140.2446,42.5166],[140.2395,42.5152],[140.2358,42.5008],[140.2312,42.4927],[140.2285,42.4916],[140.2255,42.4864],[140.2109,42.4769],[140.2123,42.4725],[140.2089,42.4708],[140.2159,42.4645],[140.2131,42.461],[140.2158,42.4578],[140.2127,42.4547],[140.2145,42.4532],[140.2125,42.4485],[140.2175,42.4458],[140.2256,42.4341],[140.2309,42.4307],[140.2304,42.4278],[140.2254,42.4239],[140.2266,42.4208],[140.2253,42.4195],[140.2297,42.4159],[140.2282,42.4127],[140.2314,42.4093],[140.2392,42.408],[140.2367,42.4033],[140.2296,42.4],[140.2306,42.3949],[140.2164,42.3926],[140.2116,42.3873],[140.2055,42.3872],[140.1981,42.3823],[140.1946,42.3826],[140.1925,42.3801],[140.1864,42.3789],[140.1816,42.3751],[140.1774,42.3761],[140.1597,42.3722],[140.1532,42.3609],[140.1472,42.3564],[140.133,42.3577],[140.1303,42.3496],[140.1245,42.343],[140.1173,42.3442],[140.1078,42.3432],[140.1048,42.3412],[140.0977,42.342],[140.0936,42.3375],[140.0854,42.3346],[140.0858,42.3324],[140.0917,42.3309],[140.09,42.324],[140.0948,42.3187],[140.0985,42.3173],[140.0988,42.3147],[140.0896,42.3151],[140.0868,42.3145],[140.0867,42.3124],[140.0834,42.3117],[140.0845,42.3098],[140.0825,42.3074],[140.0856,42.3007],[140.0746,42.2958],[140.0729,42.2904],[140.0676,42.291],[140.0649,42.2862],[140.0626,42.2858],[140.0638,42.2841],[140.0581,42.2793],[140.0509,42.2771],[140.0437,42.2799],[140.0409,42.2837],[140.029,42.2812],[140.0269,42.2824],[140.0255,42.2803],[140.0264,42.2789],[140.0225,42.2734],[140.0146,42.2724],[140.0171,42.2671],[140.0208,42.2661],[140.0195,42.258],[140.0268,42.2584],[140.0301,42.2568],[140.0264,42.2481],[140.0312,42.2433],[140.0305,42.2383],[140.0351,42.2364],[140.0361,42.2317],[140.0384,42.2297],[140.0369,42.2267],[140.0382,42.223],[140.0356,42.2208],[140.0309,42.2203],[140.0162,42.2216],[140.0097,42.2188],[140.0028,42.2117],[140.005,42.2065],[140.0037,42.2031],[139.9924,42.1977],[139.9764,42.2007],[139.9694,42.2058],[139.9645,42.2049],[139.9557,42.1976],[139.9516,42.1916],[139.9435,42.1899],[139.9432,42.1865],[139.9376,42.1837],[139.934,42.1836],[139.9351,42.1801],[139.9342,42.1773],[139.9369,42.1758],[139.9393,42.1689],[139.9357,42.1668],[139.9358,42.1636],[139.9322,42.1597],[139.9312,42.1544],[139.9277,42.1533],[139.9303,42.1463],[139.9295,42.1398],[139.9178,42.134],[139.7314,42.001],[139.7343,41.988],[139.7686,41.9114],[139.8357,41.9273],[139.8808,41.9677],[139.9143,42.0008],[140.0084,42.0366],[140.0408,42.0508],[140.0779,42.0617],[140.0847,42.0669],[140.0983,42.072],[140.1038,42.073],[140.1082,42.0712],[140.11,42.0731],[140.1136,42.0709],[140.1363,42.0691],[140.149,42.0741],[140.1508,42.0733],[140.1504,42.0708],[140.1546,42.0642],[140.1751,42.0698],[140.1829,42.0695],[140.1872,42.0671],[140.191,42.0672],[140.1931,42.0682],[140.1955,42.0756],[140.194,42.0764],[140.1937,42.0805],[140.1986,42.0873],[140.2029,42.0894],[140.2068,42.0875],[140.2128,42.0881],[140.2179,42.0901],[140.2216,42.0942],[140.2219,42.0916],[140.2287,42.0851],[140.2202,42.0786],[140.2277,42.0752],[140.228,42.0734],[140.2344,42.0713],[140.235,42.0686],[140.238,42.0668],[140.2432,42.067],[140.2459,42.0654],[140.2476,42.0608],[140.2497,42.0594],[140.2622,42.0582],[140.2677,42.0545],[140.2729,42.054],[140.274,42.0518],[140.2769,42.0514],[140.28,42.0482],[140.2876,42.0511],[140.291,42.0498],[140.2982,42.0505],[140.3035,42.0539],[140.3118,42.0529],[140.3134,42.0497],[140.3166,42.0491],[140.3164,42.0469],[140.3212,42.0418],[140.3317,42.0451],[140.3391,42.0447],[140.3484,42.0393],[140.3493,42.0354],[140.3535,42.0378],[140.3598,42.038],[140.3594,42.0434],[140.367,42.0438],[140.3717,42.042],[140.373,42.044],[140.3756,42.0443],[140.3789,42.0431],[140.3832,42.0351],[140.3914,42.0283],[140.4083,42.0241],[140.4128,42.0265],[140.4248,42.0252],[140.4433,42.0173],[140.444,42.0149],[140.4534,42.0123],[140.4585,42.0049],[140.465,42.002],[140.4653,41.9979],[140.4709,41.9935],[140.4645,41.9867],[140.4641,41.982],[140.4658,41.9793],[140.4644,41.9758],[140.4678,41.9717],[140.4668,41.9696],[140.4692,41.9654],[140.4677,41.9596],[140.4705,41.9578],[140.4708,41.9535],[140.468,41.9519],[140.4604,41.9519],[140.4571,41.9449],[140.4437,41.9379],[140.443,41.9363],[140.45,41.9323],[140.4532,41.9324],[140.454,41.9301],[140.4521,41.929],[140.4498,41.923],[140.4535,41.9189],[140.4531,41.9167],[140.458,41.9149],[140.4587,41.911],[140.4642,41.9085],[140.4665,41.9041],[140.4736,41.9009],[140.4714,41.8981],[140.472,41.8939],[140.4706,41.8896],[140.4663,41.8877],[140.4664,41.8838],[140.4685,41.8827],[140.4643,41.8788],[140.4652,41.8759],[140.4617,41.8723],[140.4608,41.8638],[140.4576,41.8645],[140.4555,41.862],[140.4471,41.8614],[140.4472,41.8571],[140.4506,41.8576],[140.461,41.851],[140.4602,41.8444],[140.4566,41.8414],[140.4507,41.8414],[140.4463,41.8432],[140.4448,41.8397],[140.4391,41.8371],[140.4396,41.835],[140.4371,41.8353],[140.4277,41.8313],[140.4291,41.8274],[140.4278,41.8239],[140.4296,41.8212],[140.4329,41.8202],[140.4346,41.8151],[140.4305,41.808],[140.4241,41.8107],[140.4221,41.8132],[140.4131,41.8122],[140.4099,41.8137],[140.4072,41.8099],[140.4014,41.8094],[140.3987,41.8053],[140.3887,41.8089],[140.3861,41.8066],[140.3782,41.8056],[140.3773,41.802],[140.379,41.7992],[140.3745,41.7982],[140.3723,41.7944],[140.3531,41.7855],[140.3534,41.7784],[140.3492,41.7753],[140.3514,41.7736],[140.35,41.7714],[140.3521,41.767],[140.3507,41.7639],[140.3518,41.7621],[140.3501,41.7605],[140.3499,41.7566],[140.3413,41.751],[140.3482,41.7464],[140.3507,41.7411],[140.3499,41.7381],[140.3435,41.7329],[140.3415,41.7265],[140.3422,41.7237],[140.3393,41.7221],[140.3349,41.7226],[140.3249,41.7202],[140.323,41.7161],[140.32,41.7144],[140.3137,41.7174],[140.3088,41.7179],[140.3044,41.7164],[140.3053,41.7129],[140.3006,41.7064],[140.3003,41.7051],[140.3025,41.7041],[140.2991,41.7001],[140.3007,41.699],[140.2987,41.6932],[140.3029,41.6886],[140.2968,41.6856],[140.2963,41.6806],[140.2932,41.6796],[140.2896,41.6739],[140.2819,41.6708],[140.2817,41.6599],[140.2757,41.6569],[140.271,41.657],[140.2642,41.6531],[140.2585,41.6532],[140.2534,41.6472],[140.2498,41.6457],[140.2493,41.6418],[140.2459,41.6392],[140.2352,41.6333],[140.2259,41.634],[140.2171,41.6284],[140.214,41.6243],[140.2009,41.6268],[140.1987,41.6227],[140.1956,41.6219],[140.1944,41.6197],[140.1948,41.6137],[140.1934,41.6116],[140.196,41.6084],[140.1942,41.6],[140.1906,41.5998],[140.1839,41.5901],[140.174,41.5872],[140.1695,41.5804],[140.1645,41.5775],[140.1503,41.5843],[140.1386,41.5819],[140.1302,41.5832],[140.1277,41.5807],[140.1215,41.5792],[140.1163,41.5758],[140.1116,41.5846],[140.1052,41.5871],[140.0996,41.5924],[140.0933,41.5903],[140.0675,41.5902],[140.0627,41.5927],[140.0622,41.6019],[140.0592,41.6063],[140.0491,41.6097],[140.0463,41.6145],[140.0398,41.6184],[140.0375,41.6218],[140.0382,41.6243],[140.035,41.6275],[140.0324,41.6289],[140.0279,41.6279],[140.0263,41.6319],[140.0213,41.6319],[140.0124,41.6289],[139.999,41.632],[139.9935,41.6302],[139.9732,41.63],[139.9462,41.6329],[139.6456,41.6925],[139.6399,41.7098],[139.6229,41.7485]]]]},"properties":{"zone":11,"name":"渡島総合振興局"}},{"type":"Feature","geometry":{"type":"MultiPolygon","coordinates":[[[[139.8357,41.9273],[139.7686,41.9114],[139.7343,41.988],[139.7314,42.001],[139.9178,42.134],[139.9295,42.1398],[139.9303,42.1463],[139.9277,42.1533],[139.9312,42.1544],[139.9322,42.1597],[139.9358,42.1636],[139.9357,42.1668],[139.9393,42.1689],[139.9369,42.1758],[139.9342,42.1773],[139.9351,42.1801],[139.934,42.1836],[139.9376,42.1837],[139.9432,42.1865],[139.9435,42.1899],[139.9516,42.1916],[139.9557,42.1976],[139.9645,42.2049],[139.9694,42.2058],[139.9764,42.2007],[139.9924,42.1977],[140.0037,42.2031],[140.005,42.2065],[140.0028,42.2117],[140.0097,42.2188],[140.0162,42.2216],[140.0309,42.2203],[140.0356,42.2208],[140.0382,42.223],[140.0369,42.2267],[140.0384,42.2297],[140.0361,42.2317],[140.0351,42.2364],[140.0305,42.2383],[140.0312,42.2433],[140.0264,42.2481],[140.0301,42.2568],[140.0268,42.2584],[140.0195,42.258],[140.0208,42.2661],[140.0171,42.2671],[140.0146,42.2724],[140.0225,42.2734],[140.0264,42.2789],[140.0255,42.2803],[140.0269,42.2824],[140.029,42.2812],[140.0409,42.2837],[140.0437,42.2799],[140.0509,42.2771],[140.0581,42.2793],[140.0638,42.2841],[140.0626,42.2858],[140.0649,42.2862],[140.0676,42.291],[140.0729,42.2904],[140.0746,42.2958],[140.0856,42.3007],[140.0825,42.3074],[140.0845,42.3098],[140.0834,42.3117],[140.0867,42.3124],[140.0868,42.3145],[140.0896,42.3151],[140.0988,42.3147],[140.0985,42.3173],[140.0948,42.3187],[140.09,42.324],[140.0917,42.3309],[140.0858,42.3324],[140.0854,42.3346],[140.0936,42.3375],[140.0977,42.342],[140.1048,42.3412],[140.1078,42.3432],[140.1173,42.3442],[140.1245,42.343],[140.1303,42.3496],[140.133,42.3577],[140.1472,42.3564],[140.1532,42.3609],[140.1597,42.3722],[140.1774,42.3761],[140.1816,42.3751],[140.1864,42.3789],[140.1925,42.3801],[140.1946,42.3826],[140.1981,42.3823],[140.2055,42.3872],[140.2116,42.3873],[140.2164,42.3926],[140.2306,42.3949],[140.2296,42.4],[140.2367,42.4033],[140.2392,42.408],[140.2314,42.4093],[140.2282,42.4127],[140.2297,42.4159],[140.2253,42.4195],[140.2266,42.4208],[140.2254,42.4239],[140.2304,42.4278],[140.2309,42.4307],[140.2256,42.4341],[140.2175,42.4458],[140.2125,42.4485],[140.2145,42.4532],[140.2127,42.4547],[140.2158,42.4578],[140.2131,42.461],[140.2159,42.4645],[140.2089,42.4708],[140.2123,42.4725],[140.2109,42.4769],[140.2255,42.4864],[140.2285,42.4916],[140.2312,42.4927],[140.2358,42.5008],[140.2395,42.5152],[140.2446,42.5166],[140.2471,42.5225],[140.2555,42.529],[140.2544,42.5307],[140.2589,42.5334],[140.2608,42.5369],[140.2598,42.5378],[140.2631,42.5406],[140.2633,42.5445],[140.2661,42.5486],[140.2621,42.5528],[140.2548,42.5519],[140.248,42.5558],[140.2491,42.5611],[140.2477,42.5629],[140.2492,42.5657],[140.2453,42.5689],[140.232,42.5658],[140.2322,42.5704],[140.2281,42.5732],[140.2207,42.5732],[140.2199,42.5749],[140.2122,42.572],[140.2091,42.5759],[140.2011,42.5811],[140.1929,42.5826],[140.1892,42.5866],[140.1904,42.5892],[140.188,42.5934],[140.1912,42.5966],[140.1883,42.5996],[140.188,42.6048],[140.1851,42.6064],[140.1858,42.6116],[140.1768,42.6132],[140.1725,42.6177],[140.1632,42.6155],[140.1585,42.6173],[140.1514,42.6157],[140.1492,42.6117],[140.1504,42.6083],[140.1471,42.6057],[140.148,42.6011],[140.1579,42.5928],[140.1558,42.5888],[140.1566,42.5863],[140.1537,42.5814],[140.1521,42.5797],[140.1434,42.5793],[140.1404,42.5695],[140.1414,42.5648],[140.1362,42.5621],[140.1281,42.5606],[140.1273,42.5527],[140.1226,42.5485],[140.1172,42.545],[140.1154,42.5463],[140.1091,42.5457],[140.0994,42.5509],[140.0977,42.5541],[140.076,42.5595],[140.0664,42.5564],[140.0609,42.5573],[140.0519,42.5537],[140.0433,42.5569],[140.0407,42.5601],[140.0372,42.5602],[140.0308,42.5561],[140.0272,42.556],[140.0226,42.5632],[140.0216,42.572],[140.0133,42.576],[140.009,42.5808],[140.0013,42.5816],[139.9943,42.5778],[139.9744,42.5815],[139.9666,42.5874],[139.9608,42.5892],[139.9517,42.5871],[139.9365,42.5889],[139.9317,42.596],[139.9337,42.597],[139.9351,42.6023],[139.9395,42.6039],[139.943,42.6076],[139.9425,42.6121],[139.9394,42.6136],[139.9184,42.6124],[139.9105,42.6168],[139.8872,42.6141],[139.8844,42.6164],[139.8791,42.6152],[139.8764,42.6116],[139.8718,42.6098],[139.8562,42.6089],[139.8457,42.6132],[139.8382,42.6143],[139.8308,42.6145],[139.8249,42.6125],[139.749,42.6357],[139.5593,42.6884],[139.2074,42.333],[139.1917,42.3134],[139.152,42.2539],[139.1402,42.2267],[139.1336,42.1989],[139.095,41.804],[139.3727,41.7706],[139.6229,41.7485],[139.6399,41.7098],[139.6456,41.6925],[139.9462,41.6329],[139.9732,41.63],[139.9935,41.6302],[139.999,41.632],[140.0124,41.6289],[140.0213,41.6319],[140.0263,41.6319],[140.0279,41.6279],[140.0324,41.6289],[140.035,41.6275],[140.0382,41.6243],[140.0375,41.6218],[140.0398,41.6184],[140.0463,41.6145],[140.0491,41.6097],[140.0592,41.6063],[140.0622,41.6019],[140.0627,41.5927],[140.0675,41.5902],[140.0933,41.5903],[140.0996,41.5924],[140.1052,41.5871],[140.1116,41.5846],[140.1163,41.5758],[140.1215,41.5792],[140.1277,41.5807],[140.1302,41.5832],[140.1386,41.5819],[140.1503,41.5843],[140.1645,41.5775],[140.1695,41.5804],[140.174,41.5872],[140.1839,41.5901],[140.1906,41.5998],[140.1942,41.6],[140.196,41.6084],[140.1934,41.6116],[140.1948,41.6137],[140.1944,41.6197],[140.1956,41.6219],[140.1987,41.6227],[140.2009,41.6268],[140.214,41.6243],[140.2171,41.6284],[140.2259,41.634],[140.2352,41.6333],[140.2459,41.6392],[140.2493,41.6418],[140.2498,41.6457],[140.2534,41.6472],[140.2585,41.6532],[140.2642,41.6531],[140.271,41.657],[140.2757,41.6569],[140.2817,41.6599],[140.2819,41.6708],[140.2896,41.6739],[140.2932,41.6796],[140.2963,41.6806],[140.2968,41.6856],[140.3029,41.6886],[140.2987,41.6932],[140.3007,41.699],[140.2991,41.7001],[140.3025,41.7041],[140.3003,41.7051],[140.3006,41.7064],[140.3053,41.7129],[140.3044,41.7164],[140.3088,41.7179],[140.3137,41.7174],[140.32,41.7144],[140.323,41.7161],[140.3249,41.7202],[140.3349,41.7226],[140.3393,41.7221],[140.3422,41.7237],[140.3415,41.7265],[140.3435,41.7329],[140.3499,41.7381],[140.3507,41.7411],[140.3482,41.7464],[140.3413,41.751],[140.3499,41.7566],[140.3501,41.7605],[140.3518,41.7621],[140.3507,41.7639],[140.3521,41.767],[140.35,41.7714],[140.3514,41.7736],[140.3492,41.7753],[140.3534,41.7784],[140.3531,41.7855],[140.3723,41.7944],[140.3745,41.7982],[140.379,41.7992],[140.3773,41.802],[140.3782,41.8056],[140.3861,41.8066],[140.3887,41.8089],[140.3987,41.8053],[140.4014,41.8094],[140.4072,41.8099],[140.4099,41.8137],[140.4131,41.8122],[140.4221,41.8132],[140.4241,41.8107],[140.4305,41.808],[140.4346,41.8151],[140.4329,41.8202],[140.4296,41.8212],[140.4278,41.8239],[140.4291,41.8274],[140.4277,41.8313],[140.4371,41.8353],[140.4396,41.835],[140.4391,41.8371],[140.4448,41.8397],[140.4463,41.8432],[140.4507,41.8414],[140.4566,41.8414],[140.4602,41.8444],[140.461,41.851],[140.4506,41.8576],[140.4472,41.8571],[140.4471,41.8614],[140.4555,41.862],[140.4576,41.8645],[140.4608,41.8638],[140.4617,41.8723],[140.4652,41.8759],[140.4643,41.8788],[140.4685,41.8827],[140.4664,41.8838],[140.4663,41.8877],[140.4706,41.8896],[140.472,41.8939],[140.4714,41.8981],[140.4736,41.9009],[140.4665,41.9041],[140.4642,41.9085],[140.4587,41.911],[140.458,41.9149],[140.4531,41.9167],[140.4535,41.9189],[140.4498,41.923],[140.4521,41.929],[140.454,41.9301],[140.4532,41.9324],[140.45,41.9323],[140.443,41.9363],[140.4437,41.9379],[140.4571,41.9449],[140.4604,41.9519],[140.468,41.9519],[140.4708,41.9535],[140.4705,41.9578],[140.4677,41.9596],[140.4692,41.9654],[140.4668,41.9696],[140.4678,41.9717],[140.4644,41.9758],[140.4658,41.9793],[140.4641,41.982],[140.4645,41.9867],[140.4709,41.9935],[140.4653,41.9979],[140.465,42.002],[140.4585,42.0049],[140.4534,42.0123],[140.444,42.0149],[140.4433,42.0173],[140.4248,42.0252],[140.4128,42.0265],[140.4083,42.0241],[140.3914,42.0283],[140.3832,42.0351],[140.3789,42.0431],[140.3756,42.0443],[140.373,42.044],[140.3717,42.042],[140.367,42.0438],[140.3594,42.0434],[140.3598,42.038],[140.3535,42.0378],[140.3493,42.0354],[140.3484,42.0393],[140.3391,42.0447],[140.3317,42.0451],[140.3212,42.0418],[140.3164,42.0469],[140.3166,42.0491],[140.3134,42.0497],[140.3118,42.0529],[140.3035,42.0539],[140.2982,42.0505],[140.291,42.0498],[140.2876,42.0511],[140.28,42.0482],[140.2769,42.0514],[140.274,42.0518],[140.2729,42.054],[140.2677,42.0545],[140.2622,42.0582],[140.2497,42.0594],[140.2476,42.0608],[140.2459,42.0654],[140.2432,42.067],[140.238,42.0668],[140.235,42.0686],[140.2344,42.0713],[140.228,42.0734],[140.2277,42.0752],[140.2202,42.0786],[140.2287,42.0851],[140.2219,42.0916],[140.2216,42.0942],[140.2179,42.0901],[140.2128,42.0881],[140.2068,42.0875],[140.2029,42.0894],[140.1986,42.0873],[140.1937,42.0805],[140.194,42.0764],[140.1955,42.0756],[140.1931,42.0682],[140.191,42.0672],[140.1872,42.0671],[140.1829,42.0695],[140.1751,42.0698],[140.1546,42.0642],[140.1504,42.0708],[140.1508,42.0733],[140.149,42.0741],[140.1363,42.0691],[140.1136,42.0709],[140.11,42.0731],[140.1082,42.0712],[140.1038,42.073],[140.0983,42.072],[140.0847,42.0669],[140.0779,42.0617],[140.0408,42.0508],[140.0084,42.0366],[139.9143,42.0008],[139.8808,41.9677],[139.8357,41.9273]]]]},"properties":{"zone":11,"name":"檜山振興局"}},{"type":"Feature","geometry":{"type":"MultiPolygon","coordinates":[[[[141.6543,43.2861],[141.62,43.2835],[141.6268,43.2896],[141.6112,43.2898],[141.6086,43.3082],[141.6065,43.308],[141.6012,43.3168],[141.6057,43.3235],[141.6045,43.3311],[141.5996,43.3356],[141.5969,43.3417],[141.5936,43.3415],[141.5892,43.3463],[141.5838,43.3474],[141.5811,43.3527],[141.5956,43.3603],[141.5953,43.3625],[141.5974,43.365],[141.5957,43.3679],[141.5968,43.3705],[141.5957,43.3794],[141.5978,43.3849],[141.6094,43.3857],[141.6199,43.3912],[141.6222,43.394],[141.627,43.3963],[141.6272,43.3981],[141.633,43.4001],[141.6338,43.403],[141.6414,43.4062],[141.641,43.4094],[141.6448,43.4138],[141.6521,43.4143],[141.6516,43.4212],[141.6565,43.4225],[141.6635,43.4342],[141.6762,43.4359],[141.6797,43.4381],[141.6792,43.441],[141.6916,43.4462],[141.692,43.4495],[141.6969,43.4511],[141.6975,43.4544],[141.7014,43.4567],[141.709,43.4564],[141.7129,43.4539],[141.7191,43.4591],[141.7225,43.4598],[141.7255,43.469],[141.7278,43.4714],[141.7216,43.4797],[141.7184,43.4813],[141.7188,43.4842],[141.7166,43.4868],[141.6841,43.5006],[141.6725,43.4985],[141.6686,43.502],[141.6697,43.5067],[141.6639,43.5114],[141.6627,43.5145],[141.6514,43.5138],[141.6471,43.5226],[141.6434,43.5249],[141.6401,43.5249],[141.6353,43.5328],[141.6311,43.5352],[141.6282,43.5398],[141.6256,43.5396],[141.6235,43.5419],[141.6277,43.5548],[141.6252,43.5559],[141.6234,43.5621],[141.6188,43.5654],[141.616,43.571],[141.6148,43.5742],[141.6182,43.5779],[141.6107,43.5814],[141.6056,43.5802],[141.5995,43.5849],[141.5949,43.5838],[141.5981,43.5893],[141.5882,43.595],[141.5843,43.6029],[141.5847,43.6075],[141.5829,43.6103],[141.5684,43.6198],[141.561,43.6205],[141.559,43.6263],[141.5598,43.6287],[141.5569,43.6298],[141.5538,43.6335],[141.5354,43.6424],[141.5316,43.6461],[141.5266,43.6475],[141.5218,43.6555],[141.5216,43.6587],[141.5178,43.6618],[141.5172,43.6663],[141.51,43.6689],[141.5076,43.6769],[141.5056,43.6785],[141.4978,43.6829],[141.48,43.688],[141.4725,43.6934],[141.473,43.6953],[141.4708,43.6984],[141.4662,43.702],[141.4534,43.7008],[141.4388,43.7038],[141.4391,43.7072],[141.4323,43.7105],[141.4173,43.7112],[141.4117,43.719],[141.4139,43.7266],[141.4109,43.7282],[141.4064,43.7372],[141.393,43.7376],[141.3793,43.7297],[141.3714,43.7276],[141.347,43.7339],[141.3336,43.7398],[141.3289,43.7352],[141.3285,43.7406],[141.1966,43.8345],[141.0415,43.9041],[141.0452,43.842],[140.7638,43.7325],[140.8723,43.6013],[140.9038,43.5674],[141.1167,43.425],[141.165,43.3883],[141.1559,43.275],[141.1525,43.2627],[141.1652,43.2295],[141.1923,43.2139],[141.215,43.2029],[141.2642,43.1968],[141.2743,43.2037],[141.2819,43.2063],[141.288,43.1978],[141.2925,43.1826],[141.2899,43.1808],[141.2827,43.1803],[141.2705,43.171],[141.2669,43.1736],[141.2379,43.1519],[141.2233,43.1602],[141.1876,43.1403],[141.1871,43.1381],[141.1897,43.1332],[141.1933,43.1322],[141.1994,43.1255],[141.2025,43.1247],[141.1848,43.1183],[141.1812,43.1098],[141.1736,43.1045],[141.173,43.0998],[141.1667,43.0964],[141.1674,43.0942],[141.1615,43.092],[141.1585,43.0887],[141.1523,43.0895],[141.1526,43.0923],[141.1434,43.0948],[141.1349,43.0938],[141.1324,43.1026],[141.134,43.1059],[141.1254,43.1077],[141.1193,43.1119],[141.1118,43.114],[141.1085,43.1193],[141.1052,43.1188],[141.1025,43.1154],[141.0911,43.1205],[141.0871,43.1177],[141.0753,43.1182],[141.0716,43.1088],[141.0644,43.1112],[141.0629,43.1094],[141.0621,43.1036],[141.0648,43.0971],[141.0677,43.0961],[141.0698,43.0923],[141.0594,43.0893],[141.0601,43.0867],[141.0653,43.0837],[141.0585,43.0686],[141.0501,43.0672],[141.047,43.0645],[141.045,43.0612],[141.0449,43.0514],[141.0384,43.0467],[141.0373,43.0438],[141.0324,43.0427],[141.0261,43.0361],[141.0205,43.0329],[141.011,43.0334],[140.9993,43.0256],[140.9946,43.0256],[140.9905,43.023],[140.9934,43.0171],[140.998,43.0156],[141,43.0127],[140.9991,43.0007],[140.9956,42.9992],[140.9929,42.9946],[140.9978,42.9905],[140.9977,42.9871],[141.0013,42.9825],[141.0001,42.9787],[141.0064,42.9786],[141.0086,42.9743],[141.0081,42.9715],[141.0105,42.9703],[141.0122,42.966],[141.0201,42.9651],[141.025,42.9614],[141.0284,42.9618],[141.0342,42.9589],[141.0405,42.958],[141.0469,42.9533],[141.0527,42.9526],[141.0482,42.9404],[141.0428,42.9364],[141.0338,42.9178],[141.0268,42.9132],[141.029,42.9094],[141.034,42.9061],[141.0344,42.896],[141.037,42.8955],[141.038,42.8936],[141.0395,42.8854],[141.048,42.8837],[141.053,42.8848],[141.0697,42.884],[141.0788,42.8856],[141.0832,42.8803],[141.0869,42.8792],[141.0993,42.8837],[141.1023,42.8823],[141.1043,42.879],[141.1071,42.8725],[141.101,42.8687],[141.0983,42.8628],[141.099,42.8596],[141.0975,42.8554],[141.1036,42.8474],[141.0942,42.8425],[141.0997,42.8334],[141.1006,42.8277],[141.0932,42.823],[141.0948,42.8211],[141.1112,42.814],[141.1136,42.8113],[141.1194,42.8093],[141.1231,42.8054],[141.1331,42.8039],[141.1362,42.7985],[141.1356,42.7961],[141.1406,42.7889],[141.1556,42.7858],[141.1609,42.7807],[141.1695,42.7817],[141.173,42.7852],[141.1785,42.7838],[141.1882,42.7862],[141.1991,42.7844],[141.194,42.7781],[141.1915,42.7687],[141.1817,42.7609],[141.1809,42.7559],[141.1775,42.7561],[141.1745,42.7537],[141.1733,42.7511],[141.1742,42.7479],[141.1723,42.7443],[141.1747,42.732],[141.1769,42.7309],[141.1782,42.7272],[141.1763,42.7251],[141.1811,42.7235],[141.1822,42.7174],[141.1862,42.715],[141.1886,42.7109],[141.1877,42.706],[141.1904,42.7011],[141.1886,42.6955],[141.1915,42.6858],[141.1969,42.6871],[141.2078,42.6964],[141.2085,42.6998],[141.2145,42.7017],[141.2197,42.6984],[141.2334,42.6999],[141.2435,42.6978],[141.2512,42.7107],[141.2589,42.7138],[141.261,42.7105],[141.2655,42.71],[141.2698,42.7073],[141.2702,42.7038],[141.2758,42.7058],[141.2783,42.7035],[141.2843,42.7053],[141.284,42.7028],[141.2881,42.6986],[141.3002,42.6934],[141.3019,42.6895],[141.3048,42.689],[141.3114,42.6842],[141.3253,42.6825],[141.3304,42.6844],[141.337,42.6833],[141.3413,42.6851],[141.3465,42.6826],[141.351,42.6845],[141.3589,42.6812],[141.3638,42.684],[141.3701,42.6841],[141.3719,42.6856],[141.3745,42.6936],[141.383,42.6945],[141.3868,42.6921],[141.4017,42.7149],[141.4134,42.7231],[141.411,42.7338],[141.4127,42.7436],[141.4109,42.7531],[141.4123,42.7537],[141.4069,42.7648],[141.4106,42.7629],[141.4197,42.7631],[141.4392,42.76],[141.4513,42.7633],[141.4605,42.7554],[141.4855,42.7496],[141.5023,42.7476],[141.5131,42.7495],[141.5315,42.7467],[141.5429,42.7508],[141.5502,42.749],[141.5614,42.7431],[141.5662,42.7426],[141.5755,42.7456],[141.5928,42.7595],[141.6047,42.7723],[141.619,42.772],[141.6297,42.7752],[141.6372,42.7747],[141.6489,42.7766],[141.6527,42.7749],[141.6689,42.7754],[141.6913,42.7711],[141.6944,42.7725],[141.7068,42.7705],[141.7162,42.7743],[141.7241,42.7811],[141.7295,42.7811],[141.7322,42.7841],[141.7452,42.7894],[141.7569,42.792],[141.7543,42.7984],[141.7584,42.8003],[141.7623,42.8069],[141.7648,42.8092],[141.7702,42.8075],[141.7728,42.8088],[141.7737,42.8125],[141.7765,42.8155],[141.7761,42.8232],[141.7727,42.8258],[141.7672,42.8267],[141.7644,42.8327],[141.7763,42.8355],[141.7829,42.8396],[141.7897,42.8404],[141.7859,42.8447],[141.7865,42.8472],[141.785,42.8492],[141.7876,42.8522],[141.7937,42.8543],[141.7952,42.8566],[141.7915,42.8587],[141.7946,42.8646],[141.7913,42.8714],[141.7908,42.876],[141.7952,42.8785],[141.7952,42.8804],[141.8062,42.8926],[141.8157,42.8943],[141.8175,42.8981],[141.8351,42.9071],[141.845,42.9091],[141.8569,42.9139],[141.8593,42.9134],[141.8676,42.9178],[141.8699,42.9225],[141.8643,42.924],[141.8642,42.9263],[141.8593,42.9309],[141.8524,42.933],[141.8409,42.9292],[141.8286,42.9274],[141.8242,42.9279],[141.8222,42.9298],[141.8074,42.9293],[141.8042,42.9312],[141.791,42.929],[141.7872,42.9315],[141.7814,42.9323],[141.7765,42.9402],[141.7687,42.9472],[141.7558,42.9532],[141.7556,42.9377],[141.7534,42.9382],[141.747,42.935],[141.7477,42.9305],[141.7446,42.9295],[141.7407,42.9233],[141.7324,42.923],[141.7281,42.9193],[141.7216,42.9194],[141.7175,42.9177],[141.7176,42.9157],[141.7098,42.915],[141.7053,42.9065],[141.7073,42.9],[141.705,42.8976],[141.6992,42.8955],[141.6926,42.8995],[141.691,42.8987],[141.6917,42.9013],[141.6887,42.9083],[141.6819,42.9109],[141.6728,42.8977],[141.6695,42.889],[141.6641,42.885],[141.6558,42.8871],[141.6526,42.8893],[141.651,42.893],[141.6507,42.8955],[141.6547,42.9012],[141.6521,42.9067],[141.6605,42.914],[141.6501,42.928],[141.6496,42.9325],[141.6524,42.9422],[141.6453,42.9487],[141.6372,42.9503],[141.6339,42.9571],[141.6355,42.9608],[141.6322,42.9704],[141.6287,42.9725],[141.6232,42.9727],[141.6207,42.9747],[141.6215,42.9775],[141.6249,42.9796],[141.6245,42.9813],[141.6089,42.9878],[141.6005,42.9844],[141.5958,42.9847],[141.5949,42.9921],[141.5871,42.996],[141.5801,43.0055],[141.5804,43.0171],[141.5756,43.0205],[141.5681,43.0218],[141.5701,43.027],[141.5654,43.0309],[141.5646,43.0365],[141.5698,43.0377],[141.5736,43.0422],[141.5739,43.0494],[141.5836,43.052],[141.5903,43.0572],[141.5879,43.0694],[141.5908,43.0755],[141.5831,43.0771],[141.6688,43.1207],[141.6495,43.1411],[141.6478,43.142],[141.6461,43.1397],[141.6404,43.1458],[141.6381,43.1457],[141.6402,43.1482],[141.6388,43.1546],[141.6274,43.1581],[141.6103,43.1679],[141.6336,43.1902],[141.6435,43.1878],[141.6489,43.1895],[141.6495,43.1925],[141.6461,43.1962],[141.6493,43.1997],[141.6467,43.2072],[141.65,43.2096],[141.6581,43.2107],[141.6597,43.213],[141.654,43.2208],[141.667,43.2238],[141.673,43.2281],[141.6712,43.232],[141.6628,43.24],[141.659,43.2461],[141.6589,43.2503],[141.6649,43.2538],[141.6648,43.2567],[141.6461,43.2696],[141.6478,43.273],[141.6576,43.2749],[141.6543,43.2861]]]]},"properties":{"zone":12,"name":"石狩振興局"}},{"type":"Feature","geometry":{"type":"MultiPolygon","coordinates":[[[[141.87,42.922],[141.8729,42.9213],[141.8801,42.913],[141.8911,42.9095],[141.8966,42.9055],[141.9022,42.9052],[141.9074,42.9012],[141.914,42.9007],[141.9168,42.898],[141.9175,42.8901],[141.9248,42.8869],[141.9287,42.888],[141.9396,42.8801],[141.9439,42.8711],[141.9465,42.8697],[141.9473,42.8662],[141.951,42.8627],[141.9512,42.8574],[141.9575,42.853],[141.9566,42.852],[141.9593,42.8491],[141.9604,42.8436],[141.9699,42.8438],[141.9817,42.837],[141.9879,42.8417],[141.9879,42.8433],[141.9911,42.8442],[141.9935,42.8495],[142.0012,42.8466],[142.004,42.847],[142.0064,42.8449],[142.014,42.8485],[142.0169,42.8472],[142.0228,42.8491],[142.0311,42.8566],[142.0335,42.858],[142.0373,42.8576],[142.0436,42.8624],[142.0548,42.8603],[142.064,42.8695],[142.0644,42.8741],[142.0708,42.8731],[142.0806,42.8687],[142.0826,42.8728],[142.0889,42.8784],[142.0927,42.8798],[142.0949,42.8838],[142.1,42.8853],[142.1001,42.8873],[142.1071,42.8939],[142.1059,42.8956],[142.1077,42.8965],[142.1063,42.9009],[142.1123,42.9041],[142.1105,42.9148],[142.1196,42.9194],[142.1273,42.9195],[142.1279,42.9226],[142.1372,42.9271],[142.1449,42.9264],[142.1448,42.9321],[142.1467,42.9343],[142.1439,42.9385],[142.1437,42.9477],[142.1499,42.9509],[142.1525,42.9548],[142.1573,42.9539],[142.1626,42.9506],[142.1644,42.9531],[142.168,42.9534],[142.1702,42.9573],[142.173,42.9565],[142.1777,42.9593],[142.1834,42.9577],[142.184,42.9529],[142.1862,42.9515],[142.1917,42.9537],[142.1933,42.9523],[142.1973,42.9535],[142.2019,42.9523],[142.2061,42.9543],[142.2061,42.9561],[142.2111,42.9601],[142.2237,42.9629],[142.2235,42.9703],[142.2329,42.9715],[142.2386,42.9742],[142.2448,42.9717],[142.2472,42.9685],[142.2553,42.9666],[142.2568,42.9682],[142.2571,42.9731],[142.261,42.9775],[142.2628,42.9825],[142.2719,42.9871],[142.2798,42.9811],[142.2844,42.9849],[142.2853,42.9911],[142.2915,43.0022],[142.2886,43.0099],[142.2921,43.0097],[142.2959,43.0152],[142.3026,43.0168],[142.305,43.02],[142.3203,43.0236],[142.3302,43.0317],[142.3234,43.0357],[142.3249,43.0395],[142.3207,43.0466],[142.3021,43.0514],[142.2943,43.051],[142.2682,43.067],[142.2681,43.0722],[142.2624,43.0816],[142.2632,43.084],[142.2496,43.0927],[142.251,43.0997],[142.2435,43.1058],[142.2431,43.1127],[142.2451,43.1175],[142.253,43.1213],[142.255,43.1246],[142.2558,43.1293],[142.2531,43.1331],[142.2639,43.1367],[142.2535,43.1503],[142.2574,43.1555],[142.2556,43.1604],[142.2591,43.164],[142.2587,43.1653],[142.2629,43.1666],[142.2663,43.1719],[142.2695,43.1795],[142.2677,43.1816],[142.2703,43.1884],[142.2841,43.1979],[142.2815,43.2018],[142.283,43.2031],[142.2839,43.2133],[142.2821,43.2142],[142.2803,43.2243],[142.2786,43.2254],[142.2797,43.2284],[142.277,43.23],[142.2763,43.2332],[142.2777,43.2359],[142.2802,43.2353],[142.2792,43.2399],[142.2804,43.2428],[142.2782,43.2527],[142.2815,43.2554],[142.2823,43.2627],[142.2844,43.2638],[142.2866,43.269],[142.2871,43.2724],[142.2851,43.2776],[142.2888,43.2795],[142.2889,43.2809],[142.2863,43.2888],[142.2786,43.2923],[142.2727,43.2976],[142.2717,43.3026],[142.2784,43.3102],[142.278,43.3131],[142.2805,43.3167],[142.2814,43.3226],[142.2968,43.3293],[142.2963,43.3334],[142.2939,43.335],[142.2953,43.3372],[142.2899,43.3434],[142.2901,43.3469],[142.2927,43.351],[142.3021,43.3565],[142.3023,43.3586],[142.3129,43.3604],[142.3301,43.3706],[142.3363,43.3726],[142.3381,43.3715],[142.3406,43.3753],[142.3454,43.3749],[142.351,43.3783],[142.3512,43.3807],[142.3418,43.3852],[142.3408,43.3914],[142.3472,43.4002],[142.3518,43.4019],[142.354,43.4067],[142.3533,43.41],[142.3556,43.4118],[142.3555,43.4174],[142.3677,43.4253],[142.3616,43.4288],[142.3665,43.4303],[142.3659,43.4328],[142.3681,43.4358],[142.3613,43.4416],[142.361,43.4561],[142.3573,43.4622],[142.3553,43.472],[142.356,43.4758],[142.3647,43.4817],[142.3682,43.487],[142.3641,43.4951],[142.3564,43.4995],[142.3522,43.4999],[142.3478,43.5054],[142.3425,43.5079],[142.337,43.5061],[142.3343,43.5128],[142.3353,43.5143],[142.3317,43.5213],[142.3275,43.5211],[142.3248,43.5255],[142.3261,43.5299],[142.3205,43.5317],[142.3231,43.5374],[142.3218,43.5443],[142.3156,43.5472],[142.3132,43.5514],[142.3095,43.5483],[142.3012,43.5519],[142.3009,43.5594],[142.2988,43.5613],[142.2989,43.5639],[142.2928,43.568],[142.2907,43.573],[142.2877,43.5743],[142.2892,43.5788],[142.2913,43.5795],[142.2853,43.5855],[142.2866,43.5876],[142.2846,43.5932],[142.2864,43.5943],[142.285,43.6014],[142.2828,43.603],[142.2858,43.6091],[142.2911,43.612],[142.2913,43.6165],[142.2868,43.6199],[142.2907,43.6226],[142.293,43.6321],[142.2874,43.6422],[142.2772,43.6468],[142.2791,43.652],[142.2778,43.6533],[142.2705,43.6567],[142.2673,43.6604],[142.2576,43.6608],[142.2484,43.654],[142.2207,43.6495],[142.2141,43.6462],[142.2085,43.6461],[142.1997,43.641],[142.1953,43.6458],[142.1952,43.654],[142.178,43.6732],[142.1779,43.6776],[142.1801,43.6795],[142.175,43.6817],[142.1789,43.6864],[142.1776,43.7003],[142.1812,43.7047],[142.1814,43.7075],[142.1779,43.711],[142.1824,43.7108],[142.1841,43.7124],[142.1824,43.717],[142.1774,43.7144],[142.1785,43.7209],[142.1734,43.721],[142.1706,43.7257],[142.1713,43.7282],[142.1763,43.7309],[142.1951,43.7313],[142.1995,43.7343],[142.1993,43.7417],[142.1959,43.7461],[142.1967,43.7484],[142.1953,43.7517],[142.2054,43.7632],[142.2112,43.7656],[142.2111,43.769],[142.2168,43.7713],[142.2197,43.7745],[142.224,43.7736],[142.2266,43.776],[142.222,43.7881],[142.2256,43.7909],[142.2279,43.7957],[142.2401,43.7992],[142.237,43.806],[142.2381,43.8082],[142.2305,43.8113],[142.229,43.8151],[142.2219,43.8203],[142.2196,43.8253],[142.2143,43.8293],[142.2167,43.8344],[142.2086,43.8379],[142.2096,43.8408],[142.2167,43.8471],[142.2199,43.854],[142.2204,43.8561],[142.215,43.8625],[142.2156,43.8644],[142.2053,43.8677],[142.2017,43.8659],[142.1879,43.8669],[142.1792,43.8709],[142.1705,43.8691],[142.1592,43.8751],[142.1605,43.88],[142.1585,43.8863],[142.162,43.8924],[142.1564,43.8976],[142.1488,43.8991],[142.1494,43.9054],[142.143,43.9123],[142.1397,43.919],[142.1351,43.9213],[142.1297,43.9287],[142.1222,43.9326],[142.1198,43.9468],[142.1139,43.9486],[142.1156,43.9522],[142.1151,43.9559],[142.1053,43.9653],[142.1069,43.969],[142.112,43.9715],[142.1127,43.9772],[142.1088,43.9797],[142.1087,43.983],[142.1046,43.9861],[142.1055,43.9899],[142.1033,43.9918],[142.1021,43.9974],[142.0956,44.0007],[142.0946,44.0033],[142.0971,44.0071],[142.091,44.0147],[142.0909,44.0192],[142.0879,44.0268],[142.0886,44.0293],[142.0933,44.0295],[142.0968,44.0336],[142.0981,44.0393],[142.0957,44.041],[142.0962,44.0436],[142.0902,44.0461],[142.0756,44.0479],[142.0737,44.0495],[142.0662,44.0484],[142.0589,44.0442],[142.058,44.0371],[142.0617,44.0315],[142.0555,44.028],[142.0586,44.0251],[142.0537,44.0188],[142.0561,44.0177],[142.0599,44.0118],[142.0539,44.0115],[142.0477,44.0134],[142.0463,44.0114],[142.0436,44.0109],[142.0438,44.0063],[142.0407,44.0038],[142.0408,43.9996],[142.0346,43.9998],[142.0327,43.9984],[142.0281,43.9994],[142.0236,44.0034],[142.0208,44.0037],[142.0205,44.0059],[142.0165,44.0063],[142.0111,44.0038],[141.9962,44.0063],[141.9919,43.9967],[141.9857,43.9933],[141.9676,43.9976],[141.964,44.0003],[141.9537,43.9978],[141.9496,43.9996],[141.9396,43.9909],[141.9373,43.986],[141.931,43.9832],[141.9317,43.9803],[141.9291,43.9718],[141.9308,43.9698],[141.9313,43.9634],[141.9291,43.9612],[141.9241,43.9612],[141.9133,43.957],[141.9013,43.9567],[141.8989,43.9533],[141.8999,43.9492],[141.8955,43.9489],[141.8951,43.9454],[141.8851,43.9433],[141.8895,43.9351],[141.8886,43.9325],[141.8814,43.9258],[141.8813,43.9224],[141.8834,43.9183],[141.8906,43.9144],[141.8914,43.9115],[141.8931,43.9114],[141.8955,43.9081],[141.8956,43.9032],[141.9007,43.9008],[141.9003,43.8975],[141.8912,43.8923],[141.8773,43.8891],[141.8683,43.8825],[141.8653,43.8742],[141.8676,43.8722],[141.8631,43.8681],[141.862,43.8638],[141.8583,43.8591],[141.8607,43.8554],[141.8602,43.8493],[141.8584,43.8486],[141.8584,43.8466],[141.8516,43.8479],[141.8491,43.8515],[141.8469,43.8513],[141.8453,43.8446],[141.8408,43.8451],[141.8299,43.8426],[141.8308,43.8324],[141.8232,43.8305],[141.8189,43.8342],[141.814,43.8346],[141.8109,43.8294],[141.805,43.83],[141.7982,43.8282],[141.7972,43.8266],[141.7987,43.8227],[141.8067,43.8155],[141.804,43.812],[141.8045,43.8089],[141.803,43.8061],[141.8046,43.8049],[141.8044,43.8013],[141.801,43.8015],[141.7995,43.7973],[141.796,43.7954],[141.7935,43.7966],[141.7923,43.7934],[141.7881,43.7931],[141.7869,43.7905],[141.7709,43.7845],[141.7707,43.7803],[141.7757,43.7768],[141.774,43.7753],[141.7746,43.7704],[141.7726,43.768],[141.7739,43.7665],[141.7697,43.7565],[141.7612,43.7581],[141.756,43.7658],[141.7484,43.7719],[141.7417,43.7846],[141.7425,43.79],[141.7337,43.7886],[141.732,43.7914],[141.7211,43.7952],[141.7112,43.7923],[141.6989,43.7962],[141.6982,43.7912],[141.6954,43.7895],[141.695,43.7858],[141.6969,43.7823],[141.6998,43.7812],[141.6981,43.7741],[141.7012,43.7672],[141.7012,43.7625],[141.7047,43.7568],[141.7016,43.7542],[141.6999,43.7497],[141.6935,43.7463],[141.6863,43.7481],[141.6741,43.7558],[141.6626,43.7601],[141.6472,43.7563],[141.6403,43.7608],[141.6322,43.7599],[141.6178,43.7527],[141.6176,43.746],[141.6139,43.7419],[141.6095,43.7425],[141.6065,43.7451],[141.6013,43.7438],[141.5959,43.739],[141.5733,43.7286],[141.5598,43.7185],[141.5506,43.7137],[141.5383,43.7122],[141.5269,43.7131],[141.523,43.7157],[141.5249,43.7128],[141.5248,43.7077],[141.52,43.7037],[141.5143,43.7024],[141.5115,43.6986],[141.5057,43.6996],[141.4971,43.6947],[141.4933,43.6915],[141.4906,43.6844],[141.4984,43.6827],[141.5076,43.6769],[141.5099,43.669],[141.5171,43.6665],[141.5178,43.6618],[141.5216,43.6587],[141.5218,43.6555],[141.5266,43.6475],[141.5316,43.6461],[141.5354,43.6424],[141.5538,43.6335],[141.5569,43.6298],[141.5598,43.6287],[141.559,43.6263],[141.561,43.6205],[141.5684,43.6198],[141.5829,43.6103],[141.5847,43.6075],[141.5843,43.6029],[141.5882,43.595],[141.5981,43.5893],[141.5949,43.5838],[141.5995,43.5849],[141.6056,43.5802],[141.6105,43.5814],[141.6181,43.578],[141.6148,43.5742],[141.616,43.571],[141.6188,43.5654],[141.6234,43.5621],[141.6252,43.5559],[141.6277,43.5548],[141.6235,43.5419],[141.6256,43.5396],[141.6282,43.5398],[141.6311,43.5352],[141.6353,43.5328],[141.6401,43.5249],[141.6434,43.5249],[141.6471,43.5226],[141.6514,43.5138],[141.6627,43.5145],[141.6639,43.5114],[141.6697,43.5067],[141.6686,43.502],[141.6725,43.4985],[141.6841,43.5006],[141.7166,43.4868],[141.7188,43.4842],[141.7184,43.4813],[141.7216,43.4797],[141.7278,43.4714],[141.7255,43.469],[141.7225,43.4598],[141.7191,43.4591],[141.7129,43.4539],[141.709,43.4564],[141.7014,43.4567],[141.6975,43.4544],[141.6969,43.4511],[141.692,43.4495],[141.6916,43.4462],[141.6792,43.441],[141.6797,43.4381],[141.6762,43.4359],[141.6635,43.4342],[141.6565,43.4225],[141.6516,43.4212],[141.6521,43.4143],[141.6448,43.4138],[141.641,43.4094],[141.6414,43.4062],[141.6338,43.403],[141.633,43.4001],[141.6272,43.3981],[141.627,43.3963],[141.6222,43.394],[141.6199,43.3912],[141.6094,43.3857],[141.5978,43.3849],[141.5957,43.3794],[141.5968,43.3705],[141.5957,43.3679],[141.5974,43.365],[141.5953,43.3625],[141.5956,43.3603],[141.5811,43.3527],[141.5838,43.3474],[141.5892,43.3463],[141.5936,43.3415],[141.5969,43.3417],[141.5996,43.3356],[141.6045,43.3311],[141.6057,43.3235],[141.6012,43.3168],[141.6065,43.308],[141.6086,43.3082],[141.6112,43.2898],[141.6268,43.2896],[141.62,43.2835],[141.6543,43.2861],[141.6575,43.2784],[141.6572,43.2745],[141.6478,43.273],[141.6461,43.2696],[141.6648,43.2567],[141.6649,43.2538],[141.6589,43.2503],[141.659,43.2461],[141.6628,43.24],[141.6712,43.232],[141.673,43.2281],[141.667,43.2238],[141.654,43.2208],[141.6597,43.213],[141.6581,43.2107],[141.65,43.2096],[141.6467,43.2072],[141.6493,43.1997],[141.6461,43.1962],[141.6495,43.1925],[141.6489,43.1895],[141.6435,43.1878],[141.6336,43.1902],[141.6103,43.1679],[141.6274,43.1581],[141.6388,43.1546],[141.6402,43.1482],[141.6381,43.1457],[141.6404,43.1458],[141.6461,43.1397],[141.6478,43.142],[141.6495,43.1411],[141.6688,43.1207],[141.5831,43.0771],[141.5908,43.0755],[141.5879,43.0694],[141.5903,43.0572],[141.5836,43.052],[141.5739,43.0494],[141.5736,43.0422],[141.5698,43.0377],[141.5646,43.0365],[141.5654,43.0309],[141.5701,43.027],[141.5681,43.0218],[141.5756,43.0205],[141.5804,43.0171],[141.5801,43.0055],[141.5871,42.996],[141.5949,42.9921],[141.5958,42.9847],[141.6005,42.9844],[141.6089,42.9878],[141.6245,42.9813],[141.6249,42.9796],[141.6215,42.9775],[141.6207,42.9747],[141.6232,42.9727],[141.6287,42.9725],[141.6322,42.9704],[141.6355,42.9608],[141.6339,42.9571],[141.6372,42.9503],[141.6453,42.9487],[141.6524,42.9422],[141.6496,42.9325],[141.6501,42.928],[141.6605,42.914],[141.6521,42.9067],[141.6547,42.9012],[141.6507,42.8955],[141.651,42.893],[141.6526,42.8893],[141.6558,42.8871],[141.6641,42.885],[141.6695,42.889],[141.6728,42.8977],[141.6819,42.9109],[141.6887,42.9083],[141.6917,42.9013],[141.691,42.8987],[141.6926,42.8995],[141.6992,42.8955],[141.705,42.8976],[141.7073,42.9],[141.7053,42.9065],[141.7098,42.915],[141.7176,42.9157],[141.7175,42.9177],[141.7216,42.9194],[141.7281,42.9193],[141.7324,42.923],[141.7407,42.9233],[141.7446,42.9295],[141.7477,42.9305],[141.747,42.935],[141.7534,42.9382],[141.7556,42.9377],[141.7558,42.9532],[141.7687,42.9472],[141.7765,42.9402],[141.7814,42.9323],[141.7872,42.9315],[141.791,42.929],[141.8042,42.9312],[141.8074,42.9293],[141.8222,42.9298],[141.8242,42.9279],[141.8286,42.9274],[141.8409,42.9292],[141.8524,42.933],[141.8593,42.9309],[141.8642,42.9263],[141.8643,42.924],[141.87,42.922]]]]},"properties":{"zone":12,"name":"空知総合振興局"}},{"type":"Feature","geometry":{"type":"MultiPolygon","coordinates":[[[[142.0756,44.1649],[142.0751,44.1621],[142.0713,44.1579],[142.073,44.1556],[142.0714,44.1514],[142.0747,44.1493],[142.0756,44.1455],[142.0718,44.1371],[142.0724,44.1326],[142.0782,44.1292],[142.0749,44.1255],[142.0712,44.1239],[142.0709,44.1194],[142.0682,44.116],[142.0524,44.1042],[142.0624,44.0784],[142.07,44.0695],[142.0644,44.0614],[142.0551,44.0555],[142.0574,44.0543],[142.0581,44.0509],[142.0651,44.0503],[142.0661,44.0483],[142.0737,44.0495],[142.0756,44.0479],[142.0902,44.0461],[142.0961,44.0438],[142.0957,44.041],[142.0981,44.0393],[142.0975,44.0355],[142.0938,44.0298],[142.0885,44.0292],[142.0887,44.0226],[142.0909,44.0192],[142.091,44.0147],[142.0971,44.0071],[142.0946,44.0033],[142.0956,44.0007],[142.1021,43.9974],[142.1033,43.9918],[142.1055,43.9899],[142.1046,43.9861],[142.1087,43.983],[142.1088,43.9797],[142.1127,43.9772],[142.112,43.9715],[142.1069,43.969],[142.1053,43.9653],[142.1151,43.9559],[142.1156,43.9522],[142.1139,43.9486],[142.1198,43.9468],[142.1222,43.9326],[142.1297,43.9287],[142.1351,43.9213],[142.1397,43.919],[142.143,43.9123],[142.1494,43.9054],[142.1488,43.8991],[142.1564,43.8976],[142.162,43.8924],[142.1585,43.8863],[142.1605,43.88],[142.1592,43.8751],[142.1705,43.8691],[142.1792,43.8709],[142.1879,43.8669],[142.2017,43.8659],[142.2053,43.8677],[142.2156,43.8644],[142.215,43.8625],[142.2204,43.8561],[142.2199,43.854],[142.2167,43.8471],[142.2096,43.8408],[142.2086,43.8379],[142.2167,43.8344],[142.214,43.8297],[142.2196,43.8253],[142.2219,43.8203],[142.229,43.8151],[142.2305,43.8113],[142.2381,43.8082],[142.237,43.806],[142.2401,43.7992],[142.2279,43.7957],[142.2256,43.7909],[142.222,43.7881],[142.2266,43.776],[142.224,43.7736],[142.2197,43.7745],[142.2168,43.7713],[142.2111,43.769],[142.2112,43.7656],[142.2054,43.7632],[142.2019,43.7578],[142.1972,43.755],[142.1953,43.7517],[142.1967,43.7484],[142.1958,43.7464],[142.1993,43.7417],[142.1995,43.7343],[142.1951,43.7313],[142.1763,43.7309],[142.1713,43.7282],[142.1706,43.7257],[142.1734,43.721],[142.1785,43.7209],[142.1774,43.7144],[142.1824,43.717],[142.1841,43.7124],[142.1824,43.7108],[142.1779,43.711],[142.1814,43.7075],[142.1812,43.7047],[142.1776,43.7003],[142.1789,43.6864],[142.175,43.6817],[142.1801,43.6795],[142.1779,43.6776],[142.178,43.6732],[142.1952,43.654],[142.1953,43.6458],[142.1997,43.641],[142.2085,43.6461],[142.2141,43.6462],[142.2207,43.6495],[142.2484,43.654],[142.2576,43.6608],[142.2673,43.6604],[142.2705,43.6567],[142.2778,43.6533],[142.2791,43.652],[142.2772,43.6468],[142.2874,43.6422],[142.293,43.6321],[142.2907,43.6226],[142.2868,43.6199],[142.2913,43.6165],[142.2911,43.612],[142.2858,43.6091],[142.2828,43.603],[142.285,43.6014],[142.2864,43.5943],[142.2846,43.5932],[142.2866,43.5876],[142.2853,43.5855],[142.2913,43.5795],[142.2892,43.5788],[142.2877,43.5743],[142.2907,43.573],[142.2928,43.568],[142.2989,43.5639],[142.2988,43.5613],[142.3009,43.5594],[142.3012,43.5519],[142.3095,43.5483],[142.3132,43.5514],[142.3156,43.5472],[142.3218,43.5443],[142.3231,43.5374],[142.3205,43.5317],[142.3261,43.5299],[142.3248,43.5255],[142.3275,43.5211],[142.3317,43.5213],[142.3353,43.5143],[142.3343,43.5128],[142.337,43.5061],[142.3425,43.5079],[142.3478,43.5054],[142.3522,43.4999],[142.3564,43.4995],[142.3641,43.4951],[142.3682,43.4868],[142.3647,43.4817],[142.356,43.4758],[142.3553,43.472],[142.3573,43.4622],[142.361,43.4561],[142.3613,43.4416],[142.3681,43.4358],[142.3659,43.4328],[142.3665,43.4303],[142.3616,43.4288],[142.3677,43.4253],[142.3555,43.4174],[142.3556,43.4118],[142.3533,43.41],[142.354,43.4067],[142.3518,43.4019],[142.3472,43.4002],[142.3408,43.3914],[142.3418,43.3852],[142.3512,43.3807],[142.351,43.3783],[142.3454,43.3749],[142.3406,43.3753],[142.3381,43.3715],[142.3363,43.3726],[142.3301,43.3706],[142.3129,43.3604],[142.3023,43.3586],[142.3021,43.3565],[142.2927,43.351],[142.2901,43.3469],[142.2899,43.3434],[142.2953,43.3372],[142.2939,43.335],[142.2963,43.3334],[142.2968,43.3293],[142.2814,43.3226],[142.2805,43.3167],[142.278,43.3131],[142.2784,43.3102],[142.2716,43.3023],[142.2727,43.2976],[142.2786,43.2923],[142.2863,43.2888],[142.2889,43.2809],[142.2888,43.2795],[142.2851,43.2776],[142.2871,43.2724],[142.2866,43.269],[142.2844,43.2638],[142.2823,43.2627],[142.2815,43.2554],[142.2782,43.2527],[142.2804,43.2428],[142.2792,43.2399],[142.2802,43.2353],[142.2777,43.2359],[142.2763,43.2332],[142.277,43.23],[142.2797,43.2284],[142.2786,43.2254],[142.2803,43.2243],[142.2821,43.2142],[142.2839,43.2133],[142.283,43.2031],[142.2815,43.2018],[142.2841,43.1979],[142.2703,43.1884],[142.2677,43.1816],[142.2695,43.1795],[142.2663,43.1719],[142.2629,43.1666],[142.2587,43.1653],[142.2591,43.164],[142.2556,43.1604],[142.2574,43.1555],[142.2535,43.1503],[142.2639,43.1367],[142.2531,43.1331],[142.2557,43.1297],[142.2556,43.1261],[142.253,43.1213],[142.2446,43.1169],[142.2432,43.1129],[142.2434,43.1059],[142.251,43.0997],[142.2496,43.0927],[142.2634,43.0837],[142.2624,43.0816],[142.2681,43.0722],[142.2682,43.067],[142.2943,43.051],[142.3021,43.0514],[142.3207,43.0466],[142.3249,43.0395],[142.3234,43.0357],[142.3302,43.0317],[142.3203,43.0236],[142.305,43.02],[142.3026,43.0168],[142.2959,43.0152],[142.2921,43.0097],[142.2886,43.0099],[142.2915,43.0022],[142.2853,42.9911],[142.2844,42.9849],[142.2798,42.9811],[142.2821,42.9781],[142.2807,42.9752],[142.2842,42.9731],[142.2827,42.9706],[142.2839,42.9679],[142.2761,42.9573],[142.2733,42.9558],[142.2728,42.9502],[142.2782,42.9458],[142.2781,42.9442],[142.2843,42.9412],[142.3019,42.9408],[142.3028,42.9382],[142.3013,42.9334],[142.3075,42.9311],[142.3076,42.9288],[142.3106,42.9268],[142.3099,42.9231],[142.3125,42.9181],[142.334,42.9075],[142.332,42.9047],[142.3337,42.9021],[142.3331,42.8998],[142.3246,42.8908],[142.3391,42.8839],[142.3452,42.8844],[142.3545,42.8888],[142.357,42.8881],[142.3601,42.8915],[142.3702,42.8901],[142.3745,42.8866],[142.3813,42.8873],[142.3913,42.8986],[142.3959,42.8996],[142.3971,42.9064],[142.401,42.9091],[142.4013,42.9118],[142.4043,42.9143],[142.3989,42.9316],[142.4094,42.9337],[142.4194,42.9289],[142.4251,42.9285],[142.4276,42.9223],[142.4329,42.9223],[142.4355,42.9164],[142.4432,42.9115],[142.4542,42.9132],[142.4658,42.9172],[142.4704,42.9144],[142.4746,42.9147],[142.4865,42.9235],[142.4923,42.9189],[142.4981,42.9196],[142.4987,42.9147],[142.5031,42.914],[142.5115,42.9179],[142.5109,42.9199],[142.5216,42.9233],[142.5283,42.9174],[142.5321,42.9182],[142.5329,42.9144],[142.5349,42.9134],[142.5348,42.9106],[142.54,42.9125],[142.5464,42.9109],[142.5495,42.9125],[142.5515,42.9167],[142.561,42.9174],[142.5645,42.9211],[142.5636,42.9223],[142.568,42.925],[142.5693,42.9285],[142.5722,42.9292],[142.573,42.9314],[142.5716,42.934],[142.5728,42.9365],[142.571,42.9419],[142.5726,42.9455],[142.5777,42.9479],[142.5783,42.9525],[142.5832,42.9573],[142.5844,42.9624],[142.5875,42.9663],[142.6062,42.9733],[142.6141,42.9732],[142.6257,42.98],[142.6294,42.9853],[142.6319,42.9863],[142.6401,42.9851],[142.6523,42.9859],[142.6662,42.982],[142.6716,42.9845],[142.6781,42.9908],[142.6835,42.9911],[142.6899,42.9878],[142.7026,42.9902],[142.7104,42.9937],[142.7199,43.0047],[142.7249,43.0067],[142.7278,43.0098],[142.7403,43.0048],[142.7544,43.0131],[142.7525,43.0189],[142.7537,43.0261],[142.7506,43.0301],[142.7534,43.0363],[142.748,43.042],[142.747,43.0461],[142.7491,43.0517],[142.7469,43.0541],[142.7468,43.0583],[142.7428,43.0601],[142.7424,43.0632],[142.7397,43.0664],[142.7296,43.0713],[142.7268,43.076],[142.7277,43.0777],[142.7381,43.0822],[142.7437,43.0874],[142.7377,43.0914],[142.7369,43.0952],[142.7446,43.1021],[142.7452,43.1054],[142.7512,43.1099],[142.7451,43.1137],[142.7453,43.115],[142.7529,43.1231],[142.7564,43.1211],[142.7604,43.1212],[142.7652,43.1246],[142.7673,43.1303],[142.7644,43.1377],[142.7673,43.1443],[142.7677,43.1521],[142.7671,43.1591],[142.7646,43.1619],[142.7792,43.1737],[142.767,43.1808],[142.7694,43.1887],[142.7621,43.1941],[142.7629,43.201],[142.7529,43.2068],[142.7487,43.211],[142.7418,43.2114],[142.7364,43.2195],[142.7369,43.2243],[142.7332,43.233],[142.7421,43.2406],[142.7339,43.2492],[142.74,43.2525],[142.7415,43.2579],[142.747,43.2597],[142.7471,43.2655],[142.7401,43.2771],[142.741,43.2812],[142.7363,43.2854],[142.737,43.2871],[142.7353,43.2893],[142.7374,43.2923],[142.7354,43.294],[142.7361,43.2962],[142.7349,43.2978],[142.7368,43.3016],[142.7363,43.3072],[142.7404,43.3092],[142.7386,43.3102],[142.7393,43.3131],[142.7363,43.3186],[142.7442,43.3236],[142.7468,43.3271],[142.7486,43.3401],[142.7555,43.3455],[142.7677,43.3447],[142.7691,43.3459],[142.761,43.3574],[142.7568,43.3543],[142.7499,43.3534],[142.7469,43.3507],[142.7426,43.3548],[142.7201,43.3601],[142.7154,43.3683],[142.7085,43.3737],[142.7061,43.3785],[142.6945,43.3849],[142.689,43.3938],[142.6834,43.3954],[142.6773,43.4037],[142.6719,43.4046],[142.6754,43.4083],[142.6757,43.4117],[142.6814,43.4162],[142.689,43.4176],[142.6923,43.4216],[142.7013,43.4256],[142.7039,43.4301],[142.7106,43.4328],[142.7128,43.438],[142.7103,43.4399],[142.7145,43.4518],[142.7244,43.4521],[142.7306,43.4607],[142.7401,43.4671],[142.7524,43.4707],[142.7541,43.4739],[142.7768,43.487],[142.7769,43.4937],[142.7822,43.4959],[142.7873,43.4959],[142.7913,43.5006],[142.798,43.5009],[142.799,43.5041],[142.8038,43.5074],[142.805,43.5107],[142.8133,43.5139],[142.8151,43.5172],[142.8143,43.5225],[142.807,43.5275],[142.8087,43.5294],[142.8156,43.5306],[142.8301,43.5234],[142.8389,43.5221],[142.8508,43.5283],[142.8539,43.5362],[142.8502,43.5489],[142.8554,43.5553],[142.8607,43.5585],[142.8613,43.5653],[142.8664,43.5649],[142.8681,43.5663],[142.8723,43.5648],[142.8752,43.57],[142.8892,43.5659],[142.9064,43.5648],[142.9235,43.5526],[142.9376,43.546],[142.9436,43.5361],[142.9577,43.5263],[142.9655,43.5302],[142.9679,43.5339],[142.9738,43.5345],[142.9757,43.5393],[142.9888,43.5331],[143.005,43.5287],[143.0137,43.5285],[143.0236,43.5343],[143.0231,43.5399],[143.0202,43.5425],[143.0214,43.5456],[143.0231,43.5486],[143.0308,43.5505],[143.0356,43.557],[143.0361,43.5616],[143.0412,43.5631],[143.0527,43.5595],[143.0544,43.5573],[143.0599,43.5552],[143.0689,43.5586],[143.0704,43.5645],[143.0755,43.5659],[143.0797,43.5637],[143.0834,43.5644],[143.0974,43.572],[143.1012,43.5723],[143.1028,43.5764],[143.1131,43.5791],[143.1162,43.5836],[143.1214,43.5834],[143.1244,43.5867],[143.1342,43.5879],[143.1414,43.592],[143.1425,43.5951],[143.1362,43.5998],[143.1365,43.6079],[143.1494,43.617],[143.1556,43.6287],[143.164,43.6324],[143.1646,43.6345],[143.1731,43.6374],[143.1742,43.6402],[143.1717,43.6416],[143.1704,43.649],[143.1625,43.6524],[143.1648,43.6555],[143.1644,43.6575],[143.1526,43.6648],[143.1479,43.665],[143.1475,43.6675],[143.1417,43.6684],[143.1396,43.6775],[143.1459,43.6805],[143.1459,43.6841],[143.148,43.6877],[143.1467,43.6906],[143.151,43.6969],[143.1544,43.6984],[143.1604,43.7055],[143.1639,43.707],[143.1718,43.7069],[143.1681,43.7162],[143.169,43.7213],[143.1728,43.7232],[143.1744,43.7309],[143.1797,43.7351],[143.1745,43.7425],[143.1743,43.746],[143.1687,43.7557],[143.1635,43.758],[143.1605,43.7616],[143.1538,43.7634],[143.1426,43.7618],[143.1402,43.7564],[143.1362,43.7542],[143.1311,43.7554],[143.1182,43.754],[143.1148,43.7507],[143.1055,43.7483],[143.1018,43.7446],[143.0966,43.7431],[143.0899,43.7452],[143.0854,43.7418],[143.0842,43.739],[143.0799,43.7379],[143.0744,43.7379],[143.0743,43.743],[143.0636,43.7482],[143.0514,43.7439],[143.0461,43.7468],[143.0339,43.749],[143.0243,43.7454],[143.0242,43.7473],[143.007,43.7598],[143.0097,43.762],[143.0069,43.7683],[143.0072,43.7753],[143.0104,43.7758],[143.0135,43.779],[143.0143,43.7869],[143.0161,43.7889],[143.0152,43.7924],[143.0123,43.7944],[143.0137,43.7977],[143.0203,43.8028],[143.0466,43.8125],[143.0245,43.816],[143.0173,43.8228],[143.0103,43.8265],[143.009,43.8373],[143.0113,43.8402],[143.0147,43.8409],[143.0138,43.8442],[143.018,43.8461],[143.0137,43.851],[143.0129,43.8555],[143.0085,43.8589],[143.0109,43.8614],[143.0213,43.8648],[143.0169,43.8736],[143.0229,43.8762],[143.0214,43.8777],[143.0226,43.8805],[143.0194,43.8863],[143.0338,43.895],[143.038,43.9033],[143.0485,43.9068],[143.0554,43.9143],[143.0548,43.917],[143.0474,43.9224],[143.0417,43.9236],[143.0371,43.9281],[143.0294,43.9276],[143.0203,43.9223],[143.0123,43.9219],[143.0095,43.9248],[142.999,43.9285],[142.9816,43.9438],[142.9734,43.9417],[142.9694,43.9375],[142.9635,43.9377],[142.9583,43.9359],[142.9558,43.9327],[142.9449,43.9304],[142.9405,43.9275],[142.9113,43.9269],[142.9026,43.9222],[142.8977,43.9218],[142.8885,43.9263],[142.8913,43.9301],[142.8858,43.9334],[142.8935,43.9399],[142.892,43.9431],[142.8802,43.9438],[142.8796,43.9478],[142.8851,43.9572],[142.8867,43.9642],[142.8908,43.9658],[142.8905,43.9732],[142.8888,43.9764],[142.8994,43.9813],[142.9,43.9873],[142.9026,43.9897],[142.8943,44.0035],[142.8981,44.0061],[142.8982,44.0099],[142.8935,44.0136],[142.8899,44.0207],[142.8742,44.0191],[142.8765,44.0328],[142.8677,44.037],[142.8665,44.0403],[142.8724,44.0441],[142.8734,44.0473],[142.879,44.049],[142.8788,44.0517],[142.8751,44.059],[142.8638,44.064],[142.8604,44.0693],[142.8679,44.0774],[142.8705,44.0849],[142.8607,44.0872],[142.8568,44.0905],[142.8571,44.0982],[142.8542,44.0994],[142.8574,44.1015],[142.8564,44.1045],[142.86,44.1068],[142.8605,44.1087],[142.8562,44.1112],[142.8567,44.1143],[142.8526,44.1173],[142.8513,44.1226],[142.8417,44.1275],[142.8438,44.1333],[142.8397,44.136],[142.8432,44.1455],[142.8384,44.1499],[142.838,44.1563],[142.8417,44.1589],[142.8511,44.1581],[142.855,44.1593],[142.8567,44.1564],[142.8634,44.1548],[142.877,44.1597],[142.8821,44.1661],[142.8824,44.1687],[142.8791,44.1719],[142.876,44.1796],[142.8787,44.1826],[142.876,44.1856],[142.8681,44.1886],[142.8728,44.1942],[142.8689,44.1982],[142.8725,44.2038],[142.8667,44.2095],[142.8647,44.2183],[142.8698,44.2253],[142.8756,44.2288],[142.8683,44.2343],[142.8657,44.2411],[142.8667,44.2484],[142.8619,44.2508],[142.8593,44.2573],[142.8522,44.2589],[142.8513,44.2627],[142.8446,44.2687],[142.8346,44.2697],[142.8264,44.2724],[142.8242,44.2791],[142.8272,44.2828],[142.8292,44.2934],[142.8266,44.2954],[142.8238,44.305],[142.8275,44.3072],[142.8227,44.3136],[142.8262,44.3176],[142.8232,44.3215],[142.8242,44.3288],[142.8182,44.3321],[142.8026,44.3314],[142.8025,44.3426],[142.8088,44.349],[142.8129,44.348],[142.8155,44.3501],[142.8166,44.354],[142.8152,44.3563],[142.8211,44.3633],[142.8169,44.3666],[142.8263,44.3698],[142.8261,44.3749],[142.8289,44.3788],[142.8264,44.3801],[142.8262,44.3842],[142.8231,44.3876],[142.8296,44.3921],[142.8305,44.397],[142.8259,44.4048],[142.8222,44.4064],[142.8184,44.4139],[142.8188,44.419],[142.8249,44.4239],[142.838,44.4274],[142.8403,44.4298],[142.8404,44.4324],[142.8513,44.4383],[142.8477,44.4397],[142.8402,44.4468],[142.8489,44.4597],[142.8322,44.4571],[142.8284,44.4584],[142.8212,44.4547],[142.8113,44.4588],[142.796,44.4566],[142.7892,44.4535],[142.7857,44.4549],[142.7853,44.4592],[142.7821,44.4614],[142.7765,44.4602],[142.7671,44.4669],[142.7656,44.4646],[142.758,44.461],[142.7594,44.4588],[142.7585,44.4574],[142.7492,44.455],[142.7392,44.4632],[142.7323,44.4596],[142.7266,44.4613],[142.7209,44.4609],[142.7173,44.4629],[142.7211,44.4677],[142.7178,44.4722],[142.7167,44.4773],[142.7127,44.4812],[142.712,44.486],[142.7083,44.4813],[142.695,44.4819],[142.6925,44.477],[142.6834,44.4735],[142.6701,44.4555],[142.6548,44.4477],[142.6537,44.441],[142.6505,44.4377],[142.6201,44.4346],[142.6077,44.4369],[142.5915,44.4318],[142.5841,44.4337],[142.5846,44.4431],[142.5933,44.4552],[142.5979,44.4663],[142.5933,44.4726],[142.5967,44.4747],[142.6006,44.4855],[142.613,44.4937],[142.6183,44.5001],[142.6179,44.5051],[142.6205,44.5145],[142.6258,44.5181],[142.6279,44.523],[142.6348,44.5237],[142.6461,44.5306],[142.643,44.5347],[142.6366,44.5356],[142.6371,44.5393],[142.6342,44.5402],[142.6345,44.5419],[142.6325,44.5431],[142.6382,44.5488],[142.636,44.5532],[142.6462,44.5626],[142.6506,44.5646],[142.6497,44.567],[142.6527,44.5673],[142.6533,44.5726],[142.6571,44.5763],[142.6557,44.5781],[142.6447,44.581],[142.6444,44.5845],[142.6474,44.5915],[142.6441,44.5965],[142.6391,44.5971],[142.6241,44.5946],[142.6085,44.5979],[142.5934,44.5936],[142.5882,44.5937],[142.5884,44.5968],[142.5846,44.5981],[142.5757,44.6002],[142.5639,44.6007],[142.561,44.6077],[142.5631,44.6116],[142.5626,44.6151],[142.5476,44.6131],[142.5367,44.6147],[142.5243,44.6091],[142.5193,44.5959],[142.5141,44.5915],[142.5098,44.5825],[142.4919,44.5781],[142.4931,44.5893],[142.4834,44.5899],[142.4798,44.5919],[142.4777,44.5961],[142.479,44.6059],[142.4728,44.6114],[142.4726,44.6185],[142.4673,44.6199],[142.4583,44.6162],[142.4478,44.6188],[142.4408,44.6174],[142.4356,44.6206],[142.4316,44.6279],[142.4249,44.6296],[142.4245,44.6325],[142.4187,44.6365],[142.413,44.6369],[142.4093,44.6455],[142.4053,44.6494],[142.4085,44.6533],[142.4098,44.6627],[142.4138,44.6699],[142.4184,44.6737],[142.4186,44.6766],[142.4144,44.6794],[142.4093,44.6871],[142.3967,44.6952],[142.3952,44.7007],[142.3882,44.701],[142.3853,44.7022],[142.385,44.7039],[142.3791,44.7013],[142.3632,44.705],[142.3589,44.7101],[142.3501,44.7068],[142.3421,44.7061],[142.3389,44.7068],[142.3378,44.7094],[142.3275,44.7102],[142.3259,44.7143],[142.3267,44.7162],[142.3244,44.7182],[142.3244,44.7268],[142.3185,44.7336],[142.3114,44.7382],[142.3117,44.7425],[142.3088,44.746],[142.3026,44.7481],[142.3043,44.7503],[142.3032,44.7529],[142.3054,44.7579],[142.3049,44.7623],[142.3093,44.7677],[142.3095,44.7751],[142.312,44.7787],[142.3005,44.7837],[142.2958,44.7882],[142.2835,44.7884],[142.284,44.7919],[142.2803,44.7933],[142.2808,44.798],[142.2823,44.7993],[142.2803,44.8029],[142.2817,44.8078],[142.2849,44.8096],[142.2849,44.8112],[142.2827,44.813],[142.2833,44.8166],[142.2817,44.8176],[142.2811,44.8223],[142.2731,44.8217],[142.2636,44.8173],[142.2539,44.8188],[142.2522,44.8212],[142.2473,44.8201],[142.2402,44.8215],[142.2354,44.8271],[142.2308,44.826],[142.2273,44.8231],[142.221,44.825],[142.2178,44.8226],[142.2091,44.8214],[142.2085,44.8162],[142.2051,44.8135],[142.2072,44.8126],[142.2053,44.8084],[142.2021,44.8077],[142.2004,44.8043],[142.197,44.8035],[142.1876,44.7962],[142.1827,44.7964],[142.1816,44.7985],[142.1737,44.798],[142.1695,44.8001],[142.1686,44.8032],[142.1605,44.8049],[142.1583,44.8081],[142.1587,44.8126],[142.1659,44.823],[142.1636,44.8266],[142.1677,44.8307],[142.1665,44.8357],[142.162,44.8367],[142.1666,44.8465],[142.1657,44.8524],[142.1498,44.855],[142.1506,44.8601],[142.1595,44.8653],[142.1602,44.8701],[142.155,44.8789],[142.1526,44.8802],[142.1522,44.8858],[142.147,44.8887],[142.1412,44.8957],[142.1365,44.8959],[142.1333,44.9022],[142.1211,44.8979],[142.1097,44.8986],[142.0977,44.9033],[142.0961,44.9011],[142.0697,44.9014],[142.0562,44.8982],[142.0525,44.8984],[142.0521,44.9006],[142.048,44.9016],[142.0462,44.8983],[142.034,44.8979],[142.028,44.8999],[142.0306,44.9039],[142.0293,44.9054],[142.0262,44.9031],[142.02,44.9023],[142.019,44.896],[142.01,44.8957],[142.0013,44.8927],[141.9995,44.8896],[142.0008,44.8815],[141.9908,44.8763],[141.9894,44.8708],[141.9965,44.8628],[142.0055,44.8592],[142.0058,44.855],[142.0075,44.8528],[142.0044,44.848],[142.0077,44.8474],[142.0096,44.8436],[142.0044,44.8416],[141.998,44.8337],[142.0018,44.8309],[142.0012,44.828],[142.005,44.8187],[141.9971,44.8051],[142.0011,44.8008],[141.9974,44.7947],[141.9959,44.7879],[141.991,44.7854],[141.9936,44.7834],[141.9907,44.7795],[141.9925,44.7765],[141.9871,44.7682],[141.9901,44.7646],[141.9897,44.7608],[141.9843,44.7572],[141.9763,44.7458],[141.9817,44.7398],[141.982,44.733],[141.9848,44.7281],[141.991,44.7246],[141.9996,44.7239],[141.9951,44.7195],[141.9957,44.7148],[141.9926,44.7089],[141.9938,44.7056],[142.001,44.7034],[142.0012,44.7002],[141.9986,44.6951],[142.0003,44.6889],[141.9959,44.6901],[141.9886,44.6857],[141.9921,44.6833],[141.9934,44.678],[141.9974,44.6757],[141.9944,44.6718],[141.9982,44.664],[141.9978,44.658],[142.0018,44.6578],[142.0098,44.654],[142.0091,44.6515],[142.0031,44.6459],[142.0043,44.6439],[142.0035,44.6406],[142.0073,44.6396],[142.0092,44.6368],[142.0044,44.6333],[142.0053,44.63],[142.0036,44.6283],[142.0033,44.6244],[142.0143,44.6193],[142.0127,44.6183],[142.0127,44.6153],[142.0145,44.6103],[142.0076,44.6059],[142.0078,44.6036],[142.0102,44.6021],[142.0092,44.5989],[142.0134,44.5969],[142.0155,44.5928],[142.0222,44.5896],[142.0293,44.5903],[142.0403,44.5859],[142.0423,44.5812],[142.0407,44.5794],[142.0413,44.5769],[142.0441,44.5704],[142.0481,44.5659],[142.0462,44.5643],[142.0472,44.5601],[142.0553,44.552],[142.0509,44.5481],[142.0523,44.5454],[142.0503,44.5433],[142.0504,44.5408],[142.0448,44.5333],[142.0412,44.5316],[142.0408,44.5289],[142.0462,44.522],[142.0502,44.5215],[142.0493,44.5191],[142.0544,44.5168],[142.0534,44.5152],[142.0549,44.5132],[142.0632,44.5082],[142.0683,44.5075],[142.0674,44.5041],[142.0729,44.4962],[142.0798,44.4969],[142.0811,44.4922],[142.0863,44.489],[142.0969,44.4904],[142.0994,44.4887],[142.1117,44.4882],[142.1098,44.4832],[142.1154,44.4746],[142.113,44.4694],[142.116,44.4683],[142.1156,44.4652],[142.1117,44.461],[142.1129,44.4584],[142.1122,44.4531],[142.1075,44.4464],[142.1061,44.439],[142.0992,44.4388],[142.0949,44.4365],[142.0883,44.4387],[142.0847,44.4372],[142.08,44.4335],[142.0799,44.4292],[142.0774,44.4244],[142.0709,44.4229],[142.0684,44.419],[142.0647,44.417],[142.0653,44.4143],[142.0572,44.414],[142.054,44.4113],[142.0546,44.4091],[142.0526,44.4081],[142.0354,44.4056],[142.0358,44.4009],[142.031,44.3954],[142.0211,44.3939],[142.0213,44.3902],[142.0264,44.3817],[142.0264,44.3785],[142.0316,44.3775],[142.0308,44.3725],[142.0288,44.3705],[142.032,44.3653],[142.0321,44.3556],[142.0346,44.3543],[142.0368,44.3457],[142.0431,44.3437],[142.0483,44.3445],[142.061,44.3361],[142.0598,44.3313],[142.055,44.3285],[142.0537,44.3261],[142.0541,44.321],[142.0591,44.3176],[142.0591,44.3147],[142.0524,44.3129],[142.0519,44.3111],[142.057,44.3066],[142.0566,44.303],[142.0605,44.2979],[142.0586,44.2971],[142.06,44.2943],[142.0562,44.2929],[142.0525,44.2941],[142.0492,44.2913],[142.0309,44.2846],[142.0336,44.2809],[142.0326,44.2796],[142.0396,44.2692],[142.0347,44.2651],[142.0296,44.2635],[142.0338,44.2594],[142.0381,44.2584],[142.0459,44.263],[142.0574,44.2567],[142.056,44.2518],[142.0621,44.2503],[142.0622,44.2439],[142.0656,44.2418],[142.0664,44.2354],[142.0586,44.2346],[142.0559,44.2326],[142.0531,44.2331],[142.0435,44.228],[142.0458,44.2218],[142.0507,44.2198],[142.0486,44.2156],[142.0435,44.2125],[142.0478,44.2069],[142.0468,44.2031],[142.0496,44.204],[142.0574,44.2027],[142.0599,44.1975],[142.064,44.1957],[142.0737,44.1942],[142.0819,44.1957],[142.0881,44.1886],[142.0862,44.1848],[142.0881,44.1822],[142.0822,44.1778],[142.0823,44.1738],[142.0787,44.1721],[142.0793,44.1687],[142.0756,44.1649]]]]},"properties":{"zone":12,"name":"上川総合振興局"}},{"type":"Feature","geometry":{"type":"MultiPolygon","coordinates":[[[[141.5251,43.711],[141.523,43.7157],[141.5269,43.7131],[141.5383,43.7122],[141.5506,43.7137],[141.5598,43.7185],[141.5733,43.7286],[141.5957,43.7388],[141.6029,43.7443],[141.6065,43.7451],[141.6095,43.7425],[141.6139,43.7419],[141.6176,43.746],[141.6178,43.7527],[141.6325,43.7599],[141.6403,43.7608],[141.6472,43.7563],[141.6636,43.7599],[141.6741,43.7558],[141.6863,43.7481],[141.6935,43.7464],[141.7005,43.75],[141.7016,43.7542],[141.7047,43.7568],[141.7012,43.7625],[141.7012,43.7672],[141.6981,43.7741],[141.6998,43.7812],[141.6969,43.7823],[141.695,43.7858],[141.6954,43.7895],[141.6982,43.7912],[141.6989,43.7962],[141.7112,43.7923],[141.7211,43.7952],[141.732,43.7914],[141.7337,43.7886],[141.7425,43.79],[141.7417,43.7846],[141.7484,43.7719],[141.756,43.7658],[141.7612,43.7581],[141.7697,43.7565],[141.7739,43.7665],[141.7726,43.768],[141.7746,43.7704],[141.774,43.7753],[141.7757,43.7768],[141.7707,43.7803],[141.7709,43.7845],[141.7869,43.7905],[141.7881,43.7931],[141.7923,43.7934],[141.7935,43.7966],[141.796,43.7954],[141.7995,43.7973],[141.801,43.8015],[141.8044,43.8013],[141.8046,43.8049],[141.803,43.8061],[141.8045,43.8089],[141.804,43.812],[141.8067,43.8155],[141.7987,43.8227],[141.7972,43.8266],[141.7982,43.8282],[141.805,43.83],[141.8109,43.8294],[141.814,43.8346],[141.8189,43.8342],[141.8232,43.8305],[141.8308,43.8324],[141.8299,43.8426],[141.8408,43.8451],[141.8453,43.8446],[141.8469,43.8513],[141.8491,43.8515],[141.8516,43.8479],[141.8584,43.8466],[141.8584,43.8486],[141.8602,43.8493],[141.8607,43.8554],[141.8583,43.8591],[141.862,43.8638],[141.8631,43.8681],[141.8676,43.8722],[141.8653,43.8742],[141.8683,43.8825],[141.8773,43.8891],[141.8912,43.8923],[141.9003,43.8975],[141.9007,43.9008],[141.8956,43.9032],[141.8955,43.9081],[141.8931,43.9114],[141.8914,43.9115],[141.8906,43.9144],[141.8834,43.9183],[141.8813,43.9224],[141.8814,43.9258],[141.8886,43.9325],[141.8895,43.9351],[141.8851,43.9433],[141.8951,43.9454],[141.8955,43.9489],[141.8999,43.9492],[141.8989,43.9533],[141.9013,43.9567],[141.9133,43.957],[141.9241,43.9612],[141.9291,43.9612],[141.9313,43.9634],[141.9308,43.9698],[141.9291,43.9718],[141.9317,43.9803],[141.931,43.9832],[141.9373,43.986],[141.9396,43.9909],[141.9496,43.9996],[141.9537,43.9978],[141.964,44.0003],[141.9676,43.9976],[141.9857,43.9933],[141.9919,43.9967],[141.9961,44.0063],[142.0111,44.0038],[142.0167,44.0063],[142.0205,44.0059],[142.0208,44.0037],[142.0236,44.0034],[142.0262,44.0004],[142.0327,43.9984],[142.0346,43.9998],[142.0411,43.9998],[142.0407,44.0038],[142.044,44.0068],[142.0434,44.0105],[142.0477,44.0134],[142.0539,44.0115],[142.0599,44.0118],[142.0537,44.0189],[142.0586,44.0251],[142.0555,44.028],[142.0617,44.0315],[142.058,44.0371],[142.0585,44.0434],[142.066,44.0491],[142.0581,44.0509],[142.0574,44.0543],[142.055,44.0556],[142.0644,44.0614],[142.07,44.0695],[142.0624,44.0784],[142.0524,44.1042],[142.0682,44.116],[142.0709,44.1194],[142.0712,44.1239],[142.0749,44.1255],[142.0782,44.1292],[142.0724,44.1326],[142.0719,44.139],[142.0756,44.1455],[142.0747,44.1493],[142.0714,44.1514],[142.073,44.1556],[142.0713,44.1579],[142.0755,44.1627],[142.0759,44.166],[142.0792,44.1685],[142.0786,44.172],[142.0823,44.1738],[142.0822,44.1778],[142.0874,44.181],[142.0881,44.1825],[142.0862,44.185],[142.0882,44.1885],[142.0819,44.1957],[142.0737,44.1942],[142.064,44.1957],[142.0599,44.1975],[142.0574,44.2027],[142.0496,44.204],[142.0468,44.2031],[142.0478,44.2069],[142.0435,44.2125],[142.0486,44.2156],[142.0507,44.2198],[142.0458,44.2218],[142.0434,44.2279],[142.0531,44.2331],[142.0559,44.2326],[142.0586,44.2346],[142.0664,44.2354],[142.0656,44.2418],[142.0622,44.2439],[142.0621,44.2503],[142.056,44.2518],[142.0576,44.2563],[142.0535,44.2578],[142.0522,44.2599],[142.0459,44.263],[142.0381,44.2584],[142.0339,44.2593],[142.0308,44.2619],[142.0296,44.2635],[142.0305,44.2645],[142.0347,44.2651],[142.0396,44.2692],[142.0309,44.2845],[142.0348,44.285],[142.0398,44.2889],[142.0492,44.2913],[142.0525,44.2941],[142.0562,44.2929],[142.06,44.2943],[142.0586,44.2971],[142.0605,44.2979],[142.0566,44.303],[142.057,44.3066],[142.0519,44.3111],[142.0524,44.3129],[142.0591,44.3147],[142.0591,44.3176],[142.0541,44.321],[142.0537,44.3261],[142.055,44.3285],[142.0598,44.3313],[142.061,44.3361],[142.0483,44.3445],[142.0431,44.3437],[142.0368,44.3457],[142.0346,44.3543],[142.0321,44.3556],[142.032,44.3653],[142.0288,44.3705],[142.0308,44.3725],[142.0316,44.3775],[142.0264,44.3785],[142.0264,44.3817],[142.0213,44.3902],[142.0211,44.3939],[142.031,44.3954],[142.0358,44.4009],[142.0354,44.4056],[142.0526,44.4081],[142.0546,44.4091],[142.054,44.4113],[142.0572,44.414],[142.0653,44.4143],[142.0647,44.417],[142.0684,44.419],[142.0709,44.4229],[142.0774,44.4244],[142.0799,44.4292],[142.08,44.4335],[142.0847,44.4372],[142.0883,44.4387],[142.0949,44.4365],[142.0992,44.4388],[142.1061,44.439],[142.1075,44.4464],[142.1122,44.4531],[142.1129,44.4584],[142.1117,44.461],[142.1148,44.4637],[142.116,44.4681],[142.113,44.4694],[142.1154,44.4746],[142.1097,44.4837],[142.1117,44.4882],[142.0994,44.4887],[142.0969,44.4904],[142.0863,44.489],[142.0811,44.4922],[142.0798,44.4969],[142.0729,44.4962],[142.0674,44.5041],[142.0683,44.5075],[142.0632,44.5082],[142.0549,44.5132],[142.0534,44.5152],[142.0544,44.5168],[142.0493,44.5191],[142.0502,44.5215],[142.0462,44.522],[142.0408,44.5289],[142.0412,44.5316],[142.0448,44.5333],[142.0504,44.5408],[142.0503,44.5433],[142.0523,44.5454],[142.0509,44.5481],[142.0553,44.552],[142.0472,44.5601],[142.0462,44.5643],[142.0481,44.5659],[142.0441,44.5704],[142.0413,44.5769],[142.0407,44.5794],[142.0423,44.5812],[142.0403,44.5859],[142.0293,44.5903],[142.0222,44.5896],[142.0155,44.5928],[142.0134,44.5969],[142.0092,44.5989],[142.0102,44.6021],[142.0078,44.6036],[142.0076,44.6059],[142.0145,44.6103],[142.0127,44.6153],[142.0127,44.6183],[142.0143,44.6193],[142.0033,44.6244],[142.0036,44.6283],[142.0053,44.63],[142.0044,44.6333],[142.0092,44.6368],[142.0073,44.6396],[142.0035,44.6406],[142.0043,44.6439],[142.0031,44.6459],[142.0091,44.6515],[142.0098,44.654],[142.0018,44.6578],[141.9978,44.658],[141.9982,44.664],[141.9944,44.6718],[141.9974,44.6757],[141.9934,44.678],[141.9921,44.6833],[141.9886,44.6857],[141.9959,44.6901],[142.0003,44.6889],[141.9986,44.6951],[142.0012,44.7002],[142.001,44.7034],[141.9938,44.7056],[141.9926,44.7089],[141.9957,44.7148],[141.9951,44.7195],[141.9996,44.7239],[141.991,44.7246],[141.9848,44.7281],[141.982,44.733],[141.9817,44.7398],[141.9763,44.7458],[141.9843,44.7572],[141.9897,44.7608],[141.9901,44.7646],[141.9871,44.7682],[141.9925,44.7765],[141.9907,44.7795],[141.9936,44.7834],[141.991,44.7854],[141.9959,44.7879],[141.9974,44.7947],[142.0011,44.8008],[141.9971,44.8051],[142.005,44.8187],[142.0012,44.828],[142.0018,44.8309],[141.998,44.8337],[142.0044,44.8416],[142.0096,44.8436],[142.0077,44.8474],[142.0044,44.848],[142.0074,44.8519],[142.0057,44.8553],[142.0061,44.8584],[142.0035,44.861],[141.9965,44.8627],[141.9952,44.8654],[141.9905,44.8681],[141.9896,44.8747],[142.0008,44.8815],[141.9995,44.8896],[142.0013,44.8927],[142.01,44.8957],[142.019,44.896],[142.0196,44.9019],[142.0268,44.9033],[142.0282,44.9059],[142.0247,44.9104],[142.0203,44.9108],[142.0127,44.9071],[142.0041,44.8977],[141.9989,44.8995],[141.9963,44.9053],[141.9932,44.9036],[141.9925,44.8989],[141.9907,44.8975],[141.9899,44.905],[141.9914,44.9131],[141.9898,44.9161],[141.9861,44.9169],[141.9748,44.9112],[141.9663,44.9024],[141.961,44.9017],[141.9545,44.8975],[141.953,44.8982],[141.9491,44.9107],[141.9475,44.9114],[141.9303,44.9082],[141.9286,44.8994],[141.9261,44.8983],[141.9222,44.9048],[141.9126,44.9054],[141.9097,44.9074],[141.9115,44.9117],[141.9186,44.9156],[141.9169,44.9189],[141.8853,44.9264],[141.8748,44.931],[141.8771,44.9483],[141.8732,44.9677],[141.8643,44.9786],[141.8621,44.9895],[141.857,44.9929],[141.84,44.9923],[141.8322,44.9896],[141.8215,44.9928],[141.7997,44.9921],[141.79,44.9905],[141.7764,44.9845],[141.7657,44.9849],[141.7453,44.969],[141.7299,44.9646],[141.7162,44.954],[141.7147,44.9513],[141.7151,44.9481],[141.722,44.9398],[141.7285,44.9211],[141.73,44.9124],[141.7374,44.8936],[141.7405,44.8811],[141.7377,44.8785],[141.7229,44.8829],[141.6973,44.8842],[141.6519,44.8827],[141.6065,44.8786],[141.4528,44.8583],[141.3595,44.8429],[141.2959,44.7707],[140.8989,44.7425],[141.0124,44.3884],[141.0415,43.9041],[141.1966,43.8345],[141.3285,43.7406],[141.3289,43.7352],[141.3336,43.7398],[141.347,43.7339],[141.3714,43.7276],[141.3793,43.7297],[141.393,43.7376],[141.4053,43.7377],[141.411,43.7281],[141.4139,43.7266],[141.4117,43.719],[141.4173,43.7112],[141.4323,43.7105],[141.4391,43.7072],[141.4388,43.7038],[141.4534,43.7008],[141.4662,43.702],[141.4708,43.6984],[141.473,43.6953],[141.4725,43.6934],[141.48,43.688],[141.4906,43.6844],[141.4933,43.6915],[141.4971,43.6947],[141.5057,43.6996],[141.5115,43.6986],[141.5143,43.7024],[141.52,43.7037],[141.5248,43.7077],[141.5251,43.711]]]]},"properties":{"zone":12,"name":"留萌振興局"}},{"type":"Feature","geometry":{"type":"MultiPolygon","coordinates":[[[[142.1888,45.4771],[142.0388,45.5051],[142.0351,45.5157],[142.0266,45.5308],[142.0126,45.5509],[141.9967,45.5627],[141.9787,45.5699],[141.9639,45.5726],[141.9165,45.5765],[141.1846,45.7112],[140.9416,45.705],[140.9122,45.7023],[140.8825,45.6976],[140.854,45.6904],[140.8268,45.6815],[140.797,45.6686],[140.7642,45.6496],[140.7419,45.6326],[140.7157,45.6065],[140.701,45.5865],[140.6866,45.5585],[140.6797,45.5363],[140.6764,45.5133],[140.6753,45.4754],[140.6794,45.4208],[140.6835,45.4012],[140.8989,44.7425],[141.2959,44.7707],[141.3595,44.8429],[141.4528,44.8583],[141.6065,44.8786],[141.6519,44.8827],[141.6973,44.8842],[141.7229,44.8829],[141.7377,44.8785],[141.7405,44.8811],[141.7374,44.8936],[141.73,44.9124],[141.7285,44.9211],[141.722,44.9398],[141.7151,44.9481],[141.7147,44.9513],[141.7162,44.954],[141.7299,44.9646],[141.7453,44.969],[141.7657,44.9849],[141.7764,44.9845],[141.79,44.9905],[141.7997,44.9921],[141.8215,44.9928],[141.8322,44.9896],[141.8397,44.9922],[141.8555,44.9932],[141.8619,44.9899],[141.8643,44.9786],[141.8731,44.9681],[141.8771,44.9483],[141.8749,44.938],[141.875,44.9306],[141.8853,44.9264],[141.9169,44.9189],[141.9186,44.9156],[141.9115,44.9117],[141.9097,44.9074],[141.9126,44.9054],[141.9222,44.9048],[141.9263,44.8982],[141.9287,44.8995],[141.9303,44.9082],[141.9475,44.9114],[141.9491,44.9107],[141.953,44.8982],[141.9545,44.8975],[141.961,44.9017],[141.9663,44.9024],[141.9748,44.9112],[141.9861,44.9169],[141.9896,44.9162],[141.9913,44.9137],[141.9897,44.9001],[141.9909,44.8975],[141.9932,44.9036],[141.9963,44.9053],[141.9989,44.8995],[142.0041,44.8977],[142.013,44.9073],[142.0223,44.911],[142.025,44.9102],[142.0282,44.9052],[142.0305,44.9047],[142.028,44.8999],[142.0338,44.8979],[142.0462,44.8983],[142.048,44.9016],[142.0521,44.9006],[142.0525,44.8984],[142.0562,44.8982],[142.0697,44.9014],[142.0961,44.9011],[142.0977,44.9033],[142.1097,44.8986],[142.1211,44.8979],[142.1333,44.9022],[142.1365,44.8959],[142.1412,44.8957],[142.147,44.8887],[142.1522,44.8858],[142.1526,44.8802],[142.155,44.8789],[142.1602,44.8701],[142.1596,44.8655],[142.1506,44.8601],[142.1498,44.8568],[142.15,44.8549],[142.1657,44.8524],[142.1666,44.8465],[142.162,44.8367],[142.1665,44.8357],[142.1677,44.8307],[142.1635,44.8265],[142.1659,44.823],[142.1588,44.8127],[142.1583,44.8081],[142.1612,44.8044],[142.1686,44.8032],[142.1695,44.8001],[142.1737,44.798],[142.1816,44.7985],[142.183,44.7964],[142.1896,44.7968],[142.1967,44.8033],[142.2004,44.8043],[142.2021,44.8077],[142.2053,44.8084],[142.2072,44.8126],[142.2051,44.8135],[142.2085,44.8162],[142.2091,44.8214],[142.2178,44.8226],[142.221,44.825],[142.2273,44.8231],[142.2308,44.826],[142.2354,44.8271],[142.2402,44.8215],[142.2473,44.8201],[142.2522,44.8212],[142.2539,44.8188],[142.2636,44.8173],[142.2731,44.8217],[142.2811,44.8223],[142.2817,44.8176],[142.2833,44.8166],[142.2827,44.813],[142.2849,44.8112],[142.2849,44.8096],[142.2817,44.8078],[142.2803,44.8029],[142.2823,44.7993],[142.2808,44.798],[142.2803,44.7933],[142.284,44.7919],[142.2835,44.7884],[142.2958,44.7882],[142.3005,44.7837],[142.312,44.7787],[142.3095,44.7751],[142.3093,44.7677],[142.3049,44.7623],[142.3054,44.7579],[142.3032,44.7529],[142.3043,44.7503],[142.3026,44.7481],[142.3088,44.746],[142.3117,44.7425],[142.3114,44.7382],[142.3185,44.7336],[142.3244,44.7268],[142.3244,44.7182],[142.3267,44.7162],[142.3259,44.7143],[142.3275,44.7102],[142.3378,44.7094],[142.3389,44.7068],[142.3421,44.7061],[142.3501,44.7068],[142.3589,44.7101],[142.3632,44.705],[142.3791,44.7013],[142.385,44.7039],[142.3853,44.7022],[142.3882,44.701],[142.3952,44.7007],[142.3967,44.6952],[142.4093,44.6871],[142.4144,44.6794],[142.4186,44.6766],[142.4184,44.6737],[142.4138,44.6699],[142.4098,44.6627],[142.4085,44.6533],[142.4053,44.6494],[142.4093,44.6455],[142.413,44.6369],[142.4187,44.6365],[142.4245,44.6325],[142.4249,44.6296],[142.4316,44.6279],[142.4356,44.6206],[142.4408,44.6174],[142.4478,44.6188],[142.4583,44.6162],[142.4673,44.6199],[142.4726,44.6185],[142.4728,44.6114],[142.479,44.6059],[142.4777,44.5961],[142.4798,44.5919],[142.4834,44.5899],[142.4931,44.5893],[142.4919,44.5781],[142.5098,44.5825],[142.5141,44.5915],[142.5193,44.5959],[142.5243,44.6091],[142.5359,44.6146],[142.5476,44.6131],[142.5626,44.6151],[142.5631,44.6116],[142.561,44.6077],[142.5639,44.6007],[142.5757,44.6002],[142.5846,44.5981],[142.5884,44.5968],[142.5882,44.5937],[142.5934,44.5936],[142.6085,44.5979],[142.6241,44.5946],[142.6418,44.5972],[142.6441,44.5965],[142.6475,44.59],[142.6513,44.591],[142.6596,44.5984],[142.671,44.5977],[142.6879,44.6032],[142.69,44.605],[142.688,44.6071],[142.6894,44.6099],[142.6844,44.6156],[142.6954,44.6198],[142.6975,44.6261],[142.7025,44.6301],[142.7169,44.6313],[142.731,44.6391],[142.737,44.6388],[142.7415,44.6418],[142.7508,44.6401],[142.7541,44.637],[142.7626,44.6346],[142.7663,44.6392],[142.7766,44.6402],[142.7838,44.639],[142.7927,44.6404],[142.7925,44.6434],[142.8025,44.6518],[142.8079,44.6527],[142.8138,44.6594],[142.8238,44.6642],[142.8253,44.6686],[142.8307,44.6704],[142.8347,44.6811],[142.8421,44.6871],[142.8527,44.6899],[142.9036,44.7233],[142.9254,44.7343],[143.0624,44.8157],[143.0333,44.8407],[142.9645,44.8841],[142.9394,44.9153],[142.8971,44.9585],[142.8809,44.9825],[142.8639,45.0019],[142.8493,45.0313],[142.8374,45.0506],[142.8229,45.0688],[142.8059,45.0857],[142.7962,45.1049],[142.7838,45.1234],[142.7315,45.1793],[142.7135,45.1946],[142.6934,45.2087],[142.6791,45.2172],[142.6479,45.2321],[142.6302,45.2444],[142.6121,45.2619],[142.5916,45.2774],[142.4947,45.3613],[142.4725,45.3875],[142.4395,45.4159],[142.4327,45.4299],[142.1888,45.4771]]]]},"properties":{"zone":12,"name":"宗谷総合振興局"}},{"type":"Feature","geometry":{"type":"MultiPolygon","coordinates":[[[[141.7837,42.3808],[141.8497,42.3336],[141.8897,42.3122],[141.916,42.3021],[141.9814,42.283],[142.0315,42.2732],[142.0581,42.2494],[142.088,42.2297],[142.2552,42.14],[142.3025,42.1215],[142.3233,42.1093],[142.3586,42.0923],[142.3859,42.0819],[142.422,42.0723],[142.4674,42.0577],[142.492,42.0414],[142.5175,42.0274],[142.5543,42.0116],[142.5848,42.0024],[142.6205,41.9949],[142.6869,41.966],[142.7211,41.9544],[142.7476,41.9482],[142.7922,41.9419],[142.8266,41.933],[142.8725,41.9087],[142.9244,41.8907],[142.9468,41.8642],[142.9958,41.8212],[143.0124,41.8087],[143.0406,41.792],[143.0745,41.7684],[143.1134,41.747],[143.1415,41.7353],[143.1708,41.7264],[143.2009,41.7201],[143.2433,41.7158],[143.2713,41.7158],[143.3119,41.7197],[143.3527,41.7286],[143.3878,41.7406],[143.4191,41.7558],[143.4479,41.7745],[143.4712,41.7944],[143.4851,41.8093],[143.4973,41.8255],[143.5134,41.8546],[143.5188,41.869],[143.5242,41.8914],[143.526,41.9095],[143.5257,41.9286],[143.5497,41.9573],[143.5673,41.9891],[143.5783,42.0223],[143.5811,42.0393],[143.5819,42.0563],[143.5913,42.087],[143.5939,42.1175],[143.4994,42.1277],[143.3803,42.1527],[143.3341,42.1581],[143.3241,42.16],[143.321,42.1622],[143.3173,42.1605],[143.3118,42.1606],[143.3047,42.1625],[143.3004,42.1665],[143.2947,42.1685],[143.2849,42.165],[143.2763,42.164],[143.273,42.1608],[143.2698,42.1607],[143.2665,42.1629],[143.2661,42.1688],[143.2593,42.1708],[143.2565,42.1684],[143.2532,42.1687],[143.2499,42.1758],[143.24,42.1816],[143.2301,42.1826],[143.2202,42.1784],[143.2106,42.1839],[143.2066,42.1887],[143.2023,42.1887],[143.1962,42.1934],[143.1919,42.1994],[143.1917,42.2029],[143.1882,42.2064],[143.1859,42.2191],[143.1787,42.2236],[143.1659,42.2231],[143.1588,42.2276],[143.1575,42.2308],[143.1475,42.2407],[143.149,42.252],[143.1325,42.2584],[143.117,42.2602],[143.1115,42.2706],[143.1112,42.2727],[143.113,42.2742],[143.1123,42.2801],[143.1068,42.2854],[143.0923,42.2861],[143.0762,42.2909],[143.0742,42.2958],[143.0752,42.3014],[143.074,42.3027],[143.0656,42.3052],[143.062,42.3096],[143.0548,42.3093],[143.0533,42.319],[143.0492,42.3233],[143.048,42.329],[143.0389,42.3294],[143.0359,42.3336],[143.0277,42.339],[143.0249,42.3473],[143.0196,42.3505],[143.0101,42.353],[143.0058,42.36],[143.0061,42.3627],[142.9998,42.3715],[142.9895,42.3737],[142.9872,42.3771],[142.9818,42.3803],[142.9813,42.3837],[142.9785,42.3867],[142.9702,42.3916],[142.9669,42.4021],[142.964,42.4022],[142.9572,42.411],[142.9501,42.4147],[142.9471,42.4274],[142.9311,42.4296],[142.9249,42.4343],[142.9212,42.4324],[142.9113,42.4313],[142.906,42.4287],[142.9025,42.441],[142.898,42.4449],[142.8987,42.4492],[142.8937,42.45],[142.8885,42.4543],[142.8856,42.4616],[142.8826,42.4642],[142.8821,42.4663],[142.8852,42.4697],[142.8856,42.4774],[142.8898,42.4814],[142.8911,42.4873],[142.8887,42.4939],[142.8853,42.4975],[142.8745,42.4998],[142.8711,42.4992],[142.8649,42.5075],[142.856,42.5135],[142.8567,42.52],[142.8617,42.5234],[142.864,42.5282],[142.8621,42.5316],[142.8638,42.5416],[142.8539,42.545],[142.845,42.5447],[142.8282,42.5488],[142.8268,42.5519],[142.829,42.558],[142.8249,42.5709],[142.8211,42.5737],[142.817,42.5728],[142.8117,42.5776],[142.8101,42.5885],[142.8006,42.5964],[142.794,42.6156],[142.7886,42.62],[142.7769,42.6204],[142.7688,42.623],[142.7666,42.6251],[142.7693,42.628],[142.7683,42.6364],[142.7629,42.638],[142.755,42.6449],[142.7542,42.6493],[142.7563,42.657],[142.7516,42.6601],[142.7518,42.6638],[142.7534,42.6692],[142.7588,42.6733],[142.7586,42.6762],[142.7641,42.6839],[142.756,42.6908],[142.7583,42.7021],[142.7558,42.707],[142.7574,42.7116],[142.7559,42.7218],[142.7494,42.7248],[142.7439,42.7222],[142.7329,42.7216],[142.7282,42.7236],[142.7248,42.7329],[142.7218,42.7359],[142.715,42.7383],[142.7046,42.7366],[142.693,42.739],[142.6871,42.7457],[142.687,42.7507],[142.6904,42.7541],[142.6936,42.7616],[142.6976,42.7645],[142.6975,42.7674],[142.702,42.7686],[142.7067,42.7722],[142.7198,42.7757],[142.7166,42.7803],[142.7164,42.7836],[142.7191,42.7871],[142.7195,42.7907],[142.7217,42.7924],[142.7202,42.8043],[142.7327,42.8229],[142.7321,42.8252],[142.7293,42.8265],[142.7323,42.8359],[142.7441,42.8473],[142.757,42.8518],[142.7623,42.8503],[142.7722,42.851],[142.7805,42.8593],[142.7864,42.861],[142.7879,42.8635],[142.7854,42.8688],[142.7795,42.8716],[142.7757,42.8709],[142.7703,42.8728],[142.7635,42.8926],[142.7584,42.8947],[142.7561,42.8978],[142.7683,42.9129],[142.7705,42.9184],[142.778,42.9256],[142.7724,42.9364],[142.767,42.9364],[142.7594,42.9425],[142.7604,42.9513],[142.7567,42.9529],[142.7522,42.9633],[142.7496,42.9645],[142.7543,42.9747],[142.7623,42.9781],[142.7639,42.9812],[142.7636,42.9891],[142.7502,42.9967],[142.7449,42.9978],[142.7409,43.005],[142.7278,43.0098],[142.7249,43.0067],[142.7199,43.0047],[142.7104,42.9937],[142.7026,42.9902],[142.6899,42.9878],[142.6835,42.9911],[142.6781,42.9908],[142.6716,42.9845],[142.6662,42.982],[142.6523,42.9859],[142.6401,42.9851],[142.6319,42.9863],[142.6294,42.9853],[142.6257,42.98],[142.6141,42.9732],[142.6062,42.9733],[142.5875,42.9663],[142.5844,42.9624],[142.5832,42.9573],[142.5783,42.9525],[142.5777,42.9479],[142.5726,42.9455],[142.571,42.9419],[142.5728,42.9365],[142.5716,42.934],[142.573,42.9314],[142.5722,42.9292],[142.5693,42.9285],[142.568,42.925],[142.5636,42.9223],[142.5645,42.9211],[142.561,42.9174],[142.5515,42.9167],[142.5495,42.9125],[142.5462,42.9109],[142.54,42.9125],[142.5348,42.9106],[142.5349,42.9134],[142.5329,42.9144],[142.5321,42.9182],[142.5283,42.9174],[142.5216,42.9233],[142.5109,42.9199],[142.5115,42.9179],[142.5031,42.914],[142.4987,42.9147],[142.4981,42.9196],[142.4923,42.9189],[142.4865,42.9235],[142.4746,42.9147],[142.4704,42.9144],[142.4658,42.9172],[142.4542,42.9132],[142.4432,42.9115],[142.4355,42.9164],[142.4329,42.9223],[142.4276,42.9223],[142.4251,42.9285],[142.4194,42.9289],[142.4094,42.9337],[142.3989,42.9316],[142.4043,42.9143],[142.4013,42.9118],[142.401,42.9091],[142.3971,42.9064],[142.3959,42.8996],[142.3913,42.8986],[142.3811,42.8872],[142.3745,42.8866],[142.3702,42.8901],[142.3603,42.8915],[142.3573,42.8882],[142.3545,42.8888],[142.344,42.884],[142.3385,42.884],[142.3246,42.8908],[142.3178,42.8872],[142.3131,42.8814],[142.3144,42.8765],[142.3118,42.8733],[142.3168,42.8714],[142.3179,42.8646],[142.3128,42.8604],[142.3077,42.8527],[142.3111,42.8474],[142.3045,42.8424],[142.3053,42.8379],[142.3094,42.8347],[142.3089,42.8309],[142.3118,42.8249],[142.3071,42.8182],[142.3067,42.8068],[142.3081,42.8034],[142.3052,42.801],[142.3052,42.7907],[142.299,42.787],[142.2973,42.7842],[142.2992,42.7805],[142.2989,42.7732],[142.2866,42.769],[142.2849,42.7665],[142.277,42.7646],[142.2713,42.7595],[142.2652,42.759],[142.2656,42.7559],[142.2642,42.7546],[142.2536,42.7503],[142.2522,42.7469],[142.2451,42.7463],[142.2427,42.7444],[142.2426,42.7421],[142.2351,42.7475],[142.2301,42.7441],[142.225,42.7462],[142.2197,42.7448],[142.2211,42.7411],[142.2195,42.7398],[142.2199,42.7343],[142.2143,42.7327],[142.2101,42.7283],[142.2125,42.7241],[142.2039,42.7239],[142.2022,42.7216],[142.1964,42.7222],[142.1896,42.7202],[142.1861,42.7124],[142.1864,42.7066],[142.1848,42.706],[142.1867,42.7025],[142.1857,42.7008],[142.1776,42.6989],[142.1756,42.6957],[142.171,42.695],[142.1671,42.6924],[142.1661,42.6887],[142.1604,42.6843],[142.1621,42.6796],[142.1603,42.676],[142.1541,42.6725],[142.1481,42.6717],[142.1494,42.6686],[142.1478,42.6665],[142.1486,42.661],[142.1408,42.6574],[142.1368,42.6522],[142.1375,42.6412],[142.1346,42.6406],[142.1313,42.6375],[142.1302,42.6304],[142.1252,42.6265],[142.1251,42.6208],[142.1222,42.6173],[142.1224,42.6144],[142.1204,42.6135],[142.122,42.6108],[142.1206,42.6008],[142.1219,42.5955],[142.1192,42.5932],[142.1114,42.5921],[142.0975,42.5847],[142.0896,42.585],[142.0889,42.5839],[142.0908,42.5819],[142.0842,42.5747],[142.0672,42.5713],[142.0606,42.5732],[142.0514,42.5627],[142.0347,42.5521],[142.0213,42.5505],[142.0125,42.5461],[142.0114,42.5399],[141.9957,42.5449],[141.9901,42.544],[141.9823,42.5452],[141.9802,42.5429],[141.9791,42.5355],[141.9677,42.529],[141.9536,42.526],[141.9125,42.4998],[141.891,42.4838],[141.7958,42.4028],[141.7837,42.3808]]]]},"properties":{"zone":12,"name":"日高振興局"}},{"type":"Feature","geometry":{"type":"MultiPolygon","coordinates":[[[[143.7407,42.4533],[143.7903,42.5003],[143.8159,42.5215],[143.9245,42.602],[143.9455,42.6144],[143.9768,42.6386],[144.0178,42.6653],[144.0445,42.6891],[144.0545,42.696],[143.8722,42.8409],[143.8625,42.8441],[143.8637,42.8469],[143.8595,42.8493],[143.8593,42.8523],[143.8546,42.851],[143.8542,42.8536],[143.8496,42.8517],[143.8496,42.8541],[143.8461,42.8546],[143.846,42.857],[143.844,42.8569],[143.8403,42.8612],[143.8349,42.8609],[143.8383,42.8635],[143.8315,42.8652],[143.8322,42.8676],[143.827,42.869],[143.8272,42.8707],[143.8234,42.8711],[143.8202,42.8753],[143.8074,42.8787],[143.8086,42.88],[143.8055,42.8824],[143.8028,42.8824],[143.7947,42.8874],[143.7895,42.8858],[143.7896,42.8893],[143.7873,42.8927],[143.7774,42.8959],[143.7771,42.8985],[143.7806,42.8987],[143.7837,42.902],[143.7746,42.9112],[143.7718,42.912],[143.7716,42.9162],[143.77,42.9177],[143.7718,42.9199],[143.7711,42.9223],[143.7643,42.9302],[143.7684,42.936],[143.7614,42.9381],[143.7633,42.9458],[143.7656,42.9463],[143.7664,42.9487],[143.7654,42.9506],[143.7665,42.9605],[143.7584,42.9643],[143.7547,42.9692],[143.7502,42.971],[143.7511,42.9769],[143.7495,42.98],[143.7434,42.982],[143.7337,42.9915],[143.7274,42.993],[143.7245,42.9959],[143.719,42.9938],[143.7165,42.9901],[143.7126,42.9909],[143.7113,42.9978],[143.7082,42.9981],[143.7072,43.0005],[143.7043,43.0018],[143.7028,43.0069],[143.7061,43.0085],[143.7039,43.0095],[143.7036,43.0117],[143.707,43.0201],[143.7051,43.0217],[143.7065,43.0265],[143.7105,43.0325],[143.7101,43.0369],[143.7124,43.0411],[143.7105,43.043],[143.7246,43.0565],[143.7332,43.0587],[143.7373,43.0572],[143.7401,43.059],[143.7419,43.0638],[143.7438,43.0636],[143.7442,43.0671],[143.7415,43.0708],[143.7427,43.0733],[143.7504,43.0759],[143.7517,43.0799],[143.7539,43.0805],[143.7536,43.0828],[143.7563,43.0836],[143.7547,43.0909],[143.7521,43.0945],[143.7561,43.0975],[143.7542,43.1034],[143.7592,43.1064],[143.7538,43.1112],[143.7554,43.1159],[143.753,43.1184],[143.7594,43.1238],[143.7604,43.1281],[143.7681,43.1319],[143.7683,43.1389],[143.775,43.1506],[143.7747,43.1543],[143.7673,43.159],[143.7678,43.1631],[143.7727,43.1679],[143.7823,43.1681],[143.7834,43.1726],[143.7756,43.1753],[143.7782,43.1834],[143.7802,43.1837],[143.777,43.1866],[143.7868,43.1928],[143.7899,43.1931],[143.7935,43.1987],[143.7926,43.2034],[143.7939,43.2063],[143.7973,43.2076],[143.7968,43.2124],[143.7911,43.2146],[143.7894,43.2206],[143.7937,43.2299],[143.7999,43.2313],[143.8001,43.2384],[143.8027,43.2413],[143.8009,43.2434],[143.8005,43.2476],[143.8031,43.249],[143.8114,43.2469],[143.8122,43.2536],[143.8153,43.2566],[143.8198,43.2605],[143.8273,43.2623],[143.8266,43.268],[143.8223,43.2701],[143.8215,43.2727],[143.8223,43.2742],[143.826,43.2742],[143.8251,43.277],[143.8268,43.279],[143.8221,43.2888],[143.8306,43.2937],[143.8331,43.2879],[143.845,43.2841],[143.8554,43.2962],[143.8588,43.2976],[143.8659,43.3053],[143.872,43.3075],[143.8805,43.3063],[143.8861,43.3094],[143.8904,43.3159],[143.8958,43.3141],[143.8979,43.3178],[143.8961,43.3245],[143.9064,43.3289],[143.9101,43.3349],[143.9125,43.3357],[143.9178,43.3337],[143.9217,43.3406],[143.9272,43.3371],[143.9326,43.3372],[143.9324,43.3409],[143.935,43.3411],[143.944,43.3482],[143.9515,43.3506],[143.9506,43.3566],[143.9526,43.3582],[143.9606,43.3564],[143.9664,43.3618],[143.9714,43.3605],[143.9765,43.3649],[143.9838,43.3649],[143.9886,43.3694],[143.9937,43.3697],[144.0067,43.3741],[144.0103,43.3816],[144.0046,43.3836],[144.0041,43.387],[144.0071,43.3879],[144.0115,43.3852],[144.0155,43.3853],[144.0271,43.392],[144.0222,43.3958],[144.0255,43.4005],[144.0264,43.4069],[144.0293,43.4115],[144.0298,43.4205],[144.0282,43.4266],[144.0257,43.4285],[144.0154,43.4276],[144.0038,43.4356],[144.0004,43.4437],[144.0051,43.4498],[143.9995,43.4598],[143.9988,43.4649],[143.9772,43.4717],[143.965,43.4717],[143.9555,43.4751],[143.9592,43.4796],[143.9577,43.4827],[143.9402,43.4899],[143.9436,43.5012],[143.9284,43.504],[143.9283,43.5072],[143.9308,43.5118],[143.928,43.5194],[143.9217,43.5196],[143.9184,43.5228],[143.9151,43.5221],[143.9091,43.5269],[143.9092,43.5285],[143.8976,43.5314],[143.8947,43.5285],[143.8908,43.5284],[143.8847,43.522],[143.8771,43.5229],[143.8767,43.5279],[143.874,43.5303],[143.8704,43.5291],[143.8695,43.5313],[143.856,43.538],[143.8527,43.5429],[143.8487,43.5451],[143.8457,43.5447],[143.8454,43.5472],[143.842,43.5495],[143.8371,43.5496],[143.8246,43.566],[143.82,43.5798],[143.8046,43.5833],[143.7996,43.5896],[143.7908,43.5916],[143.7923,43.5933],[143.7905,43.5961],[143.7912,43.5981],[143.787,43.6],[143.7894,43.6011],[143.7885,43.6056],[143.7827,43.6078],[143.7814,43.6117],[143.7759,43.6141],[143.7746,43.6229],[143.7679,43.6229],[143.7681,43.6201],[143.7626,43.6167],[143.7498,43.619],[143.7458,43.6173],[143.7428,43.6182],[143.7402,43.6193],[143.7394,43.6334],[143.736,43.6379],[143.7336,43.6384],[143.7297,43.6364],[143.7237,43.6406],[143.7197,43.6392],[143.7185,43.6372],[143.7111,43.6353],[143.7025,43.6389],[143.6987,43.6374],[143.6957,43.6397],[143.6926,43.634],[143.6861,43.6318],[143.6835,43.6277],[143.6795,43.6257],[143.6733,43.6299],[143.6584,43.6269],[143.6555,43.6338],[143.639,43.6398],[143.6254,43.6376],[143.6263,43.6327],[143.6305,43.6273],[143.632,43.6221],[143.6187,43.6124],[143.6171,43.6059],[143.6021,43.6029],[143.5897,43.6035],[143.5704,43.5946],[143.5522,43.597],[143.5481,43.5993],[143.5416,43.5967],[143.5335,43.5882],[143.5343,43.5823],[143.5282,43.5781],[143.5293,43.5739],[143.5275,43.5705],[143.53,43.5659],[143.5246,43.5615],[143.5193,43.5538],[143.5183,43.5512],[143.5194,43.5479],[143.5144,43.5464],[143.5028,43.5474],[143.4986,43.5505],[143.496,43.5445],[143.4893,43.5408],[143.4826,43.5327],[143.4723,43.5293],[143.4706,43.526],[143.4709,43.5209],[143.4656,43.5142],[143.4637,43.5082],[143.4492,43.5125],[143.4434,43.5152],[143.4414,43.5187],[143.4377,43.5196],[143.4366,43.5214],[143.4303,43.5221],[143.4252,43.5247],[143.424,43.5287],[143.4194,43.5333],[143.4149,43.5342],[143.4096,43.5385],[143.4092,43.541],[143.4032,43.5451],[143.3957,43.5473],[143.39,43.5445],[143.3851,43.549],[143.3756,43.5521],[143.3738,43.5522],[143.3722,43.5491],[143.3625,43.5501],[143.3618,43.5482],[143.3569,43.5465],[143.3486,43.5511],[143.343,43.5517],[143.3391,43.5502],[143.3355,43.5537],[143.3339,43.5577],[143.3167,43.5475],[143.3028,43.5465],[143.2981,43.5468],[143.2918,43.5501],[143.2836,43.551],[143.2806,43.5533],[143.2698,43.5537],[143.2615,43.5593],[143.2541,43.5557],[143.2506,43.5568],[143.2469,43.554],[143.2333,43.5515],[143.2235,43.5568],[143.2259,43.5622],[143.2242,43.5637],[143.2239,43.5686],[143.2279,43.5723],[143.226,43.5749],[143.2132,43.5753],[143.2079,43.5845],[143.2046,43.5851],[143.2008,43.583],[143.1942,43.5847],[143.1835,43.5825],[143.1852,43.5865],[143.1809,43.5878],[143.1796,43.5905],[143.176,43.5913],[143.173,43.5949],[143.159,43.5938],[143.1548,43.5915],[143.1492,43.593],[143.1468,43.5954],[143.1425,43.5951],[143.1417,43.5922],[143.1343,43.588],[143.1244,43.5867],[143.1214,43.5834],[143.1162,43.5836],[143.1131,43.5791],[143.1028,43.5764],[143.1012,43.5723],[143.0974,43.572],[143.0904,43.5672],[143.0802,43.5637],[143.0758,43.5659],[143.0704,43.5645],[143.0689,43.5586],[143.0599,43.5552],[143.0544,43.5573],[143.0527,43.5595],[143.0412,43.5631],[143.0361,43.5616],[143.0356,43.557],[143.0308,43.5505],[143.0231,43.5486],[143.0214,43.5456],[143.0202,43.5425],[143.0231,43.5399],[143.0236,43.5343],[143.0137,43.5285],[143.005,43.5287],[142.9888,43.5331],[142.9757,43.5393],[142.9738,43.5345],[142.9679,43.5339],[142.9655,43.5302],[142.9577,43.5263],[142.9436,43.5361],[142.9376,43.546],[142.9235,43.5526],[142.909,43.5635],[142.9011,43.5659],[142.8892,43.5659],[142.875,43.57],[142.8723,43.5648],[142.8681,43.5663],[142.8664,43.5649],[142.8613,43.5653],[142.8607,43.5585],[142.8554,43.5553],[142.8502,43.5489],[142.8539,43.5362],[142.8508,43.5283],[142.8389,43.5221],[142.8301,43.5234],[142.8156,43.5306],[142.8087,43.5294],[142.807,43.5275],[142.8143,43.5225],[142.8151,43.5172],[142.8133,43.5139],[142.805,43.5107],[142.8038,43.5074],[142.799,43.5041],[142.798,43.5009],[142.7913,43.5006],[142.7873,43.4959],[142.7822,43.4959],[142.7769,43.4937],[142.7768,43.487],[142.7541,43.4739],[142.7524,43.4707],[142.7401,43.4671],[142.7306,43.4607],[142.7244,43.4521],[142.7145,43.4518],[142.7103,43.4399],[142.7128,43.438],[142.7106,43.4328],[142.7039,43.4301],[142.7013,43.4256],[142.6923,43.4216],[142.689,43.4176],[142.6814,43.4162],[142.6757,43.4117],[142.6754,43.4083],[142.6719,43.4046],[142.6773,43.4037],[142.6834,43.3954],[142.689,43.3938],[142.6945,43.3849],[142.7061,43.3785],[142.7085,43.3737],[142.7154,43.3683],[142.7201,43.3601],[142.7426,43.3548],[142.7469,43.3507],[142.7499,43.3534],[142.7568,43.3543],[142.761,43.3574],[142.769,43.3466],[142.7677,43.3447],[142.7555,43.3455],[142.7486,43.3401],[142.7468,43.3271],[142.7442,43.3236],[142.7363,43.3186],[142.7393,43.3131],[142.7386,43.3102],[142.7404,43.3092],[142.7363,43.3072],[142.7368,43.3016],[142.7349,43.2978],[142.7361,43.2962],[142.7354,43.294],[142.7374,43.2923],[142.7354,43.2891],[142.737,43.2871],[142.7363,43.2852],[142.741,43.2812],[142.7401,43.2771],[142.7468,43.2666],[142.747,43.26],[142.7415,43.2579],[142.74,43.2525],[142.7342,43.2502],[142.7345,43.2479],[142.7421,43.2406],[142.7339,43.2344],[142.7331,43.2315],[142.7359,43.2285],[142.7364,43.2195],[142.7403,43.2127],[142.7428,43.2109],[142.7487,43.211],[142.7529,43.2068],[142.7629,43.201],[142.7621,43.1941],[142.7694,43.1887],[142.767,43.1808],[142.7792,43.1737],[142.7646,43.1619],[142.7671,43.1591],[142.7677,43.1521],[142.7673,43.1443],[142.7644,43.1377],[142.7673,43.1303],[142.7652,43.1246],[142.7604,43.1212],[142.7564,43.1211],[142.7529,43.1231],[142.7453,43.115],[142.7451,43.1137],[142.7512,43.1099],[142.7452,43.1054],[142.7446,43.1021],[142.7369,43.0952],[142.7377,43.0914],[142.7437,43.0874],[142.7381,43.0822],[142.7277,43.0777],[142.7268,43.076],[142.7296,43.0713],[142.7397,43.0664],[142.7424,43.0632],[142.7428,43.0601],[142.7468,43.0584],[142.7469,43.0541],[142.7491,43.0517],[142.747,43.0461],[142.748,43.042],[142.7534,43.0363],[142.7506,43.0301],[142.7537,43.0261],[142.7525,43.0189],[142.7544,43.0131],[142.7409,43.005],[142.7446,42.998],[142.7502,42.9967],[142.7637,42.9887],[142.7639,42.9812],[142.7623,42.9781],[142.7543,42.9747],[142.7496,42.9645],[142.7522,42.9633],[142.7567,42.9529],[142.7604,42.9513],[142.7594,42.9425],[142.767,42.9364],[142.7724,42.9364],[142.778,42.9256],[142.7705,42.9184],[142.7683,42.9129],[142.7561,42.8978],[142.7584,42.8947],[142.7635,42.8926],[142.7703,42.8728],[142.7757,42.8709],[142.7795,42.8716],[142.7854,42.8688],[142.7879,42.8635],[142.7864,42.861],[142.7805,42.8593],[142.7722,42.851],[142.7623,42.8503],[142.757,42.8518],[142.7441,42.8473],[142.7323,42.8359],[142.7293,42.8265],[142.7321,42.8252],[142.7327,42.8229],[142.7202,42.8043],[142.7217,42.7924],[142.7195,42.7907],[142.7191,42.7871],[142.7164,42.7836],[142.7166,42.7803],[142.7198,42.7757],[142.7067,42.7722],[142.702,42.7686],[142.6975,42.7674],[142.6976,42.7645],[142.6936,42.7616],[142.6904,42.7541],[142.687,42.7507],[142.687,42.7458],[142.693,42.739],[142.7046,42.7366],[142.715,42.7383],[142.7218,42.7359],[142.7248,42.7329],[142.7282,42.7236],[142.7329,42.7216],[142.7439,42.7222],[142.7494,42.7248],[142.7559,42.7218],[142.7574,42.7116],[142.7558,42.707],[142.7583,42.7021],[142.756,42.6908],[142.7641,42.6839],[142.7586,42.6762],[142.7588,42.6733],[142.7534,42.6692],[142.7518,42.6638],[142.7516,42.6601],[142.7563,42.657],[142.7542,42.6493],[142.755,42.6449],[142.7629,42.638],[142.7683,42.6364],[142.7693,42.628],[142.7666,42.6251],[142.7688,42.623],[142.7769,42.6204],[142.7886,42.62],[142.794,42.6156],[142.8006,42.5964],[142.8101,42.5885],[142.8117,42.5776],[142.817,42.5728],[142.8211,42.5737],[142.8249,42.5709],[142.829,42.558],[142.8268,42.5519],[142.8282,42.5488],[142.845,42.5447],[142.8539,42.545],[142.8638,42.5416],[142.8621,42.5316],[142.864,42.5282],[142.8617,42.5234],[142.8567,42.52],[142.856,42.5135],[142.8649,42.5075],[142.8711,42.4992],[142.8745,42.4998],[142.8853,42.4975],[142.8887,42.4939],[142.8911,42.4873],[142.8898,42.4814],[142.8856,42.4774],[142.8852,42.4697],[142.8821,42.4663],[142.8826,42.4642],[142.8856,42.4616],[142.8885,42.4543],[142.8937,42.45],[142.8987,42.4492],[142.898,42.4449],[142.9025,42.441],[142.906,42.4287],[142.9113,42.4313],[142.9212,42.4324],[142.9249,42.4343],[142.9311,42.4296],[142.9471,42.4274],[142.9501,42.4147],[142.9572,42.411],[142.964,42.4022],[142.9669,42.4021],[142.9702,42.3916],[142.9785,42.3867],[142.9813,42.3837],[142.9818,42.3803],[142.9872,42.3771],[142.9895,42.3737],[142.9998,42.3715],[143.0061,42.3627],[143.0058,42.36],[143.0101,42.353],[143.0196,42.3505],[143.0249,42.3473],[143.0277,42.339],[143.0359,42.3336],[143.0389,42.3294],[143.048,42.329],[143.0492,42.3233],[143.0533,42.319],[143.0548,42.3093],[143.062,42.3096],[143.0656,42.3052],[143.074,42.3027],[143.0752,42.3014],[143.0742,42.2958],[143.0762,42.2909],[143.0923,42.2861],[143.1068,42.2854],[143.1123,42.2801],[143.113,42.2742],[143.1112,42.2727],[143.1115,42.2706],[143.117,42.2602],[143.1325,42.2584],[143.149,42.252],[143.1475,42.2407],[143.1575,42.2308],[143.1588,42.2276],[143.1659,42.2231],[143.1787,42.2236],[143.1859,42.2191],[143.1882,42.2064],[143.1917,42.2029],[143.1919,42.1994],[143.1962,42.1934],[143.2023,42.1887],[143.2066,42.1887],[143.2106,42.1839],[143.2202,42.1784],[143.2301,42.1826],[143.24,42.1816],[143.2499,42.1758],[143.2532,42.1687],[143.2565,42.1684],[143.2593,42.1708],[143.2661,42.1688],[143.2665,42.1629],[143.2698,42.1607],[143.273,42.1608],[143.2763,42.164],[143.2849,42.165],[143.2947,42.1685],[143.3004,42.1665],[143.3047,42.1625],[143.3118,42.1606],[143.3173,42.1605],[143.321,42.1622],[143.3241,42.16],[143.3341,42.1581],[143.3803,42.1527],[143.4994,42.1277],[143.5939,42.1175],[143.6028,42.1451],[143.6076,42.1805],[143.6074,42.2019],[143.6042,42.2305],[143.614,42.2516],[143.6203,42.2735],[143.623,42.2939],[143.623,42.3147],[143.6405,42.3403],[143.6749,42.3844],[143.7407,42.4533]]]]},"properties":{"zone":13,"name":"十勝総合振興局"}},{"type":"Feature","geometry":{"type":"MultiPolygon","coordinates":[[[[144.4105,43.6961],[144.4054,43.6914],[144.3962,43.6887],[144.3793,43.6886],[144.3761,43.6897],[144.3697,43.6988],[144.3654,43.7004],[144.3541,43.7016],[144.3464,43.7045],[144.3376,43.7026],[144.3319,43.7049],[144.3234,43.7033],[144.3025,43.6905],[144.2781,43.6846],[144.2744,43.6815],[144.273,43.6756],[144.2782,43.6673],[144.2709,43.6665],[144.2694,43.662],[144.2639,43.6595],[144.2559,43.6515],[144.2483,43.6485],[144.2482,43.6455],[144.2446,43.644],[144.2431,43.6399],[144.2391,43.6368],[144.2315,43.6343],[144.227,43.629],[144.2225,43.6118],[144.2233,43.605],[144.2181,43.6005],[144.2168,43.5949],[144.2175,43.5899],[144.2206,43.586],[144.2226,43.5789],[144.2294,43.5732],[144.2261,43.5708],[144.2271,43.5643],[144.2351,43.5606],[144.2323,43.5544],[144.2354,43.545],[144.2326,43.5395],[144.2334,43.5333],[144.2322,43.5297],[144.2262,43.5266],[144.2199,43.5173],[144.2161,43.5201],[144.2055,43.5211],[144.2012,43.5252],[144.1971,43.5253],[144.1899,43.5216],[144.1804,43.5103],[144.1753,43.5171],[144.1682,43.5205],[144.1638,43.5253],[144.1483,43.528],[144.1424,43.5312],[144.1396,43.5307],[144.138,43.5282],[144.1342,43.5265],[144.1325,43.517],[144.1226,43.5118],[144.1151,43.514],[144.1111,43.5124],[144.1043,43.513],[144.0954,43.5166],[144.089,43.5147],[144.0823,43.5151],[144.0778,43.5077],[144.0714,43.5018],[144.0731,43.4937],[144.0781,43.4906],[144.0724,43.4828],[144.0715,43.4746],[144.0648,43.4748],[144.0512,43.4696],[144.0451,43.4702],[144.04,43.4641],[144.0321,43.4637],[144.0283,43.4613],[144.0197,43.4611],[143.9988,43.4649],[143.9995,43.4598],[144.0051,43.4498],[144.0004,43.4437],[144.0038,43.4356],[144.0154,43.4276],[144.0264,43.4284],[144.0298,43.4208],[144.0292,43.4111],[144.0264,43.4069],[144.0255,43.4005],[144.0222,43.396],[144.0271,43.392],[144.0155,43.3853],[144.0115,43.3852],[144.0071,43.3879],[144.0041,43.387],[144.0046,43.3836],[144.0103,43.3816],[144.0081,43.3752],[143.9953,43.3701],[143.9886,43.3694],[143.9838,43.3649],[143.9765,43.3649],[143.9714,43.3605],[143.9664,43.3618],[143.9606,43.3564],[143.9526,43.3582],[143.9506,43.3566],[143.9515,43.3506],[143.944,43.3482],[143.935,43.3411],[143.9324,43.3409],[143.9326,43.3372],[143.9272,43.3371],[143.9217,43.3406],[143.9178,43.3337],[143.9125,43.3357],[143.9101,43.3349],[143.9064,43.3289],[143.8961,43.3245],[143.8979,43.3178],[143.8958,43.3141],[143.8904,43.3159],[143.8861,43.3094],[143.8805,43.3063],[143.872,43.3075],[143.8659,43.3053],[143.8588,43.2976],[143.8554,43.2962],[143.845,43.2841],[143.8331,43.2879],[143.8306,43.2937],[143.8216,43.2881],[143.8247,43.2851],[143.8268,43.2791],[143.8251,43.277],[143.826,43.2742],[143.8213,43.2736],[143.8219,43.2707],[143.8266,43.268],[143.8273,43.2623],[143.8198,43.2605],[143.8153,43.2566],[143.8122,43.2536],[143.8114,43.2469],[143.8031,43.249],[143.8005,43.2476],[143.8009,43.2434],[143.8027,43.2413],[143.8001,43.2384],[143.7999,43.2313],[143.7937,43.2299],[143.7894,43.2206],[143.7911,43.2146],[143.7968,43.2124],[143.7973,43.2076],[143.7939,43.2063],[143.7926,43.2034],[143.7935,43.1987],[143.7899,43.1931],[143.7868,43.1928],[143.777,43.1866],[143.7802,43.1837],[143.7782,43.1834],[143.7756,43.1753],[143.7834,43.1726],[143.7823,43.1681],[143.7727,43.1679],[143.7678,43.1631],[143.7673,43.159],[143.7747,43.1543],[143.775,43.1506],[143.7683,43.1389],[143.7681,43.1319],[143.7604,43.1281],[143.7594,43.1238],[143.753,43.1184],[143.7554,43.1159],[143.7538,43.1112],[143.7592,43.1064],[143.7542,43.1034],[143.7561,43.0975],[143.7521,43.0945],[143.7547,43.0909],[143.7563,43.0836],[143.7536,43.0828],[143.7539,43.0805],[143.7517,43.0799],[143.7504,43.0759],[143.7427,43.0733],[143.7415,43.0708],[143.7442,43.0671],[143.7438,43.0636],[143.7419,43.0638],[143.7401,43.059],[143.7373,43.0572],[143.7332,43.0587],[143.7246,43.0565],[143.7105,43.043],[143.7124,43.0411],[143.7101,43.0369],[143.7105,43.0325],[143.7065,43.0265],[143.7051,43.0217],[143.707,43.0201],[143.7036,43.0117],[143.7039,43.0095],[143.7061,43.0085],[143.7028,43.0069],[143.7043,43.0018],[143.7072,43.0005],[143.7082,42.9981],[143.7113,42.9978],[143.7126,42.9909],[143.7165,42.9901],[143.719,42.9938],[143.7245,42.9959],[143.7274,42.993],[143.7337,42.9915],[143.7434,42.982],[143.7495,42.98],[143.7511,42.9769],[143.7502,42.971],[143.7547,42.9692],[143.7584,42.9643],[143.7664,42.9606],[143.7654,42.9506],[143.7664,42.9487],[143.7656,42.9463],[143.7633,42.9458],[143.7614,42.938],[143.7684,42.936],[143.7643,42.9302],[143.7711,42.9223],[143.7718,42.9199],[143.77,42.9177],[143.7716,42.9162],[143.7718,42.912],[143.7746,42.9112],[143.7837,42.902],[143.7806,42.8987],[143.7771,42.8985],[143.7772,42.8962],[143.7873,42.8927],[143.7896,42.8893],[143.7895,42.8858],[143.7947,42.8874],[143.8028,42.8824],[143.8055,42.8824],[143.8086,42.88],[143.8074,42.8787],[143.8202,42.8753],[143.8234,42.8711],[143.8272,42.8707],[143.827,42.869],[143.8322,42.8676],[143.8315,42.8652],[143.8383,42.8635],[143.8349,42.8609],[143.8403,42.8612],[143.844,42.8569],[143.846,42.857],[143.8461,42.8546],[143.8496,42.8541],[143.8496,42.8517],[143.8542,42.8536],[143.8546,42.851],[143.8593,42.8523],[143.8595,42.8493],[143.8637,42.8469],[143.8625,42.8441],[143.8722,42.8409],[144.0545,42.696],[144.0984,42.7239],[144.1711,42.7616],[144.2121,42.7735],[144.2505,42.7885],[144.2821,42.7793],[144.3292,42.7614],[144.3604,42.7522],[144.3903,42.7462],[144.4328,42.7419],[144.4973,42.7399],[144.5281,42.7422],[144.5601,42.7471],[144.5923,42.7486],[144.6324,42.7417],[144.6887,42.7361],[144.7424,42.7331],[144.7897,42.7335],[144.8294,42.7368],[144.9241,42.751],[144.9699,42.7615],[145.1045,42.8048],[145.4405,42.9183],[145.3944,43.0221],[145.3971,43.055],[145.3865,43.0765],[145.3435,43.145],[145.3323,43.1597],[145.325,43.1766],[145.3215,43.1788],[145.3206,43.184],[145.317,43.1869],[145.3137,43.2028],[145.3048,43.206],[145.298,43.2062],[145.2931,43.2093],[145.2839,43.2114],[145.2747,43.2182],[145.2725,43.2244],[145.2677,43.2273],[145.2647,43.224],[145.2627,43.2258],[145.2591,43.2254],[145.2563,43.2233],[145.2464,43.2214],[145.2358,43.2147],[145.2337,43.21],[145.2284,43.2094],[145.2256,43.206],[145.1956,43.2577],[145.1851,43.2566],[145.1777,43.2609],[145.1756,43.258],[145.1621,43.2579],[145.1625,43.2558],[145.1602,43.2533],[145.1567,43.252],[145.1543,43.2529],[145.157,43.2503],[145.1549,43.2502],[145.1542,43.2481],[145.1553,43.2476],[145.1527,43.2441],[145.1512,43.2462],[145.1494,43.2435],[145.1416,43.2466],[145.1419,43.2438],[145.1373,43.2429],[145.139,43.2409],[145.1358,43.2402],[145.1368,43.236],[145.1333,43.2373],[145.1303,43.2345],[145.1281,43.2353],[145.1245,43.2333],[145.1227,43.2346],[145.1239,43.2371],[145.123,43.2386],[145.1194,43.2358],[145.1135,43.2369],[145.1104,43.2345],[145.1084,43.2362],[145.1008,43.2356],[145.1017,43.238],[145.0989,43.2383],[145.0916,43.2363],[145.0898,43.2401],[145.088,43.2381],[145.0818,43.2377],[145.0815,43.2395],[145.0744,43.2398],[145.0747,43.2411],[145.0721,43.241],[145.072,43.2427],[145.0652,43.2441],[145.0664,43.2426],[145.0513,43.2341],[145.0484,43.2373],[145.0484,43.2343],[145.0405,43.2294],[145.0415,43.2276],[145.0389,43.2261],[145.0367,43.227],[145.0348,43.2246],[145.0356,43.2215],[145.0345,43.2212],[145.0359,43.22],[145.0313,43.2177],[145.0278,43.2187],[145.0237,43.215],[145.0193,43.2165],[145.0179,43.2153],[145.0136,43.2157],[144.996,43.2245],[144.9931,43.2297],[144.9854,43.2341],[144.9813,43.2333],[144.9778,43.2353],[144.9626,43.2376],[144.955,43.2443],[144.9471,43.2485],[144.9281,43.2482],[144.9165,43.2444],[144.9105,43.2574],[144.8909,43.2684],[144.8844,43.2742],[144.8788,43.2754],[144.8789,43.2787],[144.875,43.2792],[144.8712,43.2819],[144.867,43.2778],[144.8622,43.2771],[144.8525,43.28],[144.8505,43.2826],[144.8468,43.2828],[144.8442,43.2893],[144.8407,43.2922],[144.8354,43.2943],[144.8327,43.2926],[144.8292,43.2934],[144.8299,43.2963],[144.8287,43.2974],[144.8229,43.2984],[144.818,43.2957],[144.8137,43.3001],[144.8111,43.2983],[144.7957,43.3016],[144.7929,43.3001],[144.7882,43.301],[144.7836,43.3041],[144.7682,43.3045],[144.7658,43.3093],[144.7579,43.308],[144.7379,43.3175],[144.7317,43.3177],[144.7275,43.3162],[144.7221,43.3257],[144.7127,43.3352],[144.7095,43.3359],[144.7024,43.3415],[144.6959,43.3447],[144.6923,43.3405],[144.6882,43.3399],[144.6846,43.3432],[144.6804,43.3436],[144.6774,43.3468],[144.6779,43.3496],[144.675,43.3516],[144.6698,43.3515],[144.6695,43.3572],[144.6679,43.3588],[144.6687,43.3633],[144.6649,43.3655],[144.6631,43.3688],[144.6644,43.3712],[144.6619,43.3764],[144.6639,43.3777],[144.6639,43.3809],[144.6562,43.3954],[144.6443,43.4074],[144.6461,43.4093],[144.6455,43.4128],[144.6385,43.4187],[144.6384,43.4262],[144.6467,43.4277],[144.6416,43.4367],[144.6465,43.4387],[144.6524,43.4467],[144.6559,43.4463],[144.6593,43.4436],[144.6626,43.4459],[144.679,43.442],[144.7453,43.4861],[144.6687,43.5471],[144.6138,43.5708],[144.6001,43.5735],[144.5905,43.5772],[144.5793,43.5766],[144.5745,43.5844],[144.5749,43.5921],[144.5721,43.5986],[144.5639,43.6076],[144.5485,43.6129],[144.5463,43.6112],[144.5427,43.6111],[144.5398,43.6078],[144.5303,43.6116],[144.53,43.6153],[144.5236,43.6191],[144.5244,43.6239],[144.5202,43.6267],[144.5185,43.6301],[144.5209,43.6385],[144.5166,43.6443],[144.5155,43.6474],[144.5169,43.6483],[144.5149,43.6528],[144.5102,43.6565],[144.5058,43.6548],[144.4914,43.6598],[144.4864,43.6601],[144.4864,43.6666],[144.481,43.6757],[144.4817,43.6782],[144.4765,43.682],[144.4747,43.6864],[144.4721,43.6853],[144.4667,43.6875],[144.4648,43.6856],[144.4586,43.6928],[144.4554,43.6906],[144.4402,43.6981],[144.4367,43.6961],[144.4234,43.6966],[144.4135,43.6939],[144.4105,43.6961]]]]},"properties":{"zone":13,"name":"釧路総合振興局"}},{"type":"Feature","geometry":{"type":"MultiPolygon","coordinates":[[[[144.579,43.5769],[144.5905,43.5772],[144.6001,43.5735],[144.6138,43.5708],[144.6687,43.5471],[144.7453,43.4861],[144.679,43.442],[144.6626,43.4459],[144.6593,43.4436],[144.6559,43.4463],[144.6524,43.4467],[144.6465,43.4387],[144.6416,43.4367],[144.6467,43.4277],[144.6384,43.4262],[144.6385,43.4187],[144.6455,43.4128],[144.6461,43.4093],[144.6443,43.4074],[144.6562,43.3954],[144.6639,43.3809],[144.6639,43.3777],[144.6619,43.3764],[144.6644,43.3712],[144.6631,43.3688],[144.6649,43.3655],[144.6687,43.3633],[144.6679,43.3588],[144.6695,43.3572],[144.6698,43.3515],[144.675,43.3516],[144.6779,43.3496],[144.6774,43.3468],[144.6804,43.3436],[144.6846,43.3432],[144.6882,43.3399],[144.6923,43.3405],[144.6959,43.3447],[144.7024,43.3415],[144.7095,43.3359],[144.7127,43.3352],[144.7221,43.3257],[144.7275,43.3162],[144.7317,43.3177],[144.7379,43.3175],[144.7579,43.308],[144.7658,43.3093],[144.7682,43.3045],[144.7836,43.3041],[144.7882,43.301],[144.7929,43.3001],[144.7957,43.3016],[144.8111,43.2983],[144.8137,43.3001],[144.818,43.2957],[144.8229,43.2984],[144.8287,43.2974],[144.8299,43.2963],[144.8292,43.2934],[144.8327,43.2926],[144.8354,43.2943],[144.8407,43.2922],[144.8442,43.2893],[144.8468,43.2828],[144.8505,43.2826],[144.8525,43.28],[144.8622,43.2771],[144.867,43.2778],[144.8712,43.2819],[144.875,43.2792],[144.8789,43.2787],[144.8788,43.2754],[144.8844,43.2742],[144.8909,43.2684],[144.9105,43.2574],[144.9165,43.2444],[144.9281,43.2482],[144.9471,43.2485],[144.955,43.2443],[144.9626,43.2376],[144.9778,43.2353],[144.9813,43.2333],[144.9854,43.2341],[144.9931,43.2297],[144.996,43.2245],[145.0136,43.2157],[145.0179,43.2153],[145.0193,43.2165],[145.0237,43.215],[145.0278,43.2187],[145.0313,43.2177],[145.0359,43.22],[145.0345,43.2212],[145.0356,43.2215],[145.0348,43.2246],[145.0367,43.227],[145.0389,43.2261],[145.0415,43.2276],[145.0405,43.2294],[145.0484,43.2343],[145.0484,43.2373],[145.0513,43.2341],[145.0664,43.2426],[145.0652,43.2441],[145.072,43.2427],[145.0721,43.241],[145.0747,43.2411],[145.0744,43.2398],[145.0815,43.2395],[145.0818,43.2377],[145.088,43.2381],[145.0898,43.2401],[145.0916,43.2363],[145.0989,43.2383],[145.1017,43.238],[145.1008,43.2356],[145.1084,43.2362],[145.1104,43.2345],[145.1135,43.2369],[145.1194,43.2358],[145.123,43.2386],[145.1239,43.2371],[145.1227,43.2346],[145.1245,43.2333],[145.1281,43.2353],[145.1303,43.2345],[145.1333,43.2373],[145.1368,43.236],[145.1358,43.2402],[145.139,43.2409],[145.1373,43.2429],[145.1419,43.2438],[145.1416,43.2466],[145.1494,43.2435],[145.1512,43.2462],[145.1527,43.2441],[145.1553,43.2476],[145.1542,43.2481],[145.1549,43.2502],[145.157,43.2503],[145.1543,43.2529],[145.1567,43.252],[145.1602,43.2533],[145.1625,43.2558],[145.1621,43.2579],[145.1756,43.258],[145.1777,43.2609],[145.1851,43.2566],[145.1956,43.2577],[145.2256,43.206],[145.2284,43.2094],[145.2337,43.21],[145.2358,43.2147],[145.2464,43.2214],[145.2563,43.2233],[145.2591,43.2254],[145.2627,43.2258],[145.2647,43.224],[145.2677,43.2273],[145.2725,43.2244],[145.2747,43.2182],[145.2839,43.2114],[145.2931,43.2093],[145.298,43.2062],[145.3048,43.206],[145.3137,43.2028],[145.317,43.1869],[145.3206,43.184],[145.3215,43.1788],[145.325,43.1766],[145.3323,43.1597],[145.3435,43.145],[145.3865,43.0765],[145.3971,43.055],[145.3944,43.0221],[145.4405,42.9183],[145.647,42.9878],[145.7541,43.0376],[145.7871,43.0567],[145.916,43.1526],[145.8982,43.2668],[145.8982,43.2789],[145.8789,43.3098],[145.8647,43.3393],[145.858,43.3597],[145.8438,43.3786],[145.8283,43.409],[145.8218,43.427],[145.8146,43.4301],[145.7937,43.4446],[145.6923,43.5445],[145.5315,43.5084],[145.4596,43.5916],[145.4295,43.6356],[145.3836,43.6556],[145.3262,43.6865],[145.2917,43.7082],[145.264,43.7317],[145.2535,43.7578],[145.2517,43.7687],[145.243,43.7821],[145.2444,43.8184],[145.2528,43.8679],[145.276,43.9047],[145.2901,43.9189],[145.3174,43.94],[145.3658,43.9844],[145.407,44.0172],[145.4408,44.0537],[145.4468,44.065],[145.5037,44.1102],[145.5828,44.2151],[145.6247,44.2937],[145.6337,44.3348],[145.6309,44.3507],[145.6134,44.4007],[145.5996,44.426],[145.5795,44.4517],[145.5633,44.4672],[145.5453,44.4815],[145.5237,44.4955],[145.5002,44.5078],[145.4612,44.5231],[145.4477,44.5271],[145.3467,44.3593],[145.3376,44.3413],[145.3304,44.3345],[145.3258,44.3255],[145.3251,44.3203],[145.3278,44.3181],[145.3266,44.3123],[145.3285,44.3093],[145.3264,44.3054],[145.3224,44.3038],[145.3223,44.2972],[145.3173,44.2873],[145.3213,44.282],[145.3208,44.277],[145.3175,44.2746],[145.3198,44.2715],[145.3197,44.2658],[145.318,44.2654],[145.3114,44.2546],[145.3086,44.2536],[145.3042,44.2552],[145.3,44.2529],[145.3032,44.2491],[145.303,44.2469],[145.2942,44.2401],[145.2905,44.2338],[145.2865,44.2325],[145.2874,44.2281],[145.2801,44.2252],[145.2773,44.2196],[145.2788,44.2174],[145.2769,44.2059],[145.2807,44.206],[145.281,44.2012],[145.2854,44.1995],[145.2824,44.1926],[145.2791,44.1895],[145.2831,44.1893],[145.2876,44.1854],[145.2715,44.1778],[145.2709,44.1755],[145.2738,44.1719],[145.2741,44.1688],[145.2721,44.1676],[145.259,44.1677],[145.2543,44.1653],[145.245,44.1644],[145.2429,44.1614],[145.2404,44.162],[145.2355,44.1599],[145.2344,44.1574],[145.2237,44.1557],[145.2213,44.1501],[145.2178,44.1467],[145.2073,44.1449],[145.2011,44.1411],[145.1806,44.1362],[145.1818,44.1331],[145.1794,44.128],[145.1688,44.1244],[145.1658,44.1183],[145.1667,44.1164],[145.1626,44.1132],[145.1603,44.1118],[145.1495,44.1119],[145.1482,44.1079],[145.1434,44.1041],[145.141,44.0997],[145.1412,44.0952],[145.1389,44.0901],[145.1211,44.0751],[145.1133,44.058],[145.1059,44.0555],[145.1011,44.0489],[145.0888,44.0428],[145.0861,44.0444],[145.065,44.0431],[145.0583,44.0382],[145.055,44.0231],[145.0507,44.0215],[145.0494,44.008],[145.0432,44.0088],[145.0401,44.005],[145.026,44.0063],[145.022,44.0012],[145.0155,43.9976],[145.0108,43.9888],[145.0053,43.9838],[145.0039,43.9755],[144.9952,43.968],[144.996,43.963],[144.9977,43.9616],[144.9969,43.9551],[145.0032,43.947],[144.9963,43.9452],[144.9957,43.943],[144.992,43.9405],[144.9855,43.9392],[144.982,43.9358],[144.9821,43.9329],[144.9768,43.93],[144.9763,43.9264],[144.9731,43.9269],[144.9649,43.9221],[144.9556,43.9199],[144.9533,43.9211],[144.9409,43.9203],[144.9394,43.9216],[144.9322,43.9177],[144.9229,43.9188],[144.9229,43.916],[144.9161,43.912],[144.9177,43.91],[144.9166,43.907],[144.905,43.9056],[144.9038,43.9039],[144.9059,43.9026],[144.9056,43.8986],[144.901,43.8963],[144.8999,43.891],[144.8969,43.8868],[144.8934,43.8838],[144.8881,43.8834],[144.8857,43.8807],[144.8767,43.8767],[144.8891,43.8698],[144.9051,43.8671],[144.9019,43.862],[144.9051,43.8503],[144.8996,43.8457],[144.8966,43.8451],[144.8959,43.8395],[144.8905,43.8357],[144.8848,43.8327],[144.877,43.8319],[144.8796,43.8224],[144.8759,43.8198],[144.8718,43.821],[144.8636,43.8128],[144.8654,43.8074],[144.8639,43.8032],[144.8665,43.8015],[144.8675,43.798],[144.8631,43.793],[144.8608,43.7871],[144.8581,43.786],[144.8528,43.789],[144.8495,43.7864],[144.8439,43.7867],[144.8381,43.7966],[144.839,43.7995],[144.8306,43.7994],[144.8274,43.7943],[144.8233,43.7961],[144.816,43.7959],[144.8148,43.7904],[144.8076,43.7874],[144.8118,43.7818],[144.8076,43.7808],[144.805,43.7777],[144.8102,43.7748],[144.802,43.7659],[144.7975,43.7656],[144.7961,43.7629],[144.7608,43.757],[144.753,43.7578],[144.746,43.7607],[144.7284,43.7626],[144.7224,43.7617],[144.7202,43.7582],[144.7215,43.7505],[144.7202,43.7418],[144.7222,43.7396],[144.7233,43.7324],[144.722,43.7264],[144.7255,43.72],[144.7235,43.7098],[144.7248,43.7051],[144.7303,43.7013],[144.7314,43.6927],[144.7341,43.6881],[144.7334,43.6847],[144.7243,43.6799],[144.7181,43.679],[144.7157,43.6755],[144.7074,43.6712],[144.7047,43.6681],[144.7063,43.6599],[144.6963,43.657],[144.6881,43.6565],[144.683,43.6519],[144.6788,43.6524],[144.666,43.6445],[144.6601,43.6381],[144.6464,43.634],[144.6455,43.6301],[144.6423,43.6285],[144.6415,43.625],[144.6369,43.6237],[144.6339,43.6249],[144.632,43.6303],[144.6269,43.6337],[144.6136,43.6344],[144.6009,43.6199],[144.5917,43.619],[144.5928,43.6091],[144.5706,43.6007],[144.5749,43.5921],[144.5745,43.5842],[144.579,43.5769]]]]},"properties":{"zone":13,"name":"根室振興局"}},{"type":"Feature","geometry":{"type":"MultiPolygon","coordinates":[[[[140.9904,42.4373],[140.9877,42.438],[140.9808,42.4444],[140.9816,42.4558],[140.987,42.4592],[140.9864,42.4619],[140.9879,42.4657],[140.9818,42.4669],[140.9808,42.4687],[140.9727,42.4718],[140.9716,42.4739],[140.9736,42.4763],[140.9717,42.4812],[140.9719,42.4885],[140.9735,42.4916],[140.9729,42.4938],[140.9693,42.4964],[140.9686,42.4992],[140.9705,42.5057],[140.9673,42.5108],[140.9681,42.5175],[140.9697,42.5196],[140.9669,42.5233],[140.964,42.5239],[140.9636,42.5286],[140.958,42.5297],[140.9577,42.5366],[140.9411,42.5429],[140.9357,42.5417],[140.9224,42.5448],[140.9177,42.5413],[140.9134,42.5434],[140.91,42.5424],[140.9019,42.5366],[140.8809,42.5334],[140.8775,42.5315],[140.8196,42.5439],[140.8105,42.5408],[140.8064,42.5369],[140.8038,42.5376],[140.7973,42.5354],[140.7981,42.5334],[140.7887,42.5315],[140.7805,42.527],[140.7795,42.5245],[140.7688,42.517],[140.7624,42.5143],[140.7034,42.5175],[140.6774,42.5105],[140.66,42.5024],[140.647,42.4856],[140.5784,42.37],[140.5801,42.3634],[140.6054,42.3446],[140.6312,42.3306],[140.656,42.3279],[140.6969,42.3519],[140.7431,42.3711],[140.9141,42.3797],[140.9174,42.384],[140.9262,42.387],[140.9486,42.3873],[140.956,42.3945],[140.966,42.3987],[140.9743,42.4072],[140.9835,42.4104],[140.9851,42.4154],[140.9791,42.4201],[140.9818,42.4239],[140.9834,42.4318],[140.9904,42.4373]]],[[[141.0852,42.579],[141.0866,42.5807],[141.086,42.5844],[141.0932,42.5925],[141.0934,42.5947],[141.1117,42.6047],[141.1141,42.6092],[141.1138,42.6124],[141.1272,42.6119],[141.1495,42.6248],[141.1495,42.629],[141.1426,42.6335],[141.1428,42.6351],[141.1446,42.6381],[141.1555,42.6427],[141.1566,42.6564],[141.1608,42.6586],[141.1622,42.6649],[141.1662,42.6668],[141.168,42.6701],[141.1831,42.678],[141.1839,42.6832],[141.1915,42.6858],[141.1886,42.6955],[141.1904,42.7011],[141.1877,42.706],[141.1886,42.7109],[141.1862,42.715],[141.1822,42.7174],[141.1811,42.7235],[141.1763,42.7251],[141.1782,42.7272],[141.1769,42.7309],[141.1747,42.732],[141.1723,42.7443],[141.1742,42.7479],[141.1733,42.7511],[141.1745,42.7537],[141.1775,42.7561],[141.1809,42.7559],[141.1817,42.7609],[141.1915,42.7687],[141.194,42.7781],[141.1991,42.7844],[141.1882,42.7862],[141.1785,42.7838],[141.173,42.7852],[141.1695,42.7817],[141.1609,42.7807],[141.1556,42.7858],[141.1406,42.7889],[141.1356,42.7961],[141.1362,42.7985],[141.1331,42.8039],[141.1231,42.8054],[141.1189,42.8097],[141.095,42.8209],[141.0894,42.8253],[141.0803,42.8239],[141.0713,42.8274],[141.0651,42.8229],[141.0666,42.8174],[141.0644,42.8115],[141.0793,42.8047],[141.08,42.8021],[141.0857,42.7976],[141.0879,42.7935],[141.0871,42.792],[141.0896,42.7848],[141.0832,42.7726],[141.0804,42.7707],[141.0805,42.7679],[141.0823,42.7671],[141.0802,42.7616],[141.0817,42.7566],[141.0788,42.7519],[141.0788,42.7481],[141.0721,42.7417],[141.0627,42.7374],[141.0427,42.733],[141.0399,42.7157],[141.0327,42.7175],[141.0214,42.7161],[141.0173,42.7178],[141.0176,42.7147],[141.0113,42.7176],[141.0096,42.7152],[141.0103,42.7095],[141.0001,42.7053],[140.9972,42.702],[140.9977,42.6999],[140.9907,42.6931],[140.992,42.6878],[140.9894,42.6836],[140.983,42.6812],[140.9789,42.6765],[140.9675,42.6709],[140.9703,42.6693],[140.9688,42.6643],[140.9719,42.6617],[140.9666,42.6585],[140.9665,42.6532],[140.9621,42.6508],[140.9607,42.6446],[141.0246,42.6112],[141.0235,42.6099],[141.0247,42.6049],[141.0296,42.5959],[141.0272,42.5922],[141.0377,42.5923],[141.047,42.5946],[141.0604,42.5923],[141.0676,42.5937],[141.0721,42.5895],[141.0741,42.5825],[141.0852,42.579]]]]},"properties":{"zone":11,"name":"伊達市"}},{"type":"Feature","geometry":{"type":"MultiPolygon","coordinates":[[[[140.7257,42.5718],[140.7339,42.5786],[140.7399,42.5785],[140.7454,42.5839],[140.7481,42.5845],[140.7483,42.5946],[140.7598,42.594],[140.7623,42.6013],[140.7581,42.6029],[140.7559,42.6013],[140.7518,42.6018],[140.7484,42.6084],[140.7431,42.6114],[140.7426,42.6163],[140.737,42.6233],[140.7374,42.6322],[140.7283,42.6351],[140.7291,42.6367],[140.7333,42.6365],[140.741,42.6399],[140.7441,42.6458],[140.755,42.6522],[140.7546,42.6615],[140.7512,42.661],[140.7503,42.663],[140.757,42.6691],[140.7559,42.6708],[140.7575,42.6725],[140.7573,42.6766],[140.7552,42.6796],[140.7577,42.6848],[140.7571,42.6865],[140.7593,42.6874],[140.7628,42.6953],[140.7606,42.702],[140.7583,42.7022],[140.7534,42.7089],[140.7476,42.7106],[140.7458,42.7135],[140.7412,42.7135],[140.7375,42.7155],[140.7282,42.7155],[140.724,42.7175],[140.7195,42.7152],[140.7056,42.718],[140.6993,42.7159],[140.6912,42.7173],[140.6768,42.7101],[140.6694,42.7084],[140.655,42.7103],[140.6309,42.7074],[140.6269,42.7103],[140.6135,42.7116],[140.6023,42.7072],[140.5971,42.7072],[140.5898,42.7079],[140.5744,42.7157],[140.5655,42.7152],[140.5623,42.7172],[140.5616,42.7155],[140.5658,42.7118],[140.5621,42.7089],[140.5661,42.7065],[140.5653,42.7023],[140.5665,42.6987],[140.5649,42.6969],[140.5671,42.6952],[140.5672,42.6926],[140.5703,42.6881],[140.5683,42.6857],[140.5696,42.683],[140.5766,42.6784],[140.5768,42.677],[140.5742,42.6751],[140.5773,42.6647],[140.5717,42.6623],[140.5685,42.6628],[140.564,42.6587],[140.5601,42.6581],[140.5607,42.6552],[140.5655,42.6525],[140.5671,42.649],[140.5611,42.6479],[140.557,42.6438],[140.5567,42.6349],[140.5515,42.6303],[140.5509,42.6265],[140.5476,42.6258],[140.5436,42.6214],[140.5332,42.6161],[140.5339,42.6129],[140.5454,42.6065],[140.5443,42.6015],[140.5465,42.599],[140.5446,42.5948],[140.5382,42.5916],[140.5368,42.5858],[140.5337,42.5828],[140.526,42.5671],[140.5181,42.5305],[140.5075,42.5065],[140.5108,42.489],[140.5208,42.4673],[140.5342,42.4308],[140.5579,42.3923],[140.5784,42.37],[140.647,42.4856],[140.66,42.5024],[140.6774,42.5105],[140.6857,42.5196],[140.7116,42.5529],[140.7163,42.5651],[140.7257,42.5718]]]]},"properties":{"zone":11,"name":"豊浦町"}},{"type":"Feature","geometry":{"type":"MultiPolygon","coordinates":[[[[140.9706,42.505],[140.9773,42.5035],[140.9844,42.5076],[140.99,42.5061],[140.9929,42.5072],[140.9949,42.5122],[141.0074,42.5125],[141.0151,42.5147],[141.0233,42.5114],[141.0349,42.5181],[141.0403,42.5179],[141.0462,42.5252],[141.0537,42.5291],[141.0691,42.5295],[141.0706,42.5348],[141.0661,42.5375],[141.0675,42.5404],[141.0657,42.5413],[141.0652,42.5451],[141.0747,42.5495],[141.0784,42.5544],[141.0855,42.5543],[141.0854,42.5574],[141.0881,42.5602],[141.0852,42.579],[141.0741,42.5825],[141.0721,42.5895],[141.0677,42.5937],[141.0604,42.5923],[141.047,42.5946],[141.0377,42.5923],[141.0272,42.5922],[141.0296,42.5959],[141.0247,42.6049],[141.0235,42.6099],[141.0246,42.6112],[140.9607,42.6446],[140.9579,42.6414],[140.9326,42.6455],[140.9184,42.6452],[140.9136,42.6427],[140.9105,42.6384],[140.9122,42.6305],[140.9113,42.6271],[140.9071,42.6231],[140.8432,42.6036],[140.8301,42.5653],[140.8256,42.5425],[140.8775,42.5315],[140.8809,42.5334],[140.902,42.5366],[140.9047,42.5395],[140.9133,42.5434],[140.9176,42.5413],[140.9224,42.5448],[140.9357,42.5417],[140.9413,42.5428],[140.9577,42.5366],[140.9581,42.5295],[140.9636,42.5286],[140.964,42.5239],[140.9669,42.5233],[140.9697,42.5197],[140.9673,42.5108],[140.9706,42.505]]]]},"properties":{"zone":11,"name":"壮瞥町"}},{"type":"Feature","geometry":{"type":"MultiPolygon","coordinates":[[[[140.8256,42.5425],[140.8301,42.5653],[140.8432,42.6036],[140.9071,42.6231],[140.9113,42.6271],[140.9122,42.6305],[140.9105,42.6384],[140.9136,42.6427],[140.9187,42.6452],[140.9326,42.6455],[140.9579,42.6414],[140.9619,42.6463],[140.9621,42.6508],[140.9665,42.6532],[140.9666,42.6585],[140.9719,42.6617],[140.9688,42.6643],[140.9703,42.6693],[140.9661,42.6725],[140.9563,42.6752],[140.9533,42.6801],[140.9438,42.6841],[140.9279,42.6849],[140.9194,42.6885],[140.9084,42.6861],[140.8981,42.6881],[140.8906,42.6877],[140.8831,42.6924],[140.8573,42.6995],[140.8489,42.6966],[140.8423,42.6883],[140.8417,42.6872],[140.8433,42.6865],[140.8378,42.6838],[140.83,42.6825],[140.8271,42.6804],[140.8224,42.6806],[140.818,42.6778],[140.8117,42.6781],[140.8116,42.6768],[140.8088,42.6768],[140.7985,42.6698],[140.7945,42.6692],[140.7896,42.6713],[140.787,42.6698],[140.7794,42.6697],[140.7779,42.6683],[140.7794,42.6665],[140.778,42.6609],[140.7728,42.6616],[140.7722,42.6595],[140.7697,42.6613],[140.7645,42.6612],[140.7644,42.6581],[140.7621,42.6577],[140.7609,42.6606],[140.7576,42.6623],[140.7563,42.6593],[140.754,42.6589],[140.7555,42.6547],[140.7541,42.6509],[140.7441,42.6458],[140.7425,42.641],[140.7406,42.6396],[140.7333,42.6365],[140.7291,42.6367],[140.7283,42.6351],[140.7374,42.6322],[140.737,42.6233],[140.7426,42.6163],[140.7431,42.6114],[140.7484,42.6084],[140.7518,42.6018],[140.7559,42.6013],[140.7581,42.6029],[140.7623,42.6013],[140.7598,42.594],[140.7483,42.5946],[140.7481,42.5845],[140.7454,42.5839],[140.7399,42.5785],[140.7339,42.5786],[140.731,42.575],[140.7264,42.5734],[140.7173,42.5662],[140.7116,42.5529],[140.6995,42.536],[140.6774,42.5105],[140.7034,42.5175],[140.7624,42.5143],[140.7688,42.517],[140.7795,42.5245],[140.7805,42.527],[140.7887,42.5315],[140.7981,42.5334],[140.7973,42.5354],[140.8038,42.5376],[140.8064,42.5369],[140.8103,42.5407],[140.8175,42.5434],[140.8227,42.544],[140.8256,42.5425]]]]},"properties":{"zone":11,"name":"洞爺湖町"}},{"type":"Feature","geometry":{"type":"MultiPolygon","coordinates":[[[[141.0478,42.3546],[141.0442,42.3564],[141.0423,42.3615],[141.0387,42.3653],[141.0374,42.3797],[141.0347,42.3865],[141.0319,42.3891],[141.0279,42.4021],[141.0178,42.4072],[141.0116,42.4144],[141.0166,42.4235],[141.0163,42.4299],[141.0053,42.4352],[140.9904,42.4373],[140.9834,42.4318],[140.9818,42.4239],[140.9791,42.4201],[140.9851,42.4154],[140.9835,42.4104],[140.9743,42.4072],[140.966,42.3987],[140.956,42.3945],[140.9486,42.3873],[140.9262,42.387],[140.9174,42.384],[140.9141,42.3797],[140.7431,42.3711],[140.6969,42.3519],[140.656,42.3279],[140.7189,42.2988],[140.7803,42.2615],[140.8235,42.2319],[140.866,42.2099],[140.9203,42.1774],[140.9375,42.1705],[141.0046,42.1375],[141.0869,42.1202],[141.1702,42.1063],[141.2418,42.113],[141.3487,42.1265],[141.2974,42.2636],[141.2143,42.3065],[141.14,42.336],[141.0973,42.3496],[141.0525,42.3519],[141.0478,42.3546]]]]},"properties":{"zone":12,"name":"室蘭市"}},{"type":"Feature","geometry":{"type":"MultiPolygon","coordinates":[[[[141.4182,42.5744],[141.5545,42.4018],[141.5874,42.4147],[141.6232,42.4134],[141.6525,42.4879],[141.7514,42.5754],[141.7585,42.5799],[141.7725,42.5848],[141.7804,42.5947],[141.795,42.5945],[141.8038,42.6145],[141.8149,42.6251],[141.8167,42.6598],[141.8129,42.666],[141.8225,42.6679],[141.8259,42.6726],[141.8296,42.6741],[141.8282,42.6769],[141.8299,42.6808],[141.8298,42.6875],[141.8277,42.6966],[141.8258,42.6991],[141.7954,42.6968],[141.7765,42.7109],[141.7488,42.7286],[141.7366,42.7457],[141.7368,42.749],[141.7446,42.7545],[141.7427,42.7582],[141.7442,42.7629],[141.7419,42.7693],[141.7447,42.7753],[141.7441,42.7773],[141.7475,42.7799],[141.7426,42.7877],[141.7322,42.7841],[141.7295,42.7811],[141.7238,42.7809],[141.7162,42.7743],[141.7068,42.7705],[141.6944,42.7725],[141.6913,42.7711],[141.6689,42.7754],[141.6527,42.7749],[141.6489,42.7766],[141.6372,42.7747],[141.6297,42.7752],[141.619,42.772],[141.6047,42.7723],[141.5928,42.7595],[141.5755,42.7456],[141.5662,42.7426],[141.5614,42.7431],[141.5502,42.749],[141.5429,42.7508],[141.5315,42.7467],[141.5131,42.7495],[141.5023,42.7476],[141.4855,42.7496],[141.4605,42.7554],[141.4513,42.7633],[141.4392,42.76],[141.4197,42.7631],[141.4106,42.7629],[141.4069,42.7648],[141.4123,42.7537],[141.4109,42.7531],[141.4127,42.7436],[141.411,42.7338],[141.4136,42.7254],[141.4131,42.7225],[141.4017,42.7149],[141.3868,42.6921],[141.383,42.6945],[141.3748,42.6937],[141.3701,42.6841],[141.3638,42.684],[141.3585,42.6804],[141.3517,42.681],[141.3463,42.6793],[141.3433,42.6765],[141.342,42.6716],[141.3432,42.669],[141.3424,42.6624],[141.3403,42.6587],[141.339,42.6503],[141.3423,42.6425],[141.3462,42.6405],[141.3434,42.6382],[141.3451,42.6327],[141.3518,42.6294],[141.3524,42.6261],[141.3598,42.6227],[141.3627,42.6193],[141.3672,42.6187],[141.3684,42.616],[141.3773,42.614],[141.3782,42.6106],[141.3836,42.6071],[141.3894,42.6071],[141.3991,42.5916],[141.4097,42.5881],[141.4123,42.5848],[141.4244,42.5806],[141.4182,42.5744]]]]},"properties":{"zone":12,"name":"苫小牧市"}},{"type":"Feature","geometry":{"type":"MultiPolygon","coordinates":[[[[141.0425,42.3611],[141.0442,42.3564],[141.0522,42.3519],[141.0973,42.3496],[141.14,42.336],[141.2143,42.3065],[141.2974,42.2636],[141.3,42.2662],[141.1993,42.4216],[141.1893,42.4487],[141.1896,42.4522],[141.1844,42.4546],[141.1854,42.4568],[141.1824,42.4563],[141.1793,42.4702],[141.1718,42.4746],[141.1677,42.483],[141.1681,42.4861],[141.1617,42.497],[141.1611,42.5001],[141.1631,42.5049],[141.1614,42.508],[141.1709,42.5119],[141.1706,42.5148],[141.1641,42.522],[141.1575,42.5218],[141.151,42.525],[141.146,42.5228],[141.1396,42.5244],[141.1333,42.524],[141.1277,42.5214],[141.1234,42.5227],[141.1224,42.5329],[141.1235,42.5374],[141.1216,42.5414],[141.1185,42.5416],[141.111,42.5484],[141.1019,42.5518],[141.0994,42.5546],[141.0914,42.5533],[141.0783,42.5544],[141.0747,42.5495],[141.0651,42.5448],[141.0657,42.5413],[141.0675,42.5404],[141.0661,42.5375],[141.0706,42.5348],[141.0691,42.5295],[141.0537,42.5291],[141.0462,42.5252],[141.0403,42.5179],[141.0349,42.5181],[141.0233,42.5114],[141.0155,42.5147],[141.0074,42.5125],[140.995,42.5122],[140.9928,42.5071],[140.9891,42.5061],[140.9844,42.5076],[140.9773,42.5035],[140.9706,42.505],[140.9693,42.5025],[140.9693,42.4964],[140.9729,42.4938],[140.9735,42.4916],[140.9719,42.4885],[140.9717,42.4812],[140.9736,42.4763],[140.9716,42.4739],[140.9727,42.4718],[140.9808,42.4687],[140.9818,42.4669],[140.988,42.4656],[140.9864,42.4619],[140.987,42.4592],[140.9816,42.4558],[140.9809,42.4443],[140.9884,42.4377],[141.0042,42.4355],[141.016,42.4303],[141.0166,42.4235],[141.0116,42.4145],[141.0176,42.4073],[141.0267,42.4038],[141.0284,42.4013],[141.0319,42.3891],[141.0347,42.3865],[141.0374,42.3797],[141.0387,42.3653],[141.0425,42.3611]]]]},"properties":{"zone":12,"name":"登別市"}},{"type":"Feature","geometry":{"type":"MultiPolygon","coordinates":[[[[141.1855,42.4539],[141.1896,42.4522],[141.1893,42.4487],[141.1933,42.4367],[141.2058,42.41],[141.3,42.2662],[141.3304,42.2762],[141.3665,42.2927],[141.4301,42.3334],[141.4601,42.3448],[141.4879,42.3588],[141.5124,42.3748],[141.5339,42.3927],[141.5545,42.4018],[141.4182,42.5744],[141.4244,42.5806],[141.4123,42.5848],[141.4097,42.5881],[141.3991,42.5916],[141.3894,42.6071],[141.3835,42.6072],[141.3782,42.6106],[141.3773,42.614],[141.3684,42.616],[141.3672,42.6187],[141.3626,42.6194],[141.3598,42.6227],[141.3523,42.6262],[141.3518,42.6294],[141.3451,42.6327],[141.3434,42.6382],[141.3462,42.6405],[141.3423,42.6425],[141.339,42.6503],[141.3403,42.6587],[141.3424,42.6624],[141.3432,42.6762],[141.3463,42.6793],[141.3517,42.681],[141.3575,42.6803],[141.3603,42.6816],[141.3572,42.6815],[141.351,42.6845],[141.3465,42.6826],[141.3413,42.6851],[141.337,42.6833],[141.3304,42.6844],[141.3253,42.6825],[141.3114,42.6842],[141.3048,42.689],[141.3019,42.6895],[141.3002,42.6934],[141.2881,42.6986],[141.284,42.7028],[141.2843,42.7053],[141.2783,42.7035],[141.2758,42.7058],[141.2702,42.7038],[141.2698,42.7073],[141.2655,42.71],[141.261,42.7105],[141.2591,42.7138],[141.2512,42.7107],[141.2435,42.6978],[141.2334,42.6999],[141.2197,42.6984],[141.2153,42.7018],[141.2097,42.7006],[141.2078,42.6964],[141.1969,42.6871],[141.1839,42.6832],[141.1831,42.678],[141.168,42.6701],[141.1662,42.6668],[141.1622,42.6649],[141.1608,42.6586],[141.1566,42.6564],[141.1554,42.6425],[141.1437,42.637],[141.1425,42.6335],[141.1495,42.629],[141.1495,42.6248],[141.1272,42.6119],[141.1138,42.6124],[141.1124,42.6054],[141.0934,42.5947],[141.0932,42.5925],[141.086,42.5844],[141.0866,42.5807],[141.085,42.5782],[141.0881,42.5602],[141.0854,42.5574],[141.0853,42.5542],[141.0914,42.5533],[141.0994,42.5546],[141.1019,42.5518],[141.111,42.5484],[141.1185,42.5416],[141.1215,42.5415],[141.1235,42.5374],[141.1224,42.5329],[141.1232,42.5229],[141.1277,42.5214],[141.1333,42.524],[141.1396,42.5244],[141.146,42.5228],[141.1503,42.525],[141.1575,42.5218],[141.1634,42.5223],[141.1667,42.52],[141.1671,42.5173],[141.1703,42.5152],[141.1712,42.5125],[141.1615,42.5082],[141.1631,42.5049],[141.1611,42.5001],[141.1617,42.497],[141.1681,42.4861],[141.1677,42.483],[141.1718,42.4746],[141.1793,42.4702],[141.1824,42.4563],[141.1854,42.4568],[141.1844,42.4546],[141.1855,42.4539]]]]},"properties":{"zone":12,"name":"白老町"}},{"type":"Feature","geometry":{"type":"MultiPolygon","coordinates":[[[[142.0429,42.7235],[142.046,42.727],[142.0461,42.7373],[142.0518,42.7403],[142.0509,42.7419],[142.0551,42.7458],[142.062,42.7462],[142.0657,42.7556],[142.0728,42.7583],[142.0715,42.7619],[142.0742,42.7653],[142.0735,42.7669],[142.0891,42.7767],[142.0875,42.7787],[142.092,42.7867],[142.0896,42.7917],[142.0968,42.7931],[142.0935,42.7994],[142.0943,42.8016],[142.1028,42.8033],[142.108,42.8098],[142.1123,42.8122],[142.1085,42.817],[142.11,42.819],[142.1091,42.8235],[142.1102,42.8251],[142.1079,42.827],[142.1077,42.8305],[142.1002,42.8372],[142.103,42.8413],[142.1032,42.845],[142.1066,42.8482],[142.1053,42.8517],[142.1028,42.8525],[142.095,42.8501],[142.088,42.8661],[142.0849,42.868],[142.0787,42.8686],[142.0708,42.8731],[142.0648,42.8741],[142.064,42.8695],[142.0548,42.8603],[142.0436,42.8624],[142.0373,42.8576],[142.0335,42.858],[142.0311,42.8566],[142.0228,42.8491],[142.0169,42.8472],[142.014,42.8485],[142.0064,42.8449],[142.004,42.847],[142.0012,42.8466],[141.9935,42.8495],[141.9911,42.8442],[141.9879,42.8433],[141.9879,42.8417],[141.9817,42.837],[141.9699,42.8438],[141.9604,42.8436],[141.9593,42.8491],[141.9566,42.852],[141.9575,42.853],[141.9544,42.8544],[141.9519,42.8534],[141.9397,42.8391],[141.9317,42.8391],[141.9245,42.8291],[141.9259,42.8257],[141.9236,42.8244],[141.9223,42.8208],[141.9233,42.819],[141.9182,42.8123],[141.9112,42.8068],[141.9068,42.8055],[141.904,42.8012],[141.8959,42.7968],[141.8941,42.791],[141.8864,42.7835],[141.8826,42.7824],[141.8821,42.7764],[141.8771,42.7744],[141.8747,42.7699],[141.8625,42.7671],[141.8615,42.7634],[141.8589,42.7618],[141.8595,42.7488],[141.8573,42.747],[141.8522,42.748],[141.849,42.7424],[141.844,42.7409],[141.8485,42.7368],[141.8484,42.7311],[141.8462,42.7309],[141.8405,42.7235],[141.8327,42.7185],[141.8236,42.7171],[141.8262,42.7123],[141.824,42.7036],[141.8277,42.6966],[141.8298,42.6875],[141.8299,42.6808],[141.8282,42.6769],[141.8297,42.6746],[141.8259,42.6726],[141.8225,42.6679],[141.8129,42.666],[141.8167,42.6598],[141.8149,42.6251],[141.8038,42.6145],[141.795,42.5945],[141.7804,42.5947],[141.7725,42.5848],[141.7585,42.5799],[141.7514,42.5754],[141.6525,42.4879],[141.6232,42.4134],[141.6569,42.3994],[141.7025,42.3872],[141.7448,42.3816],[141.7837,42.3808],[141.7958,42.4028],[141.8197,42.4723],[141.8409,42.5256],[141.8456,42.5298],[141.8769,42.5867],[141.8772,42.5895],[141.88,42.591],[141.8784,42.5955],[141.8905,42.6007],[141.8924,42.6067],[141.8978,42.6101],[141.9186,42.6148],[141.9244,42.618],[141.9235,42.6295],[141.9252,42.6339],[141.9293,42.6359],[141.9313,42.6407],[141.9424,42.6434],[141.9591,42.6392],[141.9638,42.64],[141.9675,42.6378],[141.9797,42.6425],[141.9897,42.6391],[141.9975,42.6421],[141.9982,42.6456],[142.0031,42.6525],[142.0021,42.6572],[141.9998,42.659],[142.0013,42.6641],[141.9961,42.6661],[141.9962,42.6725],[141.994,42.6748],[141.9967,42.6828],[141.9934,42.6902],[141.9972,42.6953],[141.9961,42.697],[141.9973,42.7003],[142.0022,42.6996],[142.0039,42.7041],[142.0079,42.7056],[142.0152,42.7144],[142.0213,42.7132],[142.0239,42.7158],[142.0296,42.7176],[142.0331,42.7217],[142.0375,42.7214],[142.0429,42.7235]]]]},"properties":{"zone":12,"name":"厚真町"}},{"type":"Feature","geometry":{"type":"MultiPolygon","coordinates":[[[[141.9544,42.8544],[141.9539,42.8566],[141.951,42.8579],[141.951,42.8627],[141.9473,42.8662],[141.9467,42.8694],[141.9439,42.8711],[141.9371,42.8829],[141.9326,42.8842],[141.9283,42.8882],[141.925,42.8868],[141.9214,42.8875],[141.9173,42.8904],[141.9168,42.898],[141.914,42.9007],[141.9074,42.9012],[141.9022,42.9052],[141.8966,42.9055],[141.8911,42.9095],[141.8801,42.913],[141.8729,42.9213],[141.87,42.922],[141.8674,42.9177],[141.8593,42.9134],[141.8569,42.9139],[141.845,42.9091],[141.837,42.9078],[141.8272,42.9032],[141.8175,42.8981],[141.8157,42.8943],[141.8064,42.8927],[141.7952,42.8804],[141.7952,42.8785],[141.7908,42.876],[141.7913,42.8714],[141.7946,42.8646],[141.7915,42.8587],[141.7952,42.8566],[141.7937,42.8543],[141.7876,42.8522],[141.785,42.8492],[141.7865,42.8472],[141.7859,42.8447],[141.7896,42.8403],[141.7829,42.8396],[141.7763,42.8355],[141.7644,42.8327],[141.7672,42.8267],[141.7727,42.8258],[141.7761,42.8232],[141.7763,42.8146],[141.7737,42.8125],[141.7728,42.8088],[141.7702,42.8075],[141.7648,42.8092],[141.7584,42.8003],[141.7543,42.7984],[141.7569,42.792],[141.7426,42.7877],[141.7475,42.7799],[141.7441,42.7773],[141.7447,42.7753],[141.7419,42.7693],[141.7442,42.7629],[141.7427,42.7582],[141.7446,42.7545],[141.7368,42.749],[141.7366,42.7455],[141.7488,42.7286],[141.7765,42.7109],[141.7952,42.6969],[141.8258,42.6991],[141.824,42.7036],[141.8262,42.7123],[141.8236,42.7171],[141.8327,42.7185],[141.8405,42.7235],[141.8462,42.7309],[141.8484,42.7311],[141.8485,42.7368],[141.844,42.7409],[141.849,42.7424],[141.8522,42.748],[141.8573,42.747],[141.8595,42.7488],[141.8589,42.7618],[141.8615,42.7634],[141.8625,42.7671],[141.874,42.7694],[141.8771,42.7744],[141.882,42.7762],[141.8826,42.7824],[141.8912,42.7873],[141.8919,42.79],[141.895,42.7924],[141.8959,42.7968],[141.904,42.8012],[141.9068,42.8055],[141.9164,42.8106],[141.9228,42.8181],[141.9236,42.8243],[141.9259,42.8257],[141.9245,42.8291],[141.9289,42.8338],[141.9283,42.8361],[141.9328,42.8396],[141.9397,42.8391],[141.9519,42.8534],[141.9544,42.8544]]]]},"properties":{"zone":12,"name":"安平町"}},{"type":"Feature","geometry":{"type":"MultiPolygon","coordinates":[[[[142.2798,42.9811],[142.272,42.9871],[142.2628,42.9825],[142.261,42.9775],[142.2571,42.9731],[142.2568,42.9682],[142.2553,42.9666],[142.2472,42.9685],[142.2448,42.9717],[142.2389,42.9742],[142.2329,42.9715],[142.2235,42.9703],[142.2237,42.9629],[142.2111,42.9601],[142.2061,42.9561],[142.2061,42.9543],[142.2019,42.9523],[142.1973,42.9535],[142.1933,42.9523],[142.1917,42.9537],[142.1862,42.9515],[142.184,42.9529],[142.1834,42.9577],[142.1777,42.9593],[142.173,42.9565],[142.1702,42.9573],[142.168,42.9534],[142.1644,42.9531],[142.1626,42.9506],[142.1573,42.9539],[142.1525,42.9548],[142.1499,42.9509],[142.1437,42.9477],[142.1439,42.9385],[142.1467,42.9343],[142.1448,42.9321],[142.1448,42.9263],[142.1372,42.9271],[142.1279,42.9226],[142.1273,42.9195],[142.1196,42.9194],[142.1105,42.9148],[142.1123,42.9041],[142.1063,42.9009],[142.1077,42.8965],[142.1059,42.8956],[142.1071,42.8939],[142.1001,42.8873],[142.1,42.8853],[142.0949,42.8838],[142.0927,42.8798],[142.0889,42.8784],[142.0826,42.8728],[142.0806,42.8687],[142.0883,42.8658],[142.095,42.8501],[142.1028,42.8525],[142.1058,42.8511],[142.1066,42.8482],[142.1032,42.845],[142.103,42.8413],[142.1002,42.8372],[142.1077,42.8305],[142.1079,42.827],[142.1102,42.8251],[142.1091,42.8235],[142.11,42.819],[142.1085,42.817],[142.1123,42.8122],[142.108,42.8098],[142.1028,42.8033],[142.0943,42.8016],[142.0935,42.7994],[142.0968,42.7931],[142.0896,42.7917],[142.092,42.7867],[142.0875,42.7787],[142.0891,42.7767],[142.0735,42.7669],[142.0742,42.7653],[142.0715,42.7619],[142.0728,42.7583],[142.0657,42.7556],[142.062,42.7462],[142.0551,42.7458],[142.0509,42.7419],[142.0518,42.7403],[142.0461,42.7373],[142.046,42.727],[142.0437,42.7239],[142.0375,42.7214],[142.0331,42.7217],[142.0296,42.7176],[142.0239,42.7158],[142.0213,42.7132],[142.0152,42.7144],[142.0079,42.7056],[142.0039,42.7041],[142.0022,42.6996],[141.9974,42.7005],[141.9961,42.697],[141.9972,42.6953],[141.9934,42.6902],[141.9967,42.6828],[141.994,42.6748],[141.9962,42.6725],[141.9961,42.6661],[142.0013,42.6641],[141.9998,42.659],[142.0021,42.6572],[142.0031,42.6525],[141.9982,42.6456],[141.9977,42.6422],[141.9897,42.6391],[141.9797,42.6425],[141.9675,42.6378],[141.9638,42.64],[141.9591,42.6392],[141.9424,42.6434],[141.9313,42.6407],[141.9293,42.6359],[141.9252,42.6339],[141.9235,42.6295],[141.9244,42.618],[141.9186,42.6148],[141.8978,42.6101],[141.8924,42.6067],[141.8905,42.6007],[141.8784,42.5955],[141.88,42.591],[141.8772,42.5895],[141.8769,42.5867],[141.8456,42.5298],[141.8409,42.5256],[141.8197,42.4723],[141.7958,42.4028],[141.891,42.4838],[141.9125,42.4998],[141.9536,42.526],[141.9677,42.529],[141.9791,42.5355],[141.9802,42.5429],[141.9823,42.5452],[141.9901,42.544],[141.9957,42.5449],[142.0114,42.5399],[142.0125,42.5461],[142.0213,42.5505],[142.0347,42.5521],[142.0514,42.5627],[142.0606,42.5732],[142.0672,42.5713],[142.0842,42.5747],[142.0908,42.5819],[142.0889,42.5839],[142.09,42.5852],[142.0975,42.5847],[142.1117,42.5922],[142.1194,42.5933],[142.1221,42.5961],[142.1206,42.6008],[142.122,42.6108],[142.1204,42.6135],[142.1224,42.6144],[142.1222,42.6173],[142.1251,42.6208],[142.1252,42.6265],[142.1302,42.6304],[142.1313,42.6375],[142.1346,42.6406],[142.1375,42.6412],[142.1368,42.6522],[142.1408,42.6574],[142.1486,42.661],[142.1478,42.6665],[142.1494,42.6686],[142.1481,42.6717],[142.1541,42.6725],[142.1603,42.676],[142.1621,42.6796],[142.1604,42.6843],[142.1661,42.6887],[142.1671,42.6924],[142.171,42.695],[142.1756,42.6957],[142.1776,42.6989],[142.1857,42.7008],[142.1867,42.7025],[142.1848,42.706],[142.1864,42.7066],[142.1861,42.7124],[142.1896,42.7202],[142.1964,42.7222],[142.2022,42.7216],[142.2039,42.7239],[142.2125,42.7241],[142.2101,42.7283],[142.2143,42.7327],[142.2199,42.7343],[142.2195,42.7398],[142.2211,42.7411],[142.2197,42.7448],[142.225,42.7462],[142.2301,42.7441],[142.2351,42.7475],[142.2426,42.7421],[142.2427,42.7444],[142.2451,42.7463],[142.2522,42.7469],[142.2536,42.7503],[142.2642,42.7546],[142.2656,42.7559],[142.2652,42.759],[142.2713,42.7595],[142.277,42.7646],[142.2849,42.7665],[142.2866,42.769],[142.2989,42.7732],[142.2992,42.7805],[142.2973,42.7842],[142.299,42.787],[142.3052,42.7907],[142.3052,42.801],[142.3081,42.8034],[142.3067,42.8068],[142.3071,42.8182],[142.3118,42.8249],[142.3089,42.8309],[142.3094,42.8347],[142.3053,42.8379],[142.3045,42.8424],[142.3111,42.8474],[142.3077,42.8527],[142.318,42.865],[142.3168,42.8715],[142.3118,42.8733],[142.3144,42.8765],[142.313,42.8812],[142.3177,42.8871],[142.3246,42.8908],[142.333,42.8997],[142.3338,42.9019],[142.332,42.9047],[142.334,42.9075],[142.3125,42.9181],[142.3099,42.9231],[142.3106,42.9268],[142.3076,42.9288],[142.3075,42.9311],[142.3013,42.9334],[142.3028,42.9382],[142.3018,42.9409],[142.2843,42.9412],[142.2781,42.9442],[142.2782,42.9458],[142.2728,42.9502],[142.2733,42.9558],[142.2761,42.9573],[142.2839,42.9679],[142.2827,42.9706],[142.2842,42.9731],[142.2807,42.9752],[142.2821,42.9781],[142.2798,42.9811]]]]},"properties":{"zone":12,"name":"むかわ町"}},{"type":"Feature","geometry":{"type":"MultiPolygon","coordinates":[[[[143.0953,44.2869],[143.0951,44.2833],[143.0982,44.2821],[143.1038,44.2756],[143.1066,44.2666],[143.1115,44.2669],[143.118,44.264],[143.1213,44.2598],[143.1275,44.2601],[143.1307,44.2583],[143.1364,44.25],[143.149,44.2411],[143.1502,44.2349],[143.1541,44.2302],[143.1567,44.2301],[143.1583,44.2337],[143.1712,44.2338],[143.1907,44.2239],[143.1951,44.2244],[143.1941,44.215],[143.1979,44.203],[143.1955,44.1983],[143.1867,44.1949],[143.1851,44.1915],[143.1744,44.1859],[143.1665,44.172],[143.1666,44.1692],[143.1689,44.1681],[143.1672,44.165],[143.1696,44.1631],[143.1605,44.158],[143.1576,44.1542],[143.1571,44.1481],[143.1502,44.1453],[143.1487,44.1464],[143.1417,44.1456],[143.1332,44.1343],[143.1378,44.1222],[143.1366,44.1175],[143.1411,44.1169],[143.1429,44.1113],[143.145,44.1108],[143.1487,44.1048],[143.1516,44.1037],[143.1501,44.1016],[143.1519,44.099],[143.1509,44.0948],[143.1522,44.0909],[143.1504,44.0896],[143.1496,44.0849],[143.1439,44.0838],[143.1415,44.0795],[143.1337,44.0735],[143.1336,44.0705],[143.1385,44.0679],[143.1344,44.0664],[143.1343,44.0639],[143.1267,44.0615],[143.1236,44.0584],[143.1292,44.0552],[143.1315,44.047],[143.1352,44.0444],[143.1353,44.0423],[143.1337,44.0395],[143.1297,44.038],[143.1266,44.033],[143.1337,44.0284],[143.1347,44.0211],[143.1286,44.0146],[143.1252,44.0048],[143.1289,44.0006],[143.1434,44.0004],[143.1478,43.9988],[143.1511,43.9949],[143.1567,43.9945],[143.1631,43.9916],[143.1734,44.0005],[143.1725,44.0037],[143.1774,44.0133],[143.1903,44.0165],[143.2119,44.0172],[143.2165,44.0216],[143.2211,44.0231],[143.2229,44.0315],[143.2364,44.0318],[143.2416,44.0356],[143.2557,44.0414],[143.2613,44.0379],[143.2644,44.038],[143.2661,44.0359],[143.2719,44.0353],[143.2746,44.0366],[143.2843,44.0345],[143.2888,44.028],[143.2973,44.0314],[143.3028,44.031],[143.2993,44.0366],[143.3052,44.04],[143.3064,44.043],[143.3107,44.0448],[143.3123,44.0481],[143.3153,44.0494],[143.3153,44.0516],[143.329,44.0524],[143.3291,44.0551],[143.3347,44.0601],[143.3334,44.0642],[143.3344,44.0666],[143.346,44.0703],[143.3458,44.0728],[143.3524,44.0794],[143.3588,44.0797],[143.3573,44.0844],[143.37,44.0939],[143.3707,44.1015],[143.3756,44.1046],[143.376,44.1095],[143.3838,44.1059],[143.3857,44.1099],[143.3916,44.1122],[143.3975,44.1073],[143.4039,44.107],[143.4107,44.102],[143.4166,44.1051],[143.4154,44.1184],[143.4163,44.1205],[143.4105,44.139],[143.4141,44.1403],[143.4161,44.1436],[143.4163,44.1481],[143.4132,44.1504],[143.4224,44.1504],[143.4345,44.1673],[143.4453,44.1736],[143.4518,44.1738],[143.4613,44.1779],[143.4636,44.1812],[143.4694,44.1835],[143.471,44.1875],[143.4789,44.1923],[143.4887,44.2059],[143.4947,44.2093],[143.4951,44.2115],[143.4992,44.2149],[143.558,44.2506],[143.6837,44.4313],[143.6,44.4622],[143.5631,44.4989],[143.5373,44.5181],[143.5077,44.5349],[143.454,44.5573],[143.4052,44.5191],[143.36,44.4884],[143.2854,44.4122],[143.2761,44.4008],[143.2724,44.3928],[143.2751,44.3837],[143.2589,44.3736],[143.2554,44.368],[143.2471,44.3652],[143.2472,44.3615],[143.2437,44.3571],[143.2434,44.3511],[143.226,44.3499],[143.2179,44.3467],[143.208,44.3482],[143.2087,44.3457],[143.2053,44.3434],[143.2038,44.3384],[143.2046,44.334],[143.1998,44.333],[143.198,44.3303],[143.192,44.3273],[143.189,44.327],[143.1888,44.3302],[143.1861,44.333],[143.1828,44.3322],[143.176,44.3337],[143.1717,44.3298],[143.167,44.3319],[143.1606,44.3309],[143.1576,44.3322],[143.1562,44.3301],[143.1571,44.3247],[143.145,44.3215],[143.1465,44.3183],[143.1439,44.3163],[143.1265,44.3128],[143.1202,44.3137],[143.1182,44.3061],[143.1132,44.303],[143.1158,44.2983],[143.1141,44.2968],[143.1136,44.2912],[143.1048,44.2881],[143.0987,44.2895],[143.0953,44.2869]]]]},"properties":{"zone":12,"name":"紋別市"}},{"type":"Feature","geometry":{"type":"MultiPolygon","coordinates":[[[[143.5878,43.9469],[143.5908,43.9457],[143.5967,43.9477],[143.604,43.9477],[143.6035,43.943],[143.6062,43.9393],[143.6167,43.9337],[143.6298,43.9366],[143.6379,43.942],[143.6401,43.9385],[143.6422,43.9379],[143.6405,43.9353],[143.6416,43.9328],[143.6503,43.9303],[143.6456,43.9242],[143.6517,43.9208],[143.664,43.9232],[143.666,43.9252],[143.6741,43.9225],[143.6803,43.927],[143.686,43.9257],[143.6864,43.922],[143.6753,43.9197],[143.6723,43.9162],[143.6738,43.912],[143.6699,43.9084],[143.6738,43.9069],[143.6746,43.9043],[143.678,43.9047],[143.681,43.8997],[143.6814,43.8942],[143.6901,43.8916],[143.6902,43.8857],[143.7009,43.8751],[143.7069,43.8749],[143.7117,43.8776],[143.7146,43.8769],[143.72,43.8787],[143.7208,43.8883],[143.7273,43.8951],[143.7275,43.9003],[143.7308,43.903],[143.7377,43.9044],[143.7399,43.9081],[143.7506,43.9127],[143.75,43.9153],[143.7567,43.9178],[143.7579,43.9201],[143.7556,43.9242],[143.7569,43.9292],[143.7497,43.9313],[143.7508,43.9438],[143.7478,43.9456],[143.748,43.9528],[143.7465,43.9559],[143.7527,43.9584],[143.7554,43.9548],[143.7691,43.9516],[143.7715,43.9528],[143.7715,43.9555],[143.7749,43.9561],[143.7808,43.9621],[143.7807,43.9646],[143.7852,43.9704],[143.7806,43.9753],[143.7824,43.9785],[143.7894,43.9802],[143.7936,43.9839],[143.8031,43.9778],[143.8038,43.9806],[143.8086,43.982],[143.8087,43.9843],[143.8138,43.988],[143.8236,43.9856],[143.827,43.9832],[143.8325,43.9832],[143.8338,43.9849],[143.8415,43.9861],[143.8412,43.9837],[143.8439,43.9805],[143.8615,43.9767],[143.878,43.9814],[143.889,43.9899],[143.8935,43.9975],[143.8963,43.9983],[143.9001,43.9958],[143.908,43.9999],[143.9066,44.004],[143.9119,44.0078],[143.9161,44.01],[143.9257,44.0111],[143.9303,44.0137],[143.9308,44.0168],[143.934,44.0185],[143.9344,44.0236],[143.9385,44.0279],[143.9387,44.0307],[143.9438,44.0348],[143.9524,44.0363],[143.9525,44.039],[143.9557,44.0416],[143.9537,44.0428],[143.9522,44.0486],[143.9462,44.0515],[143.9476,44.0529],[143.9476,44.0572],[143.9459,44.0586],[143.9532,44.066],[143.9667,44.0849],[143.9505,44.0909],[143.911,44.1259],[143.7757,44.1443],[143.7419,44.1207],[143.7415,44.1174],[143.7441,44.1138],[143.7426,44.1106],[143.7435,44.1073],[143.7415,44.1043],[143.7469,44.102],[143.7453,44.0994],[143.7468,44.0932],[143.7402,44.0887],[143.7426,44.0828],[143.7385,44.0624],[143.7369,44.0613],[143.7351,44.0552],[143.7298,44.0506],[143.729,44.0455],[143.7158,44.0253],[143.7132,44.018],[143.716,44.0149],[143.7139,44.0124],[143.7129,44.0069],[143.7059,44.0114],[143.6984,44.0111],[143.6943,44.0128],[143.6909,44.0168],[143.6822,44.0171],[143.6743,44.0124],[143.6663,44.0124],[143.6641,44.011],[143.662,44.0058],[143.6573,44.0039],[143.6552,44.0004],[143.652,44],[143.6512,43.9979],[143.6549,43.994],[143.6548,43.9919],[143.6483,43.9881],[143.642,43.9874],[143.6405,43.9898],[143.6364,43.9909],[143.6378,43.9934],[143.6277,43.9945],[143.622,43.9918],[143.6134,43.9956],[143.6012,43.9938],[143.5968,43.9902],[143.5873,43.9893],[143.5897,43.983],[143.5853,43.9756],[143.5894,43.9714],[143.5891,43.9699],[143.5809,43.9674],[143.5807,43.9651],[143.5735,43.9642],[143.571,43.9568],[143.5747,43.9493],[143.5829,43.9467],[143.5878,43.9469]]]]},"properties":{"zone":12,"name":"佐呂間町"}},{"type":"Feature","geometry":{"type":"MultiPolygon","coordinates":[[[[143.5672,43.8564],[143.5655,43.8583],[143.5691,43.8611],[143.5677,43.8664],[143.5686,43.873],[143.5669,43.8759],[143.5699,43.8792],[143.5771,43.8813],[143.5835,43.8872],[143.5824,43.89],[143.5832,43.8955],[143.5873,43.8965],[143.5839,43.921],[143.5845,43.9228],[143.5907,43.9263],[143.5861,43.931],[143.5895,43.9326],[143.5886,43.9346],[143.5904,43.935],[143.5908,43.9375],[143.5878,43.9468],[143.5829,43.9467],[143.5747,43.9493],[143.571,43.9568],[143.5735,43.9642],[143.5807,43.9651],[143.5809,43.9674],[143.5891,43.9699],[143.5894,43.9714],[143.5853,43.9757],[143.5859,43.9784],[143.589,43.9805],[143.5896,43.9843],[143.5876,43.9862],[143.5866,43.9922],[143.5801,43.9949],[143.5758,43.9951],[143.5741,43.9936],[143.565,43.9968],[143.5648,43.9999],[143.5678,44.0043],[143.5641,44.009],[143.5667,44.0136],[143.5637,44.0167],[143.5628,44.0217],[143.5602,44.0248],[143.5617,44.0289],[143.5671,44.0317],[143.5684,44.0348],[143.5729,44.0376],[143.5704,44.0407],[143.5724,44.0447],[143.5716,44.047],[143.5731,44.0474],[143.5751,44.0525],[143.5735,44.0567],[143.574,44.0618],[143.5756,44.0634],[143.5737,44.0668],[143.5759,44.0692],[143.5739,44.0741],[143.5792,44.0791],[143.5782,44.0822],[143.583,44.0873],[143.5801,44.0895],[143.5755,44.0893],[143.5705,44.0962],[143.5672,44.0965],[143.5635,44.094],[143.5596,44.0953],[143.554,44.0942],[143.5494,44.0958],[143.5442,44.0953],[143.5425,44.0969],[143.5235,44.0902],[143.5229,44.0862],[143.5174,44.0824],[143.4107,44.102],[143.4039,44.107],[143.3975,44.1073],[143.3912,44.1122],[143.3854,44.1097],[143.3838,44.1059],[143.376,44.1095],[143.3756,44.1046],[143.3707,44.1015],[143.37,44.0939],[143.3573,44.0844],[143.3588,44.0797],[143.3524,44.0794],[143.3458,44.0728],[143.346,44.0703],[143.3344,44.0666],[143.3334,44.0642],[143.3347,44.0601],[143.3291,44.0551],[143.329,44.0524],[143.3153,44.0516],[143.3153,44.0494],[143.3123,44.0481],[143.3107,44.0448],[143.3064,44.043],[143.3052,44.04],[143.2993,44.0366],[143.3027,44.031],[143.2973,44.0314],[143.2888,44.028],[143.2843,44.0345],[143.2746,44.0366],[143.2719,44.0353],[143.2661,44.0359],[143.2644,44.038],[143.2613,44.0379],[143.2557,44.0414],[143.2416,44.0356],[143.2364,44.0318],[143.2229,44.0315],[143.2211,44.0231],[143.2165,44.0216],[143.2119,44.0172],[143.1903,44.0165],[143.1774,44.0133],[143.1725,44.0037],[143.1734,44.0005],[143.1636,43.9918],[143.1511,43.9949],[143.1481,43.9986],[143.1444,44.0002],[143.129,44.0006],[143.1256,44.0033],[143.1184,43.9989],[143.0989,43.9976],[143.0964,43.9959],[143.0966,43.9903],[143.0916,43.9872],[143.0931,43.9855],[143.0915,43.9827],[143.0953,43.9796],[143.1019,43.978],[143.1037,43.9722],[143.1029,43.9681],[143.1077,43.9653],[143.1079,43.9601],[143.1032,43.9574],[143.1028,43.9556],[143.0966,43.9533],[143.0952,43.9463],[143.0911,43.9407],[143.0847,43.9401],[143.0784,43.9345],[143.0724,43.9332],[143.0714,43.9305],[143.0634,43.9255],[143.0637,43.9148],[143.0553,43.9141],[143.0485,43.9067],[143.038,43.9033],[143.0338,43.895],[143.0197,43.8867],[143.0191,43.8855],[143.0226,43.8804],[143.0215,43.8774],[143.0229,43.8762],[143.0169,43.8736],[143.0213,43.8648],[143.0109,43.8614],[143.0085,43.859],[143.0129,43.8555],[143.0137,43.851],[143.018,43.8461],[143.0138,43.8442],[143.0147,43.8409],[143.0113,43.8402],[143.009,43.8373],[143.0103,43.8265],[143.0173,43.8228],[143.0245,43.816],[143.0466,43.8125],[143.0203,43.8028],[143.0137,43.7977],[143.0123,43.7943],[143.0152,43.7924],[143.0161,43.7889],[143.0143,43.7869],[143.0135,43.779],[143.0104,43.7758],[143.0072,43.7753],[143.0069,43.7683],[143.0097,43.762],[143.007,43.7598],[143.0242,43.7473],[143.0244,43.7453],[143.0339,43.749],[143.0461,43.7468],[143.0514,43.7439],[143.0636,43.7482],[143.0743,43.743],[143.0744,43.7379],[143.0799,43.7379],[143.0842,43.739],[143.0854,43.7418],[143.0899,43.7452],[143.0956,43.743],[143.1013,43.7444],[143.1054,43.7483],[143.1148,43.7507],[143.1182,43.754],[143.1311,43.7554],[143.1363,43.7542],[143.1402,43.7564],[143.1425,43.7617],[143.1454,43.7627],[143.1538,43.7634],[143.1605,43.7616],[143.1635,43.758],[143.1687,43.7557],[143.1743,43.746],[143.1745,43.7425],[143.1797,43.7351],[143.1744,43.7309],[143.1728,43.7232],[143.169,43.7213],[143.1681,43.7162],[143.1718,43.7069],[143.1816,43.7069],[143.1887,43.7019],[143.1953,43.7003],[143.209,43.7023],[143.2117,43.6994],[143.2225,43.6985],[143.2259,43.6968],[143.2277,43.6988],[143.236,43.7006],[143.2434,43.7056],[143.2528,43.7093],[143.2558,43.7213],[143.2523,43.7241],[143.2508,43.7321],[143.2489,43.7332],[143.2508,43.739],[143.2688,43.746],[143.2732,43.7541],[143.2793,43.7548],[143.2885,43.7632],[143.2963,43.763],[143.2981,43.761],[143.3037,43.7612],[143.307,43.7595],[143.3132,43.7651],[143.3098,43.7682],[143.3185,43.7697],[143.3267,43.764],[143.3303,43.7659],[143.337,43.7656],[143.3396,43.7716],[143.3504,43.7737],[143.3534,43.7729],[143.3558,43.7773],[143.3641,43.7822],[143.3616,43.7874],[143.3634,43.7901],[143.3662,43.7914],[143.3719,43.7898],[143.3757,43.7909],[143.3773,43.7939],[143.3767,43.7979],[143.3899,43.7967],[143.3937,43.7987],[143.3969,43.7957],[143.4009,43.7953],[143.409,43.7958],[143.4172,43.7985],[143.4331,43.799],[143.4398,43.8031],[143.4412,43.8068],[143.4464,43.8075],[143.4488,43.8109],[143.4567,43.8134],[143.4716,43.8119],[143.4781,43.8147],[143.4805,43.8116],[143.4882,43.8094],[143.5058,43.8143],[143.5116,43.8132],[143.5193,43.82],[143.5251,43.8197],[143.5301,43.8222],[143.5257,43.8261],[143.5283,43.828],[143.529,43.8352],[143.5326,43.8342],[143.5367,43.8385],[143.5455,43.8388],[143.547,43.8422],[143.5532,43.8453],[143.5598,43.84],[143.5719,43.8446],[143.5712,43.8489],[143.5679,43.8505],[143.5662,43.854],[143.5672,43.8564]]]]},"properties":{"zone":12,"name":"遠軽町"}},{"type":"Feature","geometry":{"type":"MultiPolygon","coordinates":[[[[143.5873,43.9893],[143.5968,43.9902],[143.6012,43.9938],[143.6134,43.9956],[143.622,43.9918],[143.6277,43.9945],[143.6378,43.9934],[143.6364,43.9909],[143.6405,43.9898],[143.642,43.9874],[143.6483,43.9881],[143.6548,43.9919],[143.6549,43.994],[143.6512,43.9979],[143.652,44],[143.6552,44.0004],[143.6573,44.0039],[143.662,44.0058],[143.6641,44.011],[143.6663,44.0124],[143.6743,44.0124],[143.6822,44.0171],[143.6909,44.0168],[143.6943,44.0128],[143.6984,44.0111],[143.7059,44.0114],[143.7115,44.0066],[143.7142,44.0086],[143.7139,44.0123],[143.716,44.015],[143.7132,44.0178],[143.714,44.0214],[143.7179,44.0297],[143.729,44.0455],[143.7298,44.0506],[143.7351,44.0552],[143.7369,44.0613],[143.7385,44.0623],[143.7426,44.0828],[143.7401,44.0885],[143.7468,44.0932],[143.7453,44.0994],[143.7469,44.102],[143.7415,44.1043],[143.7435,44.1073],[143.7426,44.1106],[143.7441,44.1138],[143.7415,44.1174],[143.7419,44.1207],[143.7757,44.1443],[143.7765,44.1847],[143.7784,44.1882],[143.7756,44.1967],[143.7751,44.2042],[143.7764,44.2205],[143.7829,44.2517],[143.7911,44.2823],[143.8283,44.3842],[143.8013,44.392],[143.7754,44.4047],[143.748,44.4151],[143.6837,44.4313],[143.558,44.2506],[143.4992,44.2149],[143.4951,44.2115],[143.4947,44.2093],[143.4887,44.2059],[143.4789,44.1923],[143.471,44.1875],[143.4694,44.1835],[143.4636,44.1812],[143.4613,44.1779],[143.4518,44.1738],[143.4453,44.1736],[143.4345,44.1673],[143.4224,44.1504],[143.4131,44.1503],[143.4163,44.1481],[143.4161,44.1436],[143.4141,44.1403],[143.4105,44.139],[143.4163,44.1205],[143.4154,44.1184],[143.4167,44.1052],[143.4108,44.102],[143.5174,44.0824],[143.5229,44.0862],[143.5235,44.0902],[143.5425,44.0969],[143.5442,44.0953],[143.5494,44.0958],[143.554,44.0942],[143.5596,44.0953],[143.5635,44.094],[143.5672,44.0965],[143.5705,44.0962],[143.5755,44.0893],[143.5801,44.0895],[143.583,44.0873],[143.5782,44.0822],[143.5792,44.0791],[143.5739,44.0741],[143.5759,44.0692],[143.5737,44.0668],[143.5756,44.0634],[143.574,44.0618],[143.5735,44.0567],[143.5751,44.0525],[143.5731,44.0474],[143.5716,44.047],[143.5724,44.0447],[143.5704,44.0407],[143.5729,44.0376],[143.5684,44.0348],[143.5671,44.0317],[143.5617,44.0289],[143.5602,44.0248],[143.5628,44.0217],[143.5637,44.0167],[143.5667,44.0136],[143.5641,44.009],[143.5678,44.0043],[143.5648,43.9999],[143.565,43.9968],[143.5741,43.9936],[143.5758,43.9951],[143.5804,43.9948],[143.5866,43.9922],[143.5873,43.9893]]]]},"properties":{"zone":12,"name":"湧別町"}},{"type":"Feature","geometry":{"type":"MultiPolygon","coordinates":[[[[142.8756,44.2288],[142.8698,44.2253],[142.8647,44.2183],[142.8667,44.2095],[142.8725,44.2038],[142.8689,44.1982],[142.8728,44.1942],[142.8681,44.1886],[142.876,44.1856],[142.8787,44.1826],[142.876,44.1796],[142.8791,44.1719],[142.8824,44.1687],[142.8821,44.1661],[142.877,44.1597],[142.8634,44.1548],[142.8567,44.1564],[142.855,44.1593],[142.8511,44.1581],[142.8417,44.1589],[142.838,44.1563],[142.8384,44.1499],[142.8432,44.1455],[142.8397,44.136],[142.8438,44.1333],[142.8417,44.1275],[142.8513,44.1226],[142.8526,44.1173],[142.8567,44.1143],[142.8562,44.1112],[142.8605,44.1087],[142.86,44.1068],[142.8564,44.1045],[142.8574,44.1015],[142.8542,44.0994],[142.8571,44.0982],[142.8568,44.0905],[142.8607,44.0872],[142.8705,44.0849],[142.8679,44.0774],[142.8604,44.0693],[142.8638,44.064],[142.8751,44.059],[142.8788,44.0517],[142.879,44.049],[142.8734,44.0473],[142.8724,44.0441],[142.8665,44.0403],[142.8677,44.037],[142.8765,44.0328],[142.8742,44.0191],[142.8898,44.0207],[142.8935,44.0136],[142.8982,44.0099],[142.8981,44.0061],[142.8943,44.0035],[142.9026,43.9897],[142.9,43.9873],[142.8994,43.9813],[142.8888,43.9764],[142.8905,43.9732],[142.8908,43.9658],[142.8867,43.9642],[142.8851,43.9572],[142.8796,43.9478],[142.8802,43.9438],[142.8918,43.9432],[142.8935,43.9403],[142.8915,43.9375],[142.8857,43.9346],[142.8862,43.9327],[142.8913,43.9301],[142.8885,43.9264],[142.8994,43.9217],[142.9113,43.9269],[142.9405,43.9275],[142.9449,43.9304],[142.9558,43.9327],[142.9583,43.9359],[142.9635,43.9377],[142.9694,43.9375],[142.9734,43.9417],[142.9816,43.9438],[142.999,43.9285],[143.0095,43.9248],[143.0123,43.9219],[143.0203,43.9223],[143.0294,43.9276],[143.0371,43.9281],[143.0417,43.9236],[143.0454,43.9234],[143.0539,43.9179],[143.0553,43.9141],[143.0637,43.9148],[143.0634,43.9255],[143.0714,43.9305],[143.0724,43.9332],[143.0784,43.9345],[143.0847,43.9401],[143.0911,43.9407],[143.0952,43.9463],[143.0966,43.9533],[143.1028,43.9556],[143.1032,43.9574],[143.1079,43.9601],[143.1077,43.9653],[143.1029,43.9681],[143.1037,43.9722],[143.1019,43.978],[143.0953,43.9796],[143.0915,43.9827],[143.0931,43.9855],[143.0916,43.9872],[143.0966,43.9903],[143.0961,43.9956],[143.0989,43.9976],[143.1184,43.9989],[143.1256,44.0033],[143.1249,44.0063],[143.1267,44.0111],[143.1347,44.0209],[143.1337,44.0284],[143.1266,44.0329],[143.1297,44.038],[143.1338,44.0397],[143.1352,44.0442],[143.1315,44.047],[143.1292,44.0552],[143.1236,44.0584],[143.1267,44.0615],[143.1343,44.0639],[143.1344,44.0664],[143.1385,44.0679],[143.1336,44.0705],[143.1337,44.0735],[143.1415,44.0795],[143.1439,44.0838],[143.1496,44.0849],[143.1504,44.0896],[143.1522,44.091],[143.1509,44.0948],[143.1519,44.099],[143.1501,44.1016],[143.1516,44.1037],[143.1487,44.1048],[143.145,44.1108],[143.1429,44.1113],[143.1411,44.1169],[143.1366,44.1175],[143.1378,44.1222],[143.1332,44.1344],[143.1417,44.1456],[143.1487,44.1464],[143.1502,44.1453],[143.1571,44.1481],[143.1576,44.1542],[143.1605,44.158],[143.1696,44.1631],[143.1672,44.165],[143.1689,44.1681],[143.1666,44.1692],[143.1665,44.172],[143.1744,44.1859],[143.1851,44.1915],[143.1867,44.1949],[143.1955,44.1983],[143.1979,44.203],[143.1941,44.215],[143.1951,44.2244],[143.1907,44.2239],[143.1712,44.2338],[143.1583,44.2337],[143.1567,44.2301],[143.1541,44.2302],[143.1502,44.2349],[143.149,44.2411],[143.1364,44.25],[143.1307,44.2583],[143.1275,44.2601],[143.1213,44.2598],[143.118,44.264],[143.1115,44.2669],[143.1066,44.2666],[143.1038,44.2756],[143.0982,44.2821],[143.0951,44.2833],[143.0954,44.2868],[143.085,44.2876],[143.0814,44.2918],[143.0723,44.2912],[143.0684,44.2886],[143.0637,44.2891],[143.0537,44.2847],[143.0518,44.2824],[143.0365,44.2776],[143.0315,44.2742],[143.0234,44.2739],[143.0065,44.2644],[142.9985,44.2628],[142.9927,44.2566],[142.9934,44.2474],[142.996,44.2434],[142.9907,44.2409],[142.9896,44.2339],[142.9806,44.2329],[142.977,44.2284],[142.9775,44.2261],[142.9707,44.2251],[142.9675,44.221],[142.9626,44.2188],[142.9448,44.2156],[142.9337,44.2203],[142.9266,44.2164],[142.9176,44.2155],[142.9171,44.2193],[142.9144,44.221],[142.9147,44.2235],[142.907,44.2292],[142.9,44.2281],[142.8926,44.2238],[142.8804,44.2255],[142.8756,44.2288]]]]},"properties":{"zone":12,"name":"滝上町"}},{"type":"Feature","geometry":{"type":"MultiPolygon","coordinates":[[[[143.1005,44.4979],[143.0992,44.496],[143.0996,44.4909],[143.0963,44.4843],[143.0853,44.4732],[143.0703,44.4674],[143.0663,44.4634],[143.0595,44.463],[143.0573,44.4607],[143.0524,44.4608],[143.0514,44.4549],[143.0449,44.4507],[143.0315,44.4528],[143.0305,44.4568],[143.0233,44.4605],[143.0158,44.4551],[143.0134,44.4562],[143.0077,44.4551],[143.0025,44.4481],[142.9932,44.4449],[142.9916,44.4426],[142.985,44.445],[142.9687,44.4426],[142.9641,44.4459],[142.9542,44.4452],[142.945,44.4515],[142.9288,44.4468],[142.9224,44.4543],[142.9214,44.4614],[142.9163,44.4644],[142.9148,44.4683],[142.9068,44.4624],[142.908,44.4585],[142.8918,44.4493],[142.8933,44.4469],[142.8919,44.444],[142.8949,44.4416],[142.8865,44.443],[142.8758,44.4368],[142.8664,44.4418],[142.8617,44.4392],[142.8614,44.4326],[142.8562,44.4302],[142.8708,44.4257],[142.8724,44.4203],[142.8786,44.4137],[142.8818,44.4135],[142.881,44.4092],[142.8912,44.3982],[142.8945,44.3971],[142.899,44.4],[142.9037,44.4],[142.9061,44.398],[142.9179,44.396],[142.9208,44.3909],[142.9285,44.3889],[142.9333,44.3851],[142.9486,44.389],[142.9553,44.3929],[142.9637,44.3926],[142.9686,44.3944],[142.9723,44.3916],[142.9835,44.3904],[143.0029,44.3968],[143.011,44.3979],[143.0323,44.3727],[143.033,44.3667],[143.0296,44.365],[143.0298,44.3624],[143.0275,44.3604],[143.0292,44.3592],[143.0291,44.3537],[143.0331,44.3515],[143.0331,44.3485],[143.0289,44.3469],[143.0256,44.341],[143.0279,44.3353],[143.0268,44.3303],[143.033,44.3271],[143.0329,44.3227],[143.0357,44.3189],[143.0354,44.3146],[143.0469,44.3124],[143.051,44.3088],[143.048,44.3039],[143.0528,44.2995],[143.0587,44.299],[143.0612,44.2965],[143.0638,44.2891],[143.0684,44.2886],[143.0723,44.2912],[143.0814,44.2918],[143.085,44.2876],[143.0882,44.2882],[143.0914,44.2865],[143.0953,44.2869],[143.0987,44.2895],[143.1051,44.2881],[143.1138,44.2914],[143.1141,44.2968],[143.1158,44.2983],[143.1132,44.303],[143.1182,44.3061],[143.1202,44.3137],[143.1265,44.3128],[143.1439,44.3163],[143.1465,44.3183],[143.145,44.3215],[143.1571,44.3247],[143.1562,44.3301],[143.1576,44.3322],[143.1606,44.3309],[143.167,44.3319],[143.1717,44.3298],[143.176,44.3337],[143.1828,44.3322],[143.1861,44.333],[143.1888,44.3302],[143.189,44.327],[143.192,44.3273],[143.198,44.3303],[143.1998,44.333],[143.2046,44.334],[143.2038,44.3384],[143.2053,44.3434],[143.2087,44.3457],[143.208,44.3482],[143.2179,44.3467],[143.226,44.3499],[143.2434,44.3511],[143.2437,44.3571],[143.2472,44.3615],[143.2471,44.3652],[143.2554,44.368],[143.2589,44.3736],[143.2751,44.3837],[143.2724,44.3928],[143.2761,44.4008],[143.2854,44.4122],[143.36,44.4884],[143.4052,44.5191],[143.454,44.5573],[143.4282,44.5788],[143.3987,44.5972],[143.366,44.6133],[143.3311,44.6257],[143.2952,44.6441],[143.1976,44.5796],[143.1653,44.56],[143.1005,44.4979]]]]},"properties":{"zone":12,"name":"興部町"}},{"type":"Feature","geometry":{"type":"MultiPolygon","coordinates":[[[[142.8756,44.2288],[142.8804,44.2255],[142.8926,44.2238],[142.9,44.2281],[142.907,44.2292],[142.9147,44.2235],[142.9144,44.221],[142.9171,44.2193],[142.9176,44.2155],[142.9266,44.2164],[142.9337,44.2203],[142.9448,44.2156],[142.9626,44.2188],[142.9675,44.221],[142.9707,44.2251],[142.9775,44.2261],[142.977,44.2284],[142.9806,44.2329],[142.9896,44.2339],[142.9907,44.2409],[142.996,44.2434],[142.9934,44.2474],[142.9927,44.2566],[142.9985,44.2628],[143.0065,44.2644],[143.0234,44.2739],[143.0315,44.2742],[143.0365,44.2776],[143.0518,44.2824],[143.0537,44.2847],[143.0638,44.2891],[143.0612,44.2965],[143.0587,44.299],[143.0528,44.2995],[143.048,44.3039],[143.051,44.3088],[143.0469,44.3124],[143.0354,44.3146],[143.0357,44.3189],[143.0329,44.3227],[143.033,44.3271],[143.0268,44.3303],[143.0279,44.3353],[143.0265,44.3362],[143.0257,44.3413],[143.0289,44.3469],[143.0331,44.3486],[143.0331,44.3515],[143.0291,44.3537],[143.0292,44.3592],[143.0275,44.3604],[143.0298,44.3624],[143.0296,44.365],[143.033,44.3667],[143.0323,44.3727],[143.011,44.3979],[143.0029,44.3968],[142.9835,44.3904],[142.9723,44.3916],[142.9686,44.3944],[142.9637,44.3926],[142.9553,44.3929],[142.9486,44.389],[142.9333,44.3851],[142.9285,44.3889],[142.9208,44.3909],[142.9179,44.396],[142.9061,44.398],[142.9033,44.4],[142.899,44.4],[142.8945,44.3971],[142.8877,44.4006],[142.8867,44.4039],[142.881,44.4092],[142.8818,44.4135],[142.8786,44.4137],[142.8735,44.419],[142.8708,44.4257],[142.8563,44.4297],[142.8621,44.4342],[142.8614,44.4379],[142.8584,44.4389],[142.8521,44.4389],[142.8404,44.4324],[142.8403,44.4298],[142.838,44.4274],[142.8249,44.4239],[142.8188,44.4191],[142.8184,44.4139],[142.8222,44.4064],[142.8259,44.4048],[142.8305,44.397],[142.8296,44.3921],[142.8231,44.3876],[142.8262,44.3842],[142.8264,44.3801],[142.8289,44.3788],[142.8261,44.3749],[142.8263,44.3698],[142.8169,44.3666],[142.8211,44.3633],[142.8152,44.3563],[142.8166,44.354],[142.8155,44.3501],[142.8129,44.348],[142.8088,44.349],[142.8025,44.3426],[142.8026,44.3314],[142.8182,44.3321],[142.8242,44.3288],[142.8232,44.3215],[142.8262,44.3176],[142.8227,44.3136],[142.8275,44.3072],[142.8238,44.305],[142.8266,44.2954],[142.8292,44.2934],[142.8272,44.2828],[142.8242,44.2791],[142.8264,44.2724],[142.8346,44.2697],[142.8446,44.2687],[142.8513,44.2627],[142.8522,44.2589],[142.8593,44.2573],[142.8619,44.2508],[142.8667,44.2484],[142.8657,44.2411],[142.8683,44.2343],[142.8756,44.2288]]]]},"properties":{"zone":12,"name":"西興部村"}},{"type":"Feature","geometry":{"type":"MultiPolygon","coordinates":[[[[142.8421,44.6871],[142.8347,44.6811],[142.8307,44.6704],[142.8253,44.6686],[142.8238,44.6642],[142.8138,44.6594],[142.8079,44.6527],[142.8025,44.6518],[142.7925,44.6434],[142.7927,44.6404],[142.7838,44.639],[142.7766,44.6402],[142.7663,44.6392],[142.7626,44.6346],[142.7541,44.637],[142.7508,44.6401],[142.7415,44.6418],[142.737,44.6388],[142.731,44.6391],[142.7169,44.6313],[142.7025,44.6301],[142.6975,44.6261],[142.6954,44.6198],[142.6844,44.6156],[142.6894,44.6099],[142.688,44.6071],[142.69,44.605],[142.6879,44.6032],[142.671,44.5977],[142.6596,44.5984],[142.6513,44.591],[142.647,44.59],[142.6444,44.5845],[142.6447,44.581],[142.6557,44.5781],[142.6571,44.5763],[142.6533,44.5726],[142.6527,44.5673],[142.6497,44.567],[142.6506,44.5646],[142.6462,44.5626],[142.636,44.5532],[142.6382,44.5488],[142.6325,44.5431],[142.6345,44.5419],[142.6342,44.5402],[142.6371,44.5393],[142.6366,44.5356],[142.643,44.5347],[142.6461,44.5306],[142.6348,44.5237],[142.6279,44.523],[142.6258,44.5181],[142.6205,44.5145],[142.6179,44.5051],[142.6183,44.5001],[142.613,44.4937],[142.6003,44.4851],[142.5967,44.4747],[142.5933,44.4726],[142.5979,44.4663],[142.5933,44.4552],[142.5846,44.4431],[142.5841,44.4337],[142.5902,44.4318],[142.6077,44.4369],[142.6201,44.4346],[142.6505,44.4377],[142.6537,44.441],[142.6548,44.4477],[142.6701,44.4555],[142.6834,44.4735],[142.6925,44.477],[142.695,44.4819],[142.7083,44.4813],[142.712,44.486],[142.7127,44.4812],[142.7167,44.4773],[142.7178,44.4722],[142.7211,44.4677],[142.7173,44.4629],[142.7209,44.4609],[142.7266,44.4613],[142.7323,44.4596],[142.7392,44.4632],[142.7453,44.4571],[142.7504,44.4549],[142.7587,44.4576],[142.758,44.461],[142.7656,44.4646],[142.7671,44.4669],[142.7765,44.4602],[142.7821,44.4614],[142.7853,44.4592],[142.7857,44.4549],[142.7894,44.4535],[142.795,44.4563],[142.8074,44.4583],[142.8129,44.4585],[142.8212,44.4547],[142.8284,44.4584],[142.8322,44.4571],[142.8484,44.4599],[142.8491,44.4585],[142.8402,44.4468],[142.8477,44.4397],[142.8513,44.4383],[142.8614,44.4379],[142.8625,44.4403],[142.8671,44.4419],[142.8762,44.4369],[142.8865,44.443],[142.8949,44.4416],[142.8919,44.444],[142.8933,44.4469],[142.8918,44.4493],[142.908,44.4585],[142.9068,44.4624],[142.9148,44.4683],[142.9163,44.4644],[142.9214,44.4614],[142.9224,44.4543],[142.9288,44.4468],[142.945,44.4515],[142.9542,44.4452],[142.9641,44.4459],[142.9687,44.4426],[142.985,44.445],[142.9916,44.4426],[142.9932,44.4449],[143.0025,44.4481],[143.0077,44.4551],[143.0134,44.4562],[143.0158,44.4551],[143.0233,44.4605],[143.0305,44.4568],[143.0315,44.4528],[143.0449,44.4507],[143.0514,44.4549],[143.0524,44.4608],[143.0573,44.4607],[143.0595,44.463],[143.0663,44.4634],[143.0703,44.4674],[143.0853,44.4732],[143.0963,44.4843],[143.0996,44.4909],[143.0992,44.496],[143.1005,44.4979],[143.1653,44.56],[143.1976,44.5796],[143.2952,44.6441],[143.2732,44.6641],[143.2481,44.6819],[143.2234,44.6958],[143.1907,44.7096],[143.1446,44.7555],[143.127,44.7694],[143.0835,44.7988],[143.0624,44.8157],[142.9254,44.7343],[142.9036,44.7233],[142.8527,44.6899],[142.8421,44.6871]]]]},"properties":{"zone":12,"name":"雄武町"}},{"type":"Feature","geometry":{"type":"MultiPolygon","coordinates":[[[[143.7757,44.1443],[143.911,44.1259],[143.9505,44.0909],[143.9667,44.085],[143.9532,44.066],[143.9459,44.0586],[143.9476,44.0572],[143.9476,44.0529],[143.9462,44.0515],[143.9528,44.0478],[143.9553,44.0406],[143.9525,44.039],[143.9524,44.0362],[143.9438,44.0348],[143.9386,44.0306],[143.9385,44.0279],[143.9344,44.0236],[143.934,44.0185],[143.9308,44.0168],[143.9304,44.0137],[143.9257,44.0111],[143.9161,44.01],[143.9119,44.0078],[143.9066,44.004],[143.908,43.9999],[143.9001,43.9958],[143.8963,43.9983],[143.8935,43.9975],[143.889,43.9899],[143.878,43.9814],[143.8721,43.9788],[143.8615,43.9767],[143.8439,43.9805],[143.8412,43.9837],[143.8415,43.9861],[143.8338,43.9849],[143.8325,43.9832],[143.827,43.9832],[143.8144,43.9881],[143.8087,43.9843],[143.8086,43.982],[143.8038,43.9806],[143.8031,43.9778],[143.7936,43.9839],[143.7894,43.9802],[143.7824,43.9785],[143.7806,43.9753],[143.7852,43.9704],[143.7795,43.9607],[143.7748,43.956],[143.7715,43.9555],[143.7715,43.9527],[143.7688,43.9515],[143.7629,43.9521],[143.7553,43.9549],[143.7527,43.9584],[143.7464,43.9558],[143.748,43.9528],[143.7478,43.9456],[143.7508,43.9438],[143.7497,43.9313],[143.7569,43.9292],[143.7556,43.9242],[143.7579,43.9201],[143.7567,43.9178],[143.75,43.9153],[143.7506,43.9127],[143.7399,43.9081],[143.7377,43.9044],[143.7308,43.903],[143.7275,43.9003],[143.7273,43.8951],[143.7208,43.8883],[143.72,43.8787],[143.7146,43.8769],[143.7117,43.8776],[143.7069,43.8749],[143.7009,43.8751],[143.6959,43.8788],[143.6954,43.8816],[143.69,43.8862],[143.6901,43.8916],[143.6814,43.8942],[143.681,43.8997],[143.678,43.9047],[143.6746,43.9043],[143.6738,43.9069],[143.6699,43.9084],[143.6738,43.912],[143.6723,43.9162],[143.6753,43.9197],[143.6864,43.922],[143.686,43.9257],[143.6803,43.927],[143.6741,43.9225],[143.666,43.9252],[143.664,43.9232],[143.6517,43.9208],[143.6456,43.9242],[143.6503,43.9303],[143.6416,43.9328],[143.6405,43.9353],[143.6422,43.9379],[143.6401,43.9385],[143.6379,43.942],[143.6298,43.9366],[143.6167,43.9337],[143.6062,43.9393],[143.6035,43.943],[143.604,43.9477],[143.5967,43.9477],[143.5908,43.9457],[143.5878,43.9469],[143.5908,43.9375],[143.5904,43.935],[143.5886,43.9346],[143.5895,43.9326],[143.5861,43.931],[143.5907,43.9263],[143.5844,43.9227],[143.5838,43.9157],[143.5864,43.9094],[143.5873,43.8965],[143.5832,43.8955],[143.5834,43.887],[143.5771,43.8813],[143.5699,43.8792],[143.5669,43.8758],[143.5686,43.873],[143.5677,43.8664],[143.5691,43.8611],[143.5655,43.8582],[143.5678,43.8558],[143.5661,43.8542],[143.5678,43.8506],[143.5706,43.8496],[143.5722,43.8467],[143.5719,43.8446],[143.5598,43.84],[143.5532,43.8453],[143.547,43.8422],[143.5455,43.8388],[143.5367,43.8385],[143.5326,43.8342],[143.529,43.8352],[143.5283,43.828],[143.5257,43.8261],[143.5301,43.8222],[143.5251,43.8197],[143.5193,43.82],[143.5116,43.8132],[143.5058,43.8143],[143.4882,43.8094],[143.4805,43.8116],[143.4781,43.8147],[143.4716,43.8119],[143.4567,43.8134],[143.4488,43.8109],[143.4464,43.8075],[143.4412,43.8068],[143.4398,43.8031],[143.4331,43.799],[143.4172,43.7985],[143.409,43.7958],[143.4009,43.7953],[143.3969,43.7957],[143.3937,43.7987],[143.3899,43.7967],[143.3767,43.7979],[143.3773,43.7939],[143.3757,43.7909],[143.3719,43.7898],[143.3662,43.7914],[143.3634,43.7901],[143.3616,43.7874],[143.3641,43.7822],[143.3558,43.7773],[143.3534,43.7729],[143.3504,43.7737],[143.3396,43.7716],[143.337,43.7656],[143.3303,43.7659],[143.3267,43.764],[143.3185,43.7697],[143.3098,43.7682],[143.3132,43.7651],[143.307,43.7595],[143.3037,43.7612],[143.2981,43.761],[143.2963,43.763],[143.2891,43.7635],[143.2793,43.7548],[143.2732,43.7541],[143.2688,43.746],[143.2509,43.7391],[143.2489,43.7332],[143.2508,43.7321],[143.2523,43.7241],[143.2558,43.7213],[143.2529,43.7094],[143.236,43.7006],[143.2277,43.6988],[143.226,43.6968],[143.2225,43.6985],[143.2117,43.6994],[143.209,43.7023],[143.1955,43.7003],[143.1905,43.7011],[143.1812,43.7069],[143.1613,43.7063],[143.1544,43.6984],[143.151,43.6969],[143.1467,43.6906],[143.148,43.6877],[143.1459,43.6841],[143.1459,43.6805],[143.1396,43.6768],[143.142,43.6682],[143.1475,43.6675],[143.1479,43.665],[143.1526,43.6648],[143.1644,43.6574],[143.1648,43.6555],[143.1625,43.6524],[143.1704,43.649],[143.172,43.6457],[143.1717,43.6417],[143.1742,43.6401],[143.1731,43.6374],[143.1646,43.6345],[143.164,43.6324],[143.1555,43.6286],[143.1494,43.617],[143.1365,43.6079],[143.1363,43.5997],[143.1421,43.5953],[143.1468,43.5954],[143.1544,43.5915],[143.159,43.5938],[143.173,43.5949],[143.1745,43.601],[143.181,43.603],[143.1872,43.6076],[143.1846,43.6113],[143.1814,43.6107],[143.1801,43.6128],[143.1882,43.6245],[143.2088,43.6302],[143.2294,43.6408],[143.2549,43.6401],[143.2577,43.6461],[143.2632,43.6477],[143.2734,43.6463],[143.2819,43.6516],[143.2931,43.6537],[143.3017,43.6519],[143.3175,43.6448],[143.3298,43.6438],[143.3361,43.6452],[143.3378,43.6408],[143.3464,43.6406],[143.3481,43.6379],[143.3513,43.6379],[143.3541,43.6426],[143.3679,43.6451],[143.3741,43.648],[143.3769,43.6514],[143.3778,43.6558],[143.3836,43.654],[143.39,43.6554],[143.3936,43.661],[143.4021,43.6661],[143.4042,43.6708],[143.4034,43.6741],[143.4107,43.6675],[143.422,43.6646],[143.4261,43.6687],[143.4254,43.6724],[143.4309,43.6765],[143.4278,43.6794],[143.4314,43.6832],[143.4296,43.6881],[143.4332,43.6927],[143.4364,43.6938],[143.4524,43.6928],[143.4539,43.6972],[143.4589,43.6992],[143.4736,43.7009],[143.492,43.6988],[143.508,43.7051],[143.5255,43.706],[143.5267,43.7072],[143.5221,43.7119],[143.5277,43.7219],[143.5264,43.7278],[143.5298,43.7306],[143.5286,43.7395],[143.5324,43.741],[143.5346,43.7445],[143.5478,43.7413],[143.5868,43.7621],[143.606,43.7599],[143.61,43.756],[143.6152,43.7587],[143.6254,43.7577],[143.66,43.776],[143.6652,43.7754],[143.6729,43.7703],[143.6825,43.7699],[143.6857,43.7715],[143.6858,43.773],[143.6882,43.7727],[143.6911,43.7754],[143.6969,43.7752],[143.6986,43.7775],[143.7962,43.7838],[143.8034,43.7273],[143.7983,43.7194],[143.7986,43.717],[143.7888,43.6952],[143.7913,43.6924],[143.8023,43.6873],[143.8018,43.6836],[143.8071,43.6813],[143.8057,43.6789],[143.8068,43.676],[143.8104,43.6718],[143.8129,43.6716],[143.8167,43.6721],[143.818,43.6748],[143.8166,43.6772],[143.8211,43.6806],[143.8198,43.6828],[143.8226,43.6859],[143.8258,43.6861],[143.8346,43.6944],[143.8389,43.6936],[143.8418,43.6954],[143.8439,43.6993],[143.843,43.7014],[143.853,43.7039],[143.8573,43.7093],[143.877,43.7072],[143.8904,43.7016],[143.8932,43.7038],[143.8983,43.7047],[143.8983,43.7072],[143.9004,43.7076],[143.9037,43.7142],[143.9018,43.7191],[143.906,43.7238],[143.9072,43.7284],[143.9097,43.7287],[143.9132,43.733],[143.9114,43.7395],[143.9242,43.7494],[143.9412,43.7558],[143.9446,43.7604],[143.939,43.7656],[143.9453,43.7716],[143.9451,43.7739],[143.9469,43.7754],[143.9512,43.7758],[143.9554,43.771],[143.9585,43.7708],[143.96,43.766],[143.9662,43.7658],[143.9682,43.7634],[143.9724,43.7689],[143.9722,43.772],[143.974,43.7743],[143.9724,43.7773],[143.9736,43.78],[143.9725,43.7822],[143.9763,43.7827],[143.9825,43.7908],[143.9816,43.7952],[143.9897,43.7985],[143.9935,43.8029],[143.9923,43.8066],[143.9949,43.8095],[143.9888,43.8114],[143.9888,43.8128],[143.9927,43.8166],[143.999,43.8164],[144.0037,43.8185],[144.0011,43.8229],[144.0082,43.8298],[144.0129,43.8378],[144.0109,43.8417],[144.0135,43.8457],[144.0114,43.8484],[144.0117,43.851],[144.0189,43.8533],[144.0213,43.8567],[144.0283,43.8596],[144.0254,43.8654],[144.0447,43.8747],[144.054,43.8764],[144.0571,43.8803],[144.0563,43.8832],[144.0539,43.8844],[144.0537,43.8871],[144.0485,43.89],[144.0465,43.8939],[144.0585,43.9062],[144.062,43.9066],[144.0608,43.9085],[144.0637,43.9124],[144.0617,43.9141],[144.0637,43.9213],[144.0623,43.9222],[144.0481,43.9202],[144.0442,43.9176],[144.0406,43.9175],[144.0368,43.923],[144.0327,43.9252],[144.0337,43.9306],[144.0293,43.9358],[144.0308,43.9433],[144.0289,43.9453],[144.0218,43.9466],[144.0195,43.9534],[144.0263,43.957],[144.0231,43.959],[144.0228,43.9638],[144.0297,43.9647],[144.0349,43.9672],[144.0379,43.966],[144.0387,43.9695],[144.0484,43.9733],[144.0451,43.9763],[144.0446,43.9781],[144.0462,43.9796],[144.0447,43.9818],[144.0457,43.9834],[144.0534,43.9855],[144.0543,43.9891],[144.0518,43.9974],[144.0493,44.0004],[144.0506,44.0022],[144.0466,44.0102],[144.0431,44.0129],[144.0378,44.0125],[144.0314,44.0155],[144.0366,44.0242],[144.0427,44.0248],[144.0456,44.0295],[144.0452,44.0318],[144.0497,44.0334],[144.0476,44.0342],[144.047,44.0368],[144.0497,44.0396],[144.0476,44.0454],[144.05,44.047],[144.0507,44.0529],[144.0457,44.0617],[144.0577,44.0694],[144.0573,44.0741],[144.0588,44.0764],[144.0675,44.0803],[144.0652,44.0837],[144.0706,44.0887],[144.0709,44.091],[144.0735,44.0916],[144.0737,44.095],[144.0796,44.0953],[144.0828,44.0983],[144.0825,44.1007],[144.0871,44.1008],[144.0855,44.1045],[144.0878,44.107],[144.0877,44.1095],[144.0913,44.1122],[144.0963,44.1098],[144.0968,44.1116],[144.1017,44.1129],[144.1116,44.1097],[144.1206,44.1096],[144.1332,44.1398],[144.1566,44.1633],[144.1902,44.2072],[144.2124,44.3119],[144.1909,44.3181],[144.1514,44.3255],[144.1063,44.3288],[144.0698,44.3276],[144.0232,44.3355],[143.9342,44.3554],[143.9091,44.3656],[143.8829,44.3738],[143.856,44.38],[143.8283,44.3842],[143.7911,44.2823],[143.7829,44.2517],[143.7764,44.2205],[143.7751,44.2042],[143.7756,44.1967],[143.7784,44.1882],[143.7765,44.1847],[143.7757,44.1443]]]]},"properties":{"zone":13,"name":"北見市"}},{"type":"Feature","geometry":{"type":"MultiPolygon","coordinates":[[[[144.2124,44.3119],[144.1902,44.2072],[144.1566,44.1633],[144.1332,44.1398],[144.1206,44.1096],[144.1116,44.1097],[144.1017,44.1129],[144.0968,44.1116],[144.0963,44.1098],[144.0913,44.1122],[144.0877,44.1095],[144.0878,44.107],[144.0855,44.1045],[144.0871,44.1008],[144.0825,44.1007],[144.0828,44.0983],[144.0796,44.0953],[144.0737,44.095],[144.0735,44.0916],[144.0709,44.091],[144.0706,44.0887],[144.0652,44.0837],[144.0675,44.0803],[144.0588,44.0764],[144.0573,44.0741],[144.0577,44.0694],[144.0457,44.0617],[144.0507,44.0529],[144.05,44.047],[144.0476,44.0454],[144.0497,44.0396],[144.047,44.0368],[144.0476,44.0342],[144.0497,44.0334],[144.0452,44.0318],[144.0456,44.0295],[144.0427,44.0248],[144.0366,44.0242],[144.0314,44.0155],[144.0378,44.0125],[144.0431,44.0129],[144.0466,44.0102],[144.0506,44.0022],[144.0493,44.0004],[144.0518,43.9974],[144.0543,43.9891],[144.0534,43.9855],[144.0457,43.9834],[144.0447,43.9818],[144.0462,43.9796],[144.0446,43.9781],[144.0451,43.9763],[144.0484,43.9733],[144.0387,43.9695],[144.0379,43.966],[144.0349,43.9672],[144.0228,43.9637],[144.0231,43.959],[144.0263,43.957],[144.0196,43.9537],[144.0207,43.948],[144.0308,43.9433],[144.0293,43.9357],[144.0337,43.9306],[144.0327,43.9251],[144.0368,43.923],[144.0406,43.9175],[144.0428,43.9174],[144.0478,43.9202],[144.066,43.9226],[144.0751,43.9359],[144.0808,43.9372],[144.0819,43.9392],[144.089,43.9394],[144.0908,43.9438],[144.0959,43.9394],[144.1032,43.939],[144.115,43.9362],[144.1183,43.9338],[144.1259,43.9328],[144.1266,43.9372],[144.1732,43.968],[144.2004,43.9598],[144.2051,43.9535],[144.2078,43.9544],[144.2106,43.9518],[144.211,43.9502],[144.2077,43.9481],[144.2095,43.9409],[144.2112,43.9409],[144.2132,43.9375],[144.2235,43.934],[144.2234,43.9292],[144.2297,43.925],[144.2321,43.9204],[144.2353,43.9183],[144.2377,43.9087],[144.2414,43.9076],[144.239,43.9031],[144.2442,43.9015],[144.2559,43.8832],[144.2626,43.8691],[144.2872,43.8746],[144.2919,43.8704],[144.3047,43.8733],[144.2999,43.884],[144.2962,43.8852],[144.3013,43.8941],[144.3779,43.8711],[144.3725,43.8618],[144.3748,43.8611],[144.3823,43.8445],[144.3666,43.8407],[144.3645,43.8307],[144.3665,43.8207],[144.3836,43.791],[144.3818,43.7868],[144.3764,43.7827],[144.375,43.7765],[144.3884,43.7835],[144.3876,43.7914],[144.3916,43.8005],[144.3888,43.8053],[144.3885,43.8099],[144.3824,43.8184],[144.3833,43.8227],[144.3873,43.8251],[144.3898,43.8373],[144.394,43.8404],[144.391,43.8463],[144.3923,43.848],[144.3908,43.8494],[144.3916,43.8522],[144.3943,43.8541],[144.3989,43.8549],[144.4043,43.8536],[144.41,43.8561],[144.4075,43.8661],[144.4194,43.8756],[144.4224,43.8802],[144.4227,43.8862],[144.4276,43.8916],[144.4286,43.8986],[144.4272,43.9039],[144.429,43.9114],[144.4335,43.9186],[144.4293,43.9239],[144.4292,43.9299],[144.4278,43.9312],[144.3878,43.9382],[144.3629,43.9484],[144.3605,43.9505],[144.3597,43.9539],[144.363,43.9558],[144.3923,44.0011],[144.4145,44.0405],[144.44,44.0571],[144.5073,44.1111],[144.5312,44.1268],[144.5297,44.133],[144.5206,44.1573],[144.5077,44.1849],[144.4886,44.2125],[144.4727,44.2296],[144.4547,44.2451],[144.4138,44.2717],[144.3912,44.2829],[144.3674,44.2923],[144.3178,44.306],[144.2656,44.3126],[144.2124,44.3119]]]]},"properties":{"zone":13,"name":"網走市"}},{"type":"Feature","geometry":{"type":"MultiPolygon","coordinates":[[[[144.0037,43.8185],[143.999,43.8164],[143.9927,43.8166],[143.9888,43.8128],[143.9888,43.8114],[143.9949,43.8095],[143.9923,43.8066],[143.9935,43.8029],[143.9897,43.7985],[143.9816,43.7952],[143.9825,43.7908],[143.9763,43.7827],[143.9725,43.7822],[143.9736,43.78],[143.9724,43.7773],[143.974,43.7743],[143.9722,43.772],[143.9724,43.7689],[143.9683,43.7635],[143.9662,43.7658],[143.96,43.766],[143.9585,43.7708],[143.9554,43.771],[143.9512,43.7758],[143.947,43.7755],[143.9451,43.7739],[143.9453,43.7716],[143.939,43.7656],[143.9446,43.7604],[143.9412,43.7558],[143.9193,43.7462],[143.9114,43.7395],[143.9118,43.7345],[143.9193,43.7324],[143.9245,43.7332],[143.9301,43.7283],[143.9385,43.7264],[143.9425,43.7234],[143.953,43.7304],[143.9571,43.7274],[143.9643,43.7267],[143.9715,43.7312],[143.9792,43.7275],[143.9896,43.7298],[143.9939,43.7291],[143.9983,43.7319],[144.0076,43.7289],[144.0209,43.7359],[144.0283,43.745],[144.0392,43.7504],[144.0514,43.7629],[144.0541,43.7631],[144.0557,43.7678],[144.0699,43.763],[144.0831,43.7533],[144.0961,43.7383],[144.0908,43.7357],[144.1009,43.7232],[144.0991,43.7206],[144.1088,43.7079],[144.1126,43.7069],[144.1121,43.7035],[144.1153,43.7032],[144.114,43.6965],[144.1151,43.6944],[144.1211,43.6933],[144.1293,43.6851],[144.1249,43.6778],[144.1231,43.6699],[144.1266,43.666],[144.1254,43.663],[144.123,43.6619],[144.1249,43.6558],[144.1213,43.6491],[144.1223,43.645],[144.1261,43.6445],[144.1323,43.6358],[144.1372,43.6329],[144.1385,43.6265],[144.1467,43.6257],[144.1515,43.6277],[144.1529,43.6272],[144.1529,43.6252],[144.1565,43.6248],[144.1589,43.6277],[144.163,43.6249],[144.1689,43.6252],[144.176,43.6209],[144.1785,43.6171],[144.184,43.6144],[144.1878,43.6072],[144.1993,43.6075],[144.2134,43.598],[144.2177,43.599],[144.2233,43.605],[144.2224,43.6117],[144.2244,43.6213],[144.2261,43.6229],[144.2271,43.6292],[144.2307,43.6337],[144.2431,43.6399],[144.2446,43.644],[144.2482,43.6455],[144.2483,43.6485],[144.2594,43.6537],[144.2639,43.6595],[144.2694,43.662],[144.2709,43.6665],[144.2783,43.6673],[144.273,43.6755],[144.275,43.6821],[144.2807,43.6861],[144.3025,43.6905],[144.3234,43.7033],[144.3319,43.7049],[144.3285,43.709],[144.3256,43.7079],[144.3175,43.7089],[144.3116,43.7053],[144.2809,43.7071],[144.2734,43.7085],[144.2629,43.7154],[144.2615,43.7201],[144.253,43.7309],[144.2532,43.7333],[144.247,43.7472],[144.2463,43.7578],[144.2487,43.7661],[144.2457,43.7747],[144.2404,43.7825],[144.2378,43.7825],[144.2341,43.7864],[144.2363,43.7911],[144.2361,43.7998],[144.2335,43.8016],[144.2253,43.8019],[144.2223,43.7999],[144.2195,43.8012],[144.2141,43.8146],[144.217,43.8181],[144.2169,43.8223],[144.2125,43.8257],[144.2058,43.8268],[144.1971,43.8338],[144.1944,43.8403],[144.1862,43.843],[144.184,43.8461],[144.191,43.8525],[144.1913,43.8555],[144.1312,43.8741],[144.1298,43.871],[144.127,43.8707],[144.1229,43.8662],[144.1157,43.863],[144.1111,43.8574],[144.1056,43.856],[144.1032,43.8573],[144.0958,43.8573],[144.0926,43.8594],[144.0939,43.8653],[144.0858,43.8748],[144.0862,43.8786],[144.084,43.8817],[144.0842,43.8844],[144.0752,43.8874],[144.0702,43.8935],[144.0676,43.8925],[144.0657,43.8893],[144.0586,43.8892],[144.0577,43.8874],[144.0553,43.8889],[144.0524,43.8878],[144.0571,43.8803],[144.0541,43.8764],[144.0447,43.8747],[144.0259,43.8658],[144.0251,43.864],[144.0283,43.8596],[144.0213,43.8567],[144.0189,43.8533],[144.0117,43.851],[144.0114,43.8484],[144.0135,43.8457],[144.0109,43.8417],[144.0129,43.8378],[144.0082,43.8298],[144.0011,43.8229],[144.0037,43.8185]]]]},"properties":{"zone":13,"name":"美幌町"}},{"type":"Feature","geometry":{"type":"MultiPolygon","coordinates":[[[[144.0908,43.7357],[144.0961,43.7383],[144.083,43.7535],[144.0699,43.763],[144.0557,43.7678],[144.0541,43.7631],[144.0514,43.7629],[144.0392,43.7504],[144.0283,43.745],[144.0209,43.7359],[144.0077,43.7289],[143.9983,43.7319],[143.9939,43.7291],[143.9896,43.7298],[143.9792,43.7275],[143.9715,43.7312],[143.9643,43.7267],[143.9571,43.7274],[143.953,43.7304],[143.9425,43.7234],[143.9385,43.7264],[143.9301,43.7283],[143.9243,43.7333],[143.9194,43.7324],[143.9133,43.7337],[143.9097,43.7287],[143.9072,43.7284],[143.906,43.7238],[143.9017,43.719],[143.9037,43.7142],[143.9004,43.7076],[143.8983,43.7072],[143.8983,43.7047],[143.8932,43.7038],[143.8904,43.7016],[143.877,43.7072],[143.8573,43.7093],[143.853,43.7039],[143.843,43.7014],[143.8439,43.6993],[143.8418,43.6954],[143.8389,43.6936],[143.8346,43.6944],[143.8258,43.6861],[143.8226,43.6859],[143.8198,43.6828],[143.8211,43.6806],[143.8166,43.6772],[143.818,43.6748],[143.8165,43.6719],[143.8218,43.6689],[143.8262,43.6694],[143.8341,43.6639],[143.8312,43.662],[143.8325,43.6579],[143.8316,43.6557],[143.8279,43.6522],[143.824,43.652],[143.8225,43.6471],[143.8204,43.6456],[143.8048,43.6477],[143.7973,43.6459],[143.7911,43.6398],[143.7874,43.6406],[143.7851,43.6441],[143.7789,43.643],[143.7805,43.6377],[143.7784,43.6363],[143.7784,43.6342],[143.7757,43.6331],[143.7793,43.6315],[143.7788,43.6263],[143.7746,43.6231],[143.7748,43.6162],[143.7761,43.6139],[143.7814,43.6117],[143.7827,43.6078],[143.7885,43.6056],[143.7894,43.6011],[143.787,43.6],[143.7912,43.5981],[143.7905,43.5961],[143.7923,43.5933],[143.7909,43.5916],[143.7996,43.5896],[143.8046,43.5833],[143.82,43.5798],[143.8246,43.566],[143.837,43.5497],[143.842,43.5495],[143.8454,43.5472],[143.8457,43.5447],[143.8487,43.5451],[143.8527,43.5429],[143.856,43.538],[143.8695,43.5313],[143.8704,43.5291],[143.874,43.5303],[143.8767,43.5279],[143.8769,43.523],[143.8847,43.522],[143.8908,43.5284],[143.8947,43.5285],[143.8976,43.5314],[143.9092,43.5285],[143.9091,43.5269],[143.9151,43.5221],[143.9184,43.5228],[143.9217,43.5196],[143.9281,43.5193],[143.9308,43.5118],[143.9283,43.5072],[143.9284,43.504],[143.9436,43.5013],[143.9402,43.4899],[143.9576,43.4828],[143.9592,43.4796],[143.9553,43.4755],[143.9599,43.4727],[143.9772,43.4717],[143.9961,43.4652],[144.0203,43.461],[144.0398,43.4641],[144.0449,43.4702],[144.0512,43.4696],[144.0648,43.4748],[144.0716,43.4747],[144.0724,43.4828],[144.0781,43.4906],[144.0731,43.4937],[144.0714,43.5018],[144.0778,43.5077],[144.0823,43.5151],[144.089,43.5147],[144.0954,43.5166],[144.1043,43.513],[144.1111,43.5124],[144.1151,43.514],[144.1226,43.5118],[144.129,43.514],[144.1326,43.5171],[144.1342,43.5264],[144.1399,43.5308],[144.1445,43.531],[144.1483,43.528],[144.1638,43.5253],[144.1682,43.5205],[144.1753,43.5171],[144.1804,43.5103],[144.1899,43.5216],[144.1971,43.5253],[144.2012,43.5252],[144.2055,43.5211],[144.2161,43.5201],[144.2197,43.5172],[144.2262,43.5266],[144.23,43.5277],[144.2332,43.532],[144.2326,43.5395],[144.2354,43.5451],[144.2323,43.5546],[144.2352,43.5604],[144.2271,43.5644],[144.2261,43.5708],[144.2294,43.5732],[144.2228,43.5785],[144.2206,43.586],[144.218,43.5887],[144.2168,43.5949],[144.2177,43.599],[144.2139,43.5979],[144.2109,43.5991],[144.1992,43.6075],[144.1878,43.6072],[144.184,43.6144],[144.1785,43.6171],[144.176,43.6209],[144.1689,43.6252],[144.163,43.6249],[144.1589,43.6277],[144.1565,43.6248],[144.1529,43.6252],[144.1529,43.6272],[144.1515,43.6277],[144.1467,43.6257],[144.1384,43.6266],[144.1372,43.6288],[144.1387,43.6306],[144.1372,43.6329],[144.1323,43.6358],[144.1261,43.6445],[144.1223,43.645],[144.1213,43.6488],[144.1249,43.6557],[144.123,43.6619],[144.1254,43.663],[144.1266,43.666],[144.1231,43.67],[144.1249,43.6778],[144.1293,43.6851],[144.1211,43.6933],[144.1152,43.6943],[144.114,43.6965],[144.1153,43.7032],[144.1121,43.7035],[144.1126,43.7069],[144.1088,43.7079],[144.0991,43.7206],[144.1009,43.7232],[144.0908,43.7357]]]]},"properties":{"zone":13,"name":"津別町"}},{"type":"Feature","geometry":{"type":"MultiPolygon","coordinates":[[[[145.4477,44.5271],[145.4115,44.5368],[145.3754,44.5427],[145.3458,44.5448],[145.3169,44.5449],[145.275,44.5411],[145.2484,44.5364],[145.2105,44.5259],[145.1756,44.5121],[145.1339,44.4891],[145.1148,44.4762],[145.0978,44.4623],[145.0828,44.4475],[145.0431,44.4023],[145.0219,44.3869],[145.0032,44.3699],[144.9866,44.3519],[144.9727,44.3332],[144.9419,44.3171],[144.879,44.2753],[144.8512,44.2616],[144.826,44.2466],[144.803,44.2294],[144.7783,44.2079],[144.7519,44.1931],[144.7284,44.1763],[144.7075,44.1574],[144.6902,44.1376],[144.6582,44.119],[144.6232,44.117],[144.5897,44.1194],[144.5542,43.9213],[144.5573,43.8806],[144.6164,43.8834],[144.619,43.8549],[144.6222,43.8554],[144.6242,43.8336],[144.6546,43.8217],[144.7175,43.7659],[144.7178,43.7638],[144.7225,43.7618],[144.7284,43.7626],[144.7461,43.7607],[144.753,43.7578],[144.7608,43.757],[144.7961,43.7629],[144.7975,43.7656],[144.802,43.7659],[144.8102,43.7748],[144.805,43.7777],[144.8076,43.7808],[144.8118,43.7818],[144.8076,43.7874],[144.8148,43.7904],[144.816,43.7959],[144.8233,43.7961],[144.8274,43.7943],[144.8306,43.7994],[144.839,43.7995],[144.8381,43.7966],[144.8439,43.7867],[144.8495,43.7864],[144.8528,43.789],[144.8581,43.786],[144.8608,43.7871],[144.8631,43.793],[144.8675,43.798],[144.8665,43.8015],[144.8639,43.8032],[144.8654,43.8074],[144.8636,43.8128],[144.8718,43.821],[144.8759,43.8198],[144.8796,43.8224],[144.877,43.8319],[144.8848,43.8327],[144.8905,43.8357],[144.8959,43.8395],[144.8966,43.8451],[144.8996,43.8457],[144.9051,43.8503],[144.9019,43.862],[144.9051,43.8671],[144.8891,43.8698],[144.8767,43.8767],[144.8857,43.8807],[144.8881,43.8834],[144.8934,43.8838],[144.8969,43.8868],[144.8999,43.891],[144.901,43.8963],[144.9056,43.8986],[144.9059,43.9026],[144.9038,43.9039],[144.905,43.9056],[144.9166,43.907],[144.9177,43.91],[144.9161,43.912],[144.9229,43.916],[144.9229,43.9188],[144.9322,43.9177],[144.9394,43.9216],[144.9409,43.9203],[144.9533,43.9211],[144.9556,43.9199],[144.9649,43.9221],[144.9731,43.9269],[144.9763,43.9264],[144.9768,43.93],[144.9821,43.9329],[144.982,43.9358],[144.9855,43.9392],[144.992,43.9405],[144.9957,43.943],[144.9963,43.9452],[145.0032,43.947],[144.9969,43.9551],[144.9977,43.9616],[144.996,43.963],[144.9952,43.968],[145.0039,43.9755],[145.0053,43.9838],[145.0108,43.9888],[145.0155,43.9976],[145.022,44.0012],[145.026,44.0063],[145.0401,44.005],[145.0432,44.0088],[145.0494,44.008],[145.0507,44.0214],[145.055,44.0231],[145.0576,44.0367],[145.0598,44.0395],[145.0683,44.0438],[145.0773,44.043],[145.0861,44.0444],[145.0888,44.0428],[145.1011,44.0489],[145.1059,44.0555],[145.1133,44.058],[145.1211,44.0751],[145.1389,44.0901],[145.1412,44.0952],[145.141,44.0997],[145.1434,44.1041],[145.1482,44.1079],[145.1495,44.1119],[145.1603,44.1118],[145.1626,44.1132],[145.1667,44.1164],[145.1658,44.1183],[145.1688,44.1244],[145.1794,44.128],[145.1818,44.1331],[145.1801,44.1357],[145.1821,44.1372],[145.2011,44.1411],[145.2072,44.1449],[145.2178,44.1467],[145.2213,44.1501],[145.2237,44.1557],[145.2344,44.1574],[145.2355,44.1599],[145.2404,44.162],[145.2429,44.1614],[145.2454,44.1645],[145.2543,44.1653],[145.259,44.1677],[145.2723,44.1676],[145.2741,44.1688],[145.2738,44.1719],[145.2709,44.1755],[145.2717,44.1779],[145.2875,44.1853],[145.2832,44.1892],[145.2791,44.1895],[145.2824,44.1926],[145.2854,44.1995],[145.281,44.2012],[145.2807,44.206],[145.2769,44.2059],[145.2788,44.2174],[145.2773,44.2196],[145.2801,44.2252],[145.2874,44.2281],[145.2865,44.2325],[145.2905,44.2338],[145.2942,44.2401],[145.303,44.2469],[145.3032,44.2491],[145.3,44.2529],[145.3042,44.2552],[145.3086,44.2536],[145.3114,44.2546],[145.318,44.2654],[145.3197,44.2658],[145.3198,44.2715],[145.3175,44.2746],[145.3208,44.277],[145.3213,44.282],[145.3173,44.2872],[145.3223,44.2972],[145.3224,44.3038],[145.3264,44.3054],[145.3285,44.3093],[145.3266,44.3123],[145.3278,44.3181],[145.3251,44.3203],[145.3258,44.3255],[145.3304,44.3346],[145.3376,44.3413],[145.3467,44.3593],[145.4477,44.5271]]]]},"properties":{"zone":13,"name":"斜里町"}},{"type":"Feature","geometry":{"type":"MultiPolygon","coordinates":[[[[144.5301,43.6151],[144.5301,43.6118],[144.5347,43.6089],[144.5398,43.6078],[144.5427,43.6111],[144.5463,43.6112],[144.5485,43.6129],[144.5628,43.6082],[144.5706,43.6007],[144.579,43.6028],[144.5928,43.6091],[144.5917,43.619],[144.6009,43.6199],[144.6137,43.6344],[144.6269,43.6337],[144.632,43.6303],[144.6339,43.6249],[144.6369,43.6237],[144.6415,43.625],[144.6423,43.6285],[144.6455,43.6301],[144.6464,43.634],[144.6601,43.6381],[144.666,43.6445],[144.6788,43.6524],[144.683,43.6519],[144.6881,43.6565],[144.6963,43.657],[144.7063,43.6599],[144.7047,43.6681],[144.7074,43.6712],[144.7157,43.6755],[144.7181,43.679],[144.7244,43.6799],[144.7329,43.6841],[144.7342,43.6864],[144.73,43.6978],[144.7303,43.7013],[144.7248,43.7051],[144.7235,43.7098],[144.7255,43.72],[144.722,43.7264],[144.7233,43.7324],[144.7222,43.7396],[144.7202,43.7418],[144.7215,43.7505],[144.7202,43.7582],[144.7225,43.7618],[144.7178,43.7638],[144.7175,43.7659],[144.6546,43.8217],[144.6242,43.8336],[144.6222,43.8554],[144.619,43.8549],[144.6164,43.8834],[144.5573,43.8806],[144.5613,43.8362],[144.5201,43.8338],[144.5208,43.8239],[144.5072,43.8232],[144.5129,43.7586],[144.4983,43.7577],[144.4947,43.7537],[144.4953,43.7475],[144.4936,43.7412],[144.4909,43.7386],[144.4923,43.7242],[144.4902,43.7174],[144.486,43.711],[144.4865,43.7068],[144.4851,43.7048],[144.4879,43.7012],[144.4865,43.698],[144.4877,43.6901],[144.4902,43.6856],[144.4851,43.6818],[144.4846,43.6791],[144.4823,43.679],[144.481,43.6759],[144.486,43.6676],[144.4866,43.6599],[144.4914,43.6598],[144.5058,43.6548],[144.5102,43.6565],[144.5149,43.6529],[144.5169,43.6483],[144.5155,43.6474],[144.5166,43.6443],[144.5209,43.6385],[144.5185,43.6301],[144.5202,43.6267],[144.5244,43.6239],[144.5236,43.6191],[144.5301,43.6151]]]]},"properties":{"zone":13,"name":"清里町"}},{"type":"Feature","geometry":{"type":"MultiPolygon","coordinates":[[[[144.3317,43.7066],[144.3319,43.7049],[144.3376,43.7026],[144.3464,43.7045],[144.3541,43.7016],[144.3694,43.6989],[144.3761,43.6897],[144.379,43.6887],[144.3904,43.6877],[144.4044,43.6909],[144.4109,43.6962],[144.4135,43.6939],[144.4234,43.6966],[144.4367,43.6961],[144.4399,43.6981],[144.4554,43.6906],[144.4586,43.6928],[144.4648,43.6856],[144.4667,43.6875],[144.4721,43.6853],[144.4747,43.6864],[144.4765,43.682],[144.4817,43.6781],[144.4846,43.6791],[144.4851,43.6818],[144.4902,43.6856],[144.4877,43.6901],[144.4865,43.698],[144.4879,43.7012],[144.4851,43.7048],[144.4865,43.7068],[144.486,43.711],[144.4902,43.7174],[144.4923,43.7242],[144.4909,43.7386],[144.4936,43.7412],[144.4953,43.7475],[144.4946,43.7535],[144.4983,43.7577],[144.5129,43.7586],[144.5072,43.8232],[144.5208,43.8239],[144.5201,43.8338],[144.5613,43.8363],[144.5542,43.9213],[144.5897,44.1194],[144.5312,44.1268],[144.5073,44.1111],[144.46,44.0721],[144.4145,44.0405],[144.3923,44.0011],[144.363,43.9558],[144.3598,43.954],[144.3605,43.9505],[144.3629,43.9484],[144.3878,43.9382],[144.4278,43.9312],[144.4292,43.9299],[144.4293,43.9239],[144.4334,43.9179],[144.429,43.9114],[144.4272,43.9039],[144.4286,43.8986],[144.4276,43.8916],[144.4227,43.8862],[144.4222,43.8798],[144.4194,43.8756],[144.4075,43.8661],[144.41,43.8561],[144.4043,43.8536],[144.3989,43.8549],[144.3943,43.8541],[144.3915,43.852],[144.3908,43.8494],[144.3923,43.848],[144.391,43.8463],[144.394,43.8404],[144.3898,43.8373],[144.3873,43.8251],[144.3833,43.8227],[144.3824,43.8184],[144.3885,43.8099],[144.3888,43.8053],[144.3916,43.8002],[144.3876,43.7914],[144.3884,43.7835],[144.3863,43.7722],[144.3794,43.7615],[144.3757,43.7487],[144.3714,43.7435],[144.3708,43.7403],[144.3727,43.7376],[144.3698,43.7328],[144.3699,43.7268],[144.3656,43.7223],[144.3575,43.7202],[144.3387,43.709],[144.3317,43.7066]]]]},"properties":{"zone":13,"name":"小清水町"}},{"type":"Feature","geometry":{"type":"MultiPolygon","coordinates":[[[[143.6257,43.6377],[143.6432,43.6392],[143.6447,43.6368],[143.6555,43.6338],[143.6584,43.6269],[143.6733,43.6299],[143.6795,43.6257],[143.6835,43.6277],[143.6861,43.6318],[143.6926,43.634],[143.6957,43.6397],[143.6987,43.6374],[143.7025,43.6389],[143.7111,43.6353],[143.7185,43.6372],[143.7197,43.6392],[143.7238,43.6406],[143.7297,43.6364],[143.7336,43.6384],[143.736,43.6379],[143.7394,43.6334],[143.7403,43.6192],[143.7455,43.6173],[143.7511,43.6188],[143.7598,43.6163],[143.7666,43.6184],[143.7682,43.6203],[143.7679,43.6229],[143.7736,43.6226],[143.7787,43.6261],[143.7793,43.6315],[143.7757,43.6331],[143.7784,43.6342],[143.7784,43.6363],[143.7805,43.6377],[143.7789,43.643],[143.7851,43.6441],[143.7874,43.6406],[143.7911,43.6398],[143.7973,43.6459],[143.8048,43.6477],[143.8202,43.6456],[143.8225,43.647],[143.824,43.652],[143.8279,43.6522],[143.8316,43.6557],[143.8325,43.6579],[143.8312,43.662],[143.8342,43.6638],[143.8261,43.6694],[143.8218,43.6689],[143.8165,43.6719],[143.8104,43.6718],[143.8057,43.6788],[143.8071,43.6813],[143.8018,43.6837],[143.8023,43.6873],[143.7913,43.6924],[143.7888,43.6952],[143.7986,43.717],[143.7983,43.7194],[143.8034,43.7273],[143.7962,43.7838],[143.6986,43.7775],[143.6969,43.7752],[143.6911,43.7754],[143.6882,43.7727],[143.6858,43.773],[143.6857,43.7715],[143.6825,43.7699],[143.6722,43.7706],[143.6652,43.7754],[143.6584,43.775],[143.665,43.7245],[143.6718,43.7249],[143.6724,43.7211],[143.6739,43.7079],[143.665,43.7062],[143.6669,43.6946],[143.6729,43.6904],[143.6713,43.6894],[143.6768,43.6844],[143.6729,43.6824],[143.6752,43.6798],[143.6696,43.6772],[143.6745,43.6714],[143.6688,43.6681],[143.6638,43.6675],[143.6549,43.6618],[143.6413,43.6595],[143.6385,43.6612],[143.6382,43.6573],[143.6357,43.6554],[143.6316,43.6551],[143.6168,43.6431],[143.6257,43.6377]]]]},"properties":{"zone":13,"name":"訓子府町"}},{"type":"Feature","geometry":{"type":"MultiPolygon","coordinates":[[[[143.2355,43.5512],[143.247,43.5541],[143.2506,43.5568],[143.2541,43.5557],[143.2615,43.5593],[143.2698,43.5537],[143.2806,43.5533],[143.2836,43.551],[143.2918,43.5501],[143.2981,43.5468],[143.3028,43.5465],[143.3167,43.5475],[143.3339,43.5577],[143.3355,43.5537],[143.3391,43.5502],[143.343,43.5517],[143.3486,43.5511],[143.3569,43.5465],[143.3618,43.5482],[143.3625,43.5501],[143.3722,43.5491],[143.3738,43.5522],[143.3756,43.5521],[143.3851,43.549],[143.39,43.5445],[143.3957,43.5473],[143.4032,43.5451],[143.4092,43.541],[143.4096,43.5385],[143.4149,43.5342],[143.4194,43.5333],[143.424,43.5287],[143.4252,43.5247],[143.4303,43.5221],[143.4366,43.5214],[143.4377,43.5196],[143.4414,43.5187],[143.4434,43.5152],[143.4492,43.5125],[143.4637,43.5082],[143.4656,43.5142],[143.4709,43.5209],[143.4706,43.526],[143.4723,43.5293],[143.4826,43.5327],[143.4893,43.5408],[143.496,43.5445],[143.4986,43.5505],[143.5028,43.5474],[143.5144,43.5464],[143.5194,43.5479],[143.5183,43.5512],[143.5193,43.5538],[143.5246,43.5615],[143.53,43.5659],[143.5275,43.5705],[143.5293,43.5739],[143.5282,43.5781],[143.5343,43.5823],[143.5335,43.5882],[143.5416,43.5967],[143.5481,43.5993],[143.5522,43.597],[143.5704,43.5946],[143.5897,43.6035],[143.6025,43.6029],[143.6173,43.606],[143.6187,43.6124],[143.6321,43.6225],[143.6304,43.6276],[143.6263,43.6327],[143.6252,43.6386],[143.6175,43.6419],[143.6171,43.6435],[143.6316,43.6551],[143.6357,43.6554],[143.6382,43.6573],[143.6385,43.6612],[143.6413,43.6595],[143.6549,43.6618],[143.6638,43.6675],[143.6688,43.6681],[143.6745,43.6714],[143.6696,43.6772],[143.6752,43.6798],[143.6729,43.6824],[143.6768,43.6844],[143.6713,43.6894],[143.6729,43.6904],[143.6669,43.6946],[143.665,43.7062],[143.6739,43.7079],[143.6724,43.7211],[143.6718,43.7249],[143.665,43.7245],[143.6584,43.7741],[143.6595,43.7759],[143.6254,43.7577],[143.6152,43.7587],[143.61,43.756],[143.606,43.7599],[143.5868,43.7621],[143.5468,43.741],[143.5419,43.7434],[143.5344,43.7445],[143.5324,43.741],[143.5282,43.7391],[143.5298,43.7306],[143.5264,43.7278],[143.5277,43.7219],[143.5221,43.7119],[143.5267,43.7072],[143.5257,43.7061],[143.508,43.7051],[143.492,43.6988],[143.4736,43.7009],[143.4589,43.6992],[143.4539,43.6972],[143.4524,43.6928],[143.4364,43.6938],[143.4332,43.6927],[143.4296,43.6881],[143.4314,43.6832],[143.4278,43.6794],[143.4309,43.6765],[143.4254,43.6724],[143.4261,43.6687],[143.422,43.6646],[143.4107,43.6675],[143.4034,43.6741],[143.4042,43.6708],[143.4021,43.6661],[143.3936,43.661],[143.39,43.6554],[143.3836,43.654],[143.3778,43.6558],[143.3769,43.6514],[143.3741,43.648],[143.3679,43.6451],[143.3541,43.6426],[143.3513,43.6379],[143.3481,43.6379],[143.3464,43.6406],[143.3378,43.6408],[143.3361,43.6452],[143.3298,43.6438],[143.3175,43.6448],[143.3017,43.6519],[143.2931,43.6537],[143.2819,43.6516],[143.2734,43.6463],[143.2632,43.6477],[143.2577,43.6461],[143.2549,43.6401],[143.2294,43.6408],[143.2088,43.6302],[143.1882,43.6245],[143.1801,43.6128],[143.1814,43.6107],[143.1846,43.6113],[143.1872,43.6076],[143.181,43.603],[143.1745,43.601],[143.173,43.5949],[143.176,43.5913],[143.1796,43.5905],[143.1809,43.5878],[143.1852,43.5865],[143.1835,43.5825],[143.1942,43.5847],[143.2008,43.583],[143.2046,43.5851],[143.2079,43.5845],[143.2132,43.5753],[143.226,43.5749],[143.2279,43.5723],[143.2239,43.5686],[143.2242,43.5637],[143.2259,43.5622],[143.2235,43.5568],[143.2355,43.5512]]]]},"properties":{"zone":13,"name":"置戸町"}},{"type":"Feature","geometry":{"type":"MultiPolygon","coordinates":[[[[144.3317,43.7066],[144.3684,43.7246],[144.37,43.7271],[144.3699,43.7333],[144.3727,43.7373],[144.3708,43.7403],[144.3714,43.7437],[144.3757,43.7487],[144.3794,43.7615],[144.3863,43.7723],[144.388,43.7829],[144.383,43.7816],[144.3749,43.7765],[144.3764,43.7827],[144.3818,43.7868],[144.3836,43.791],[144.3808,43.7942],[144.3782,43.8021],[144.3694,43.815],[144.3646,43.827],[144.3666,43.8407],[144.3823,43.8445],[144.3748,43.8611],[144.3725,43.8618],[144.3778,43.8711],[144.3013,43.8941],[144.2962,43.8852],[144.2999,43.884],[144.3047,43.8733],[144.2919,43.8704],[144.2872,43.8746],[144.2626,43.8691],[144.2559,43.8832],[144.2442,43.9015],[144.239,43.9031],[144.2414,43.9076],[144.2377,43.9087],[144.2353,43.9183],[144.2321,43.9204],[144.2297,43.925],[144.2234,43.9292],[144.2235,43.934],[144.2132,43.9375],[144.2112,43.9409],[144.2094,43.9409],[144.2077,43.9481],[144.211,43.9502],[144.2106,43.9518],[144.2078,43.9544],[144.2051,43.9535],[144.2,43.9599],[144.1732,43.968],[144.1266,43.9372],[144.1259,43.9328],[144.1183,43.9338],[144.115,43.9362],[144.1032,43.939],[144.0959,43.9394],[144.0908,43.9438],[144.089,43.9394],[144.0819,43.9392],[144.0808,43.9372],[144.0751,43.9359],[144.0663,43.9228],[144.0635,43.9217],[144.0617,43.9141],[144.0637,43.9124],[144.0608,43.9085],[144.062,43.9065],[144.0585,43.9062],[144.0466,43.8939],[144.0485,43.89],[144.0524,43.8878],[144.0553,43.8889],[144.0577,43.8874],[144.0586,43.8892],[144.0657,43.8893],[144.0677,43.8926],[144.0704,43.8935],[144.0752,43.8874],[144.0833,43.8851],[144.0862,43.8786],[144.0858,43.8748],[144.0941,43.8649],[144.0926,43.8593],[144.0961,43.8572],[144.1032,43.8573],[144.1056,43.856],[144.1111,43.8574],[144.1157,43.863],[144.1229,43.8662],[144.127,43.8707],[144.1298,43.871],[144.1312,43.8741],[144.1913,43.8555],[144.191,43.8525],[144.184,43.8461],[144.1862,43.843],[144.1944,43.8403],[144.1971,43.8338],[144.2058,43.8268],[144.2125,43.8257],[144.2169,43.8223],[144.217,43.8181],[144.2141,43.8146],[144.2195,43.8012],[144.2223,43.7999],[144.2253,43.8019],[144.2335,43.8016],[144.2361,43.7998],[144.2363,43.7911],[144.2341,43.7864],[144.2378,43.7825],[144.2404,43.7825],[144.2457,43.7747],[144.2487,43.7661],[144.2463,43.7578],[144.247,43.7472],[144.2532,43.7333],[144.253,43.7309],[144.2615,43.7201],[144.2629,43.7154],[144.2734,43.7085],[144.281,43.7071],[144.3116,43.7053],[144.3158,43.7083],[144.321,43.7093],[144.3256,43.7079],[144.3285,43.709],[144.3317,43.7066]]]]},"properties":{"zone":13,"name":"大空町"}}]}